-- --------------------------------------------------------
-- Host:                         151.243.222.93
-- Server version:               10.5.29-MariaDB-0+deb11u1 - Debian 11
-- Server OS:                    debian-linux-gnu
-- HeidiSQL Version:             12.8.0.6908
-- --------------------------------------------------------

/*!40101 SET @OLD_CHARACTER_SET_CLIENT=@@CHARACTER_SET_CLIENT */;
/*!40101 SET NAMES utf8 */;
/*!50503 SET NAMES utf8mb4 */;
/*!40103 SET @OLD_TIME_ZONE=@@TIME_ZONE */;
/*!40103 SET TIME_ZONE='+00:00' */;
/*!40014 SET @OLD_FOREIGN_KEY_CHECKS=@@FOREIGN_KEY_CHECKS, FOREIGN_KEY_CHECKS=0 */;
/*!40101 SET @OLD_SQL_MODE=@@SQL_MODE, SQL_MODE='NO_AUTO_VALUE_ON_ZERO' */;
/*!40111 SET @OLD_SQL_NOTES=@@SQL_NOTES, SQL_NOTES=0 */;


-- Dumping database structure for archeryhub
CREATE DATABASE IF NOT EXISTS `archeryhub` /*!40100 DEFAULT CHARACTER SET latin1 COLLATE latin1_swedish_ci */;
USE `archeryhub`;

-- Dumping structure for table archeryhub.activity_logs
CREATE TABLE IF NOT EXISTS `activity_logs` (
  `id` varchar(36) NOT NULL,
  `user_id` varchar(36) DEFAULT NULL,
  `event_id` varchar(36) DEFAULT NULL,
  `action` varchar(50) NOT NULL,
  `entity_type` varchar(50) DEFAULT NULL,
  `entity_id` varchar(36) DEFAULT NULL,
  `description` text DEFAULT NULL,
  `ip_address` varchar(45) DEFAULT NULL,
  `user_agent` text DEFAULT NULL,
  `created_at` timestamp NOT NULL DEFAULT current_timestamp(),
  PRIMARY KEY (`id`),
  KEY `idx_user` (`user_id`),
  KEY `idx_event` (`event_id`),
  KEY `idx_action` (`action`),
  KEY `idx_created` (`created_at`),
  CONSTRAINT `activity_logs_ibfk_1` FOREIGN KEY (`user_id`) REFERENCES `archers` (`uuid`) ON DELETE SET NULL,
  CONSTRAINT `activity_logs_ibfk_2` FOREIGN KEY (`event_id`) REFERENCES `events` (`uuid`) ON DELETE CASCADE
) ENGINE=InnoDB DEFAULT CHARSET=utf8mb4 COLLATE=utf8mb4_unicode_ci;

-- Dumping data for table archeryhub.activity_logs: ~27 rows (approximately)
INSERT INTO `activity_logs` (`id`, `user_id`, `event_id`, `action`, `entity_type`, `entity_id`, `description`, `ip_address`, `user_agent`, `created_at`) VALUES
	('0a1ef16e-2bbc-453f-be67-88a29c838062', '08bdfd94-610a-4170-944a-13f902141721', NULL, 'user_logged_in', 'archer', '08bdfd94-610a-4170-944a-13f902141721', 'User logged in: ahmad_sulaiman_1', '::1', 'Mozilla/5.0 (Windows NT 10.0; Win64; x64) AppleWebKit/537.36 (KHTML, like Gecko) Chrome/144.0.0.0 Safari/537.36', '2026-01-24 15:03:05'),
	('28881152-18df-4364-bfa5-1fc2982bf354', '0da70d11-8fb7-4bf4-8ae4-97caadfb6ed2', 'f9272ae0-f76f-11f0-87db-c3c8a1ce2650', 'participant_registered', 'event_participant', '65ccc306-25c6-4e00-aed6-ad2bc9f9825c', 'Registered participant for event category: 0748ddc4-f832-11f0-87db-c3c8a1ce2650', '::1', 'Mozilla/5.0 (Windows NT 10.0; Win64; x64) AppleWebKit/537.36 (KHTML, like Gecko) Chrome/144.0.0.0 Safari/537.36', '2026-01-23 12:03:33'),
	('3177a7af-1e11-4326-8d04-dcc128887c93', '6d60bf4f-d463-488d-9335-4d99a94695b6', NULL, 'user_logged_in', 'archer', '6d60bf4f-d463-488d-9335-4d99a94695b6', 'User logged in: laras_ati_12', '182.2.79.214', 'Mozilla/5.0 (Macintosh; Intel Mac OS X 10_15_7) AppleWebKit/537.36 (KHTML, like Gecko) Chrome/144.0.0.0 Safari/537.36 Edg/144.0.0.0', '2026-01-27 12:28:03'),
	('3a58d045-11e2-4520-a874-faaf0c2d66c0', '08bdfd94-610a-4170-944a-13f902141721', NULL, 'user_logged_in', 'archer', '08bdfd94-610a-4170-944a-13f902141721', 'User logged in: ahmad_sulaiman_1', '::1', 'Mozilla/5.0 (Windows NT 10.0; Win64; x64) AppleWebKit/537.36 (KHTML, like Gecko) Chrome/144.0.0.0 Safari/537.36', '2026-01-27 14:57:19'),
	('43604df6-be63-4d9d-9582-68ff5244c44d', '0da70d11-8fb7-4bf4-8ae4-97caadfb6ed2', NULL, 'user_registered', 'archer', '0da70d11-8fb7-4bf4-8ae4-97caadfb6ed2', 'User registered via Google: iniasya1@gmail.com', '::1', 'Mozilla/5.0 (Windows NT 10.0; Win64; x64) AppleWebKit/537.36 (KHTML, like Gecko) Chrome/143.0.0.0 Safari/537.36', '2026-01-21 05:43:26'),
	('5cb72b52-ea05-4b53-86d4-fc318198813b', '0da70d11-8fb7-4bf4-8ae4-97caadfb6ed2', NULL, 'user_logged_in', 'archer', '0da70d11-8fb7-4bf4-8ae4-97caadfb6ed2', 'User logged in via Google', '::1', 'Mozilla/5.0 (Windows NT 10.0; Win64; x64) AppleWebKit/537.36 (KHTML, like Gecko) Chrome/143.0.0.0 Safari/537.36', '2026-01-21 05:43:26'),
	('62e47146-36fb-49a6-a1be-14742e72abcd', '8d22cac0-cee6-42db-888f-b634c8e921b5', NULL, 'user_logged_in', 'archer', '8d22cac0-cee6-42db-888f-b634c8e921b5', 'User logged in via Google', '::1', 'Mozilla/5.0 (Windows NT 10.0; Win64; x64) AppleWebKit/537.36 (KHTML, like Gecko) Chrome/143.0.0.0 Safari/537.36', '2026-01-21 05:49:11'),
	('68bb233a-11fb-408c-a24b-d784d3280cdf', 'bd878d34-de5b-461f-949b-0498924c9ccc', NULL, 'user_logged_in', 'archer', 'bd878d34-de5b-461f-949b-0498924c9ccc', 'User logged in: barebow_archer_19', '2400:9800:6036:139c:d6a:cb52:1369:cf46', 'Mozilla/5.0 (Macintosh; Intel Mac OS X 10_15_7) AppleWebKit/537.36 (KHTML, like Gecko) Chrome/144.0.0.0 Safari/537.36 Edg/144.0.0.0', '2026-01-24 11:04:09'),
	('79165a39-eff2-44da-b33f-8567bc19e53e', '0da70d11-8fb7-4bf4-8ae4-97caadfb6ed2', NULL, 'user_logged_in', 'archer', '0da70d11-8fb7-4bf4-8ae4-97caadfb6ed2', 'User logged in: iniasya1', '::1', 'Mozilla/5.0 (Windows NT 10.0; Win64; x64) AppleWebKit/537.36 (KHTML, like Gecko) Chrome/144.0.0.0 Safari/537.36', '2026-01-22 02:42:35'),
	('79ab7545-dbda-44cd-bbff-a28edc4008b8', '0da70d11-8fb7-4bf4-8ae4-97caadfb6ed2', 'f9272ae0-f76f-11f0-87db-c3c8a1ce2650', 'participant_registered', 'event_participant', '6081a089-b530-4b39-97d8-aae1496d4352', 'Registered participant for event category: 0748dc7a-f832-11f0-87db-c3c8a1ce2650', '::1', 'Mozilla/5.0 (Windows NT 10.0; Win64; x64) AppleWebKit/537.36 (KHTML, like Gecko) Chrome/144.0.0.0 Safari/537.36', '2026-01-23 12:06:23'),
	('7ec79d29-5854-4f40-bdbf-15ff792b1660', NULL, NULL, 'user_logged_in', 'archer', '835f1598-4551-425d-b82f-af097ce0f56c', 'User logged in via Google', '::1', 'Mozilla/5.0 (Windows NT 10.0; Win64; x64) AppleWebKit/537.36 (KHTML, like Gecko) Chrome/143.0.0.0 Safari/537.36', '2026-01-21 04:16:00'),
	('7fcd45c9-474c-41fc-80f6-4b959918fb7e', '0da70d11-8fb7-4bf4-8ae4-97caadfb6ed2', NULL, 'user_logged_in', 'archer', '0da70d11-8fb7-4bf4-8ae4-97caadfb6ed2', 'User logged in via Google', '140.213.190.104', 'Mozilla/5.0 (Windows NT 10.0; Win64; x64) AppleWebKit/537.36 (KHTML, like Gecko) Chrome/144.0.0.0 Safari/537.36', '2026-01-21 10:05:56'),
	('80a1ab01-939d-4a49-8931-39ade2851849', '1f5f897a-f85f-11f0-87db-c3c8a1ce2650', NULL, 'user_logged_in', 'archer', '1f5f897a-f85f-11f0-87db-c3c8a1ce2650', 'User logged in: budi_santoso', '::1', 'Mozilla/5.0 (Windows NT 10.0; Win64; x64) AppleWebKit/537.36 (KHTML, like Gecko) Chrome/144.0.0.0 Safari/537.36', '2026-01-24 14:15:44'),
	('a2c3e20b-cdb3-46d4-b177-3a3bd4817c9a', NULL, NULL, 'user_logged_in', 'archer', '835f1598-4551-425d-b82f-af097ce0f56c', 'User logged in via Google', '::1', 'Mozilla/5.0 (Windows NT 10.0; Win64; x64) AppleWebKit/537.36 (KHTML, like Gecko) Chrome/143.0.0.0 Safari/537.36', '2026-01-21 04:14:49'),
	('a392b5b7-e804-4a58-a8b5-ae09ba5cc5a9', '1f5f9380-f85f-11f0-87db-c3c8a1ce2650', 'f9272ae0-f76f-11f0-87db-c3c8a1ce2650', 'participant_registered', 'event_participant', 'e92a6d84-25b2-40ba-8e83-085d4a3f50a8', 'Registered participant for event category: 0748ddc4-f832-11f0-87db-c3c8a1ce2650', '2400:9800:6036:139c:d6a:cb52:1369:cf46', 'Mozilla/5.0 (Macintosh; Intel Mac OS X 10_15_7) AppleWebKit/537.36 (KHTML, like Gecko) Chrome/144.0.0.0 Safari/537.36 Edg/144.0.0.0', '2026-01-24 10:39:31'),
	('a515591c-968c-4f92-9882-a20f7061c919', '8d22cac0-cee6-42db-888f-b634c8e921b5', NULL, 'user_logged_in', 'archer', '8d22cac0-cee6-42db-888f-b634c8e921b5', 'User logged in via Google', '::1', 'Mozilla/5.0 (Windows NT 10.0; Win64; x64) AppleWebKit/537.36 (KHTML, like Gecko) Chrome/143.0.0.0 Safari/537.36', '2026-01-21 06:59:18'),
	('a718322d-bcb1-40ae-aaa5-46d77d054d17', '0da70d11-8fb7-4bf4-8ae4-97caadfb6ed2', NULL, 'user_logged_in', 'archer', '0da70d11-8fb7-4bf4-8ae4-97caadfb6ed2', 'User logged in: iniasya1', '2400:9800:6036:139c:d6a:cb52:1369:cf46', 'Mozilla/5.0 (Macintosh; Intel Mac OS X 10_15_7) AppleWebKit/537.36 (KHTML, like Gecko) Chrome/144.0.0.0 Safari/537.36 Edg/144.0.0.0', '2026-01-24 11:30:24'),
	('afee7ac8-737e-47d9-bb7e-4aa056e5ba2c', '08bdfd94-610a-4170-944a-13f902141721', NULL, 'user_logged_in', 'archer', '08bdfd94-610a-4170-944a-13f902141721', 'User logged in: ahmad_sulaiman_1', '::1', 'Mozilla/5.0 (Windows NT 10.0; Win64; x64) AppleWebKit/537.36 (KHTML, like Gecko) Chrome/144.0.0.0 Safari/537.36', '2026-01-25 02:14:44'),
	('b232b535-5ce6-4d8d-81ca-66a64ac6556e', '08bdfd94-610a-4170-944a-13f902141721', NULL, 'user_logged_in', 'archer', '08bdfd94-610a-4170-944a-13f902141721', 'User logged in: ahmad_sulaiman_1', '::1', 'Mozilla/5.0 (Windows NT 10.0; Win64; x64) AppleWebKit/537.36 (KHTML, like Gecko) Chrome/144.0.0.0 Safari/537.36', '2026-01-28 11:14:48'),
	('bc0acec6-a497-412f-a0c1-a4df6ff5ee5d', NULL, NULL, 'user_registered', 'archer', '835f1598-4551-425d-b82f-af097ce0f56c', 'User registered via Google: ichsanfadhil67@gmail.com', '::1', 'Mozilla/5.0 (Windows NT 10.0; Win64; x64) AppleWebKit/537.36 (KHTML, like Gecko) Chrome/143.0.0.0 Safari/537.36', '2026-01-21 04:14:49'),
	('cb1cdc19-f12a-489b-8f2d-23f374bb5d09', '1f5f9380-f85f-11f0-87db-c3c8a1ce2650', NULL, 'user_logged_in', 'archer', '1f5f9380-f85f-11f0-87db-c3c8a1ce2650', 'User logged in: umi_sari', '2400:9800:6036:139c:d6a:cb52:1369:cf46', 'Mozilla/5.0 (Macintosh; Intel Mac OS X 10_15_7) AppleWebKit/537.36 (KHTML, like Gecko) Chrome/144.0.0.0 Safari/537.36 Edg/144.0.0.0', '2026-01-24 10:37:49'),
	('ccff8f4a-b16f-445b-83de-1a4b1bcf6d1e', '08bdfd94-610a-4170-944a-13f902141721', NULL, 'user_logged_in', 'archer', '08bdfd94-610a-4170-944a-13f902141721', 'User logged in: ahmad_sulaiman_1', '::1', 'Mozilla/5.0 (Windows NT 10.0; Win64; x64) AppleWebKit/537.36 (KHTML, like Gecko) Chrome/144.0.0.0 Safari/537.36', '2026-01-28 13:13:33'),
	('ce47853a-390f-4a3c-ae55-d7a8069dde8e', '0da70d11-8fb7-4bf4-8ae4-97caadfb6ed2', NULL, 'user_logged_in', 'archer', '0da70d11-8fb7-4bf4-8ae4-97caadfb6ed2', 'User logged in: iniasya1', '::1', 'Mozilla/5.0 (Windows NT 10.0; Win64; x64) AppleWebKit/537.36 (KHTML, like Gecko) Chrome/144.0.0.0 Safari/537.36', '2026-01-22 01:47:52'),
	('d5067f2d-87bd-4f24-a053-130278bccf95', NULL, NULL, 'user_logged_in', 'archer', '3aea01f4-7795-4413-b9e1-bf497b5c822a', 'User logged in via Google', '::1', 'Mozilla/5.0 (Windows NT 10.0; Win64; x64) AppleWebKit/537.36 (KHTML, like Gecko) Chrome/143.0.0.0 Safari/537.36', '2026-01-21 04:18:51'),
	('dfb9075f-c7be-4b3b-accb-56d31f1b53cf', NULL, NULL, 'user_registered', 'archer', '3aea01f4-7795-4413-b9e1-bf497b5c822a', 'User registered via Google: ngekode24@gmail.com', '::1', 'Mozilla/5.0 (Windows NT 10.0; Win64; x64) AppleWebKit/537.36 (KHTML, like Gecko) Chrome/143.0.0.0 Safari/537.36', '2026-01-21 04:18:51'),
	('e38f5b37-a4f7-4809-a884-8516b664e864', '8d22cac0-cee6-42db-888f-b634c8e921b5', NULL, 'user_registered', 'archer', '8d22cac0-cee6-42db-888f-b634c8e921b5', 'User registered via Google: rekusameno@gmail.com', '::1', 'Mozilla/5.0 (Windows NT 10.0; Win64; x64) AppleWebKit/537.36 (KHTML, like Gecko) Chrome/143.0.0.0 Safari/537.36', '2026-01-21 05:42:29'),
	('e745f879-3527-406f-91a0-876ffa2ab2b0', '0da70d11-8fb7-4bf4-8ae4-97caadfb6ed2', NULL, 'user_logged_in', 'archer', '0da70d11-8fb7-4bf4-8ae4-97caadfb6ed2', 'User logged in: iniasya1', '::1', 'Mozilla/5.0 (Windows NT 10.0; Win64; x64) AppleWebKit/537.36 (KHTML, like Gecko) Chrome/144.0.0.0 Safari/537.36', '2026-01-23 11:38:04'),
	('ed1b8b8c-91a2-4932-a139-cbff9c301a68', '8d22cac0-cee6-42db-888f-b634c8e921b5', NULL, 'user_logged_in', 'archer', '8d22cac0-cee6-42db-888f-b634c8e921b5', 'User logged in via Google', '::1', 'Mozilla/5.0 (Windows NT 10.0; Win64; x64) AppleWebKit/537.36 (KHTML, like Gecko) Chrome/143.0.0.0 Safari/537.36', '2026-01-21 05:42:29'),
	('efac74f9-bf1f-4866-9f7d-4ad344ab9158', '5854cf7c-5cb6-4015-8eac-5d7df0a85d23', NULL, 'user_logged_in', 'archer', '5854cf7c-5cb6-4015-8eac-5d7df0a85d23', 'User logged in: barebow_archer_13', '2400:9800:6036:139c:d6a:cb52:1369:cf46', 'Mozilla/5.0 (Macintosh; Intel Mac OS X 10_15_7) AppleWebKit/537.36 (KHTML, like Gecko) Chrome/144.0.0.0 Safari/537.36 Edg/144.0.0.0', '2026-01-24 11:02:01');

-- Dumping structure for table archeryhub.archers
CREATE TABLE IF NOT EXISTS `archers` (
  `uuid` varchar(36) NOT NULL,
  `username` varchar(50) DEFAULT NULL,
  `slug` varchar(100) DEFAULT NULL,
  `email` varchar(100) DEFAULT NULL,
  `google_id` varchar(100) DEFAULT NULL,
  `avatar_url` varchar(255) DEFAULT NULL,
  `bio` text DEFAULT NULL,
  `password` varchar(255) DEFAULT NULL,
  `user_id` varchar(36) DEFAULT NULL,
  `full_name` varchar(255) NOT NULL,
  `nickname` varchar(100) DEFAULT NULL,
  `date_of_birth` date DEFAULT NULL,
  `gender` enum('male','female') DEFAULT 'male',
  `country` varchar(3) DEFAULT NULL,
  `phone` varchar(20) DEFAULT NULL,
  `address` mediumtext DEFAULT NULL,
  `city` varchar(100) DEFAULT NULL,
  `province` varchar(100) DEFAULT NULL,
  `bow_type` enum('recurve','compound','barebow','traditional') DEFAULT 'recurve',
  `club_id` varchar(36) DEFAULT NULL,
  `achievements` mediumtext DEFAULT NULL,
  `status` enum('active','inactive','suspended') DEFAULT 'active',
  `created_at` timestamp NOT NULL DEFAULT current_timestamp(),
  `updated_at` timestamp NOT NULL DEFAULT current_timestamp() ON UPDATE current_timestamp(),
  PRIMARY KEY (`uuid`),
  UNIQUE KEY `idx_archers_email` (`email`),
  UNIQUE KEY `idx_archers_username` (`username`),
  UNIQUE KEY `idx_archers_slug` (`slug`),
  KEY `idx_user_id` (`user_id`),
  KEY `idx_club_id` (`club_id`),
  KEY `idx_bow_type` (`bow_type`)
) ENGINE=InnoDB DEFAULT CHARSET=utf8mb4 COLLATE=utf8mb4_unicode_ci;

-- Dumping data for table archeryhub.archers: ~180 rows (approximately)
INSERT INTO `archers` (`uuid`, `username`, `slug`, `email`, `google_id`, `avatar_url`, `bio`, `password`, `user_id`, `full_name`, `nickname`, `date_of_birth`, `gender`, `country`, `phone`, `address`, `city`, `province`, `bow_type`, `club_id`, `achievements`, `status`, `created_at`, `updated_at`) VALUES
	('02bd34db-384e-461a-926f-529c09801252', 'farhan.maulana02bd34db', 'farhan-maulana-02bd34db', 'barebow_archer_10@example.com', NULL, '25.jpg', 'Pemanah aktif dari Jakarta, DKI Jakarta. Bergabung dengan komunitas panahan Indonesia.', '12345', NULL, 'Farhan Maulana', 'Farhan', '1990-01-01', 'male', 'IDN', '08123456789', 'Jl. Panahan No. 15', 'Jakarta', 'DKI Jakarta', 'recurve', '9a1fb782-fb5a-11f0-87db-c3c8a1ce2650', 'Aktif berpartisipasi dalam berbagai turnamen panahan.', 'active', '2026-01-23 14:01:50', '2026-01-28 10:36:19'),
	('08bdfd94-610a-4170-944a-13f902141721', 'ahmad_sulaiman_1', 'ahmad-sulaiman-08bdfd94', 'ahmad_sulaiman_1@example.com', NULL, '31.jpg', 'Pemanah aktif dari Jakarta, DKI Jakarta. Bergabung dengan komunitas panahan Indonesia.', '12345', NULL, 'Ahmad Sulaiman', 'Ahmad', '1997-07-10', 'male', 'IDN', '08123456701', 'Jl. Archery No. 1, Jakarta', 'Jakarta', 'DKI Jakarta', 'recurve', '9a1fb782-fb5a-11f0-87db-c3c8a1ce2650', 'Aktif berpartisipasi dalam berbagai turnamen panahan.', 'active', '2026-01-23 13:48:54', '2026-01-28 10:36:19'),
	('0da70d11-8fb7-4bf4-8ae4-97caadfb6ed2', 'muhammad.ichsanul0da70d11', 'muhammad-ichsanul-fadhil', 'iniasya1@gmail.com', '110028875946359193685', '80.jpg', 'Pemanah aktif dari Jakarta, DKI Jakarta. Bergabung dengan komunitas panahan Indonesia.', '12345', NULL, 'Muhammad Ichsanul Fadhil', 'Muhammad', '1990-01-01', 'male', 'IDN', '081234567890', 'Jakarta, Indonesia', 'Jakarta', 'DKI Jakarta', 'recurve', '9a1fb782-fb5a-11f0-87db-c3c8a1ce2650', 'Aktif berpartisipasi dalam berbagai turnamen panahan.', 'active', '2026-01-21 05:43:26', '2026-01-28 10:36:19'),
	('1425c4ea-32da-4674-aa6b-df6e11cc492b', 'eko.prasetyo1425c4ea', 'eko-prasetyo-1425c4ea', 'barebow_archer_9@example.com', NULL, '10.jpg', 'Pemanah aktif dari Jakarta, DKI Jakarta. Bergabung dengan komunitas panahan Indonesia.', '12345', NULL, 'Eko Prasetyo', 'Eko', '1990-01-01', 'male', 'IDN', '08123456789', 'Jl. Panahan No. 14', 'Jakarta', 'DKI Jakarta', 'recurve', '9a1fb782-fb5a-11f0-87db-c3c8a1ce2650', 'Aktif berpartisipasi dalam berbagai turnamen panahan.', 'active', '2026-01-23 14:01:50', '2026-01-28 10:36:19'),
	('1f5f897a-f85f-11f0-87db-c3c8a1ce2650', 'budi_santoso', 'budi-santoso', 'budi.santoso@example.com', NULL, '9.jpg', 'Pemanah aktif dari Jakarta, DKI Jakarta. Bergabung dengan komunitas panahan Indonesia.', '12345', NULL, 'Budi Santoso', 'Budi', '1992-05-15', 'male', 'IDN', '081234567001', 'Jl. Merdeka No. 101', 'Jakarta', 'DKI Jakarta', 'barebow', '9a1fb8f4-fb5a-11f0-87db-c3c8a1ce2650', 'Aktif berpartisipasi dalam berbagai turnamen panahan.', 'active', '2026-01-23 13:26:30', '2026-01-28 10:36:19'),
	('1f5f8cfe-f85f-11f0-87db-c3c8a1ce2650', 'andi_wijaya', 'andi-wijaya', 'andi.wijaya@example.com', NULL, '18.jpg', 'Pemanah aktif dari Jakarta, DKI Jakarta. Bergabung dengan komunitas panahan Indonesia.', '12345', NULL, 'Andi Wijaya', 'Andi', '1993-08-20', 'male', 'IDN', '081234567002', 'Jl. Sudirman No. 202', 'Jakarta', 'DKI Jakarta', 'barebow', '9a1fb8f4-fb5a-11f0-87db-c3c8a1ce2650', 'Aktif berpartisipasi dalam berbagai turnamen panahan.', 'active', '2026-01-23 13:26:30', '2026-01-28 10:36:19'),
	('1f5f8de7-f85f-11f0-87db-c3c8a1ce2650', 'doni_prasetyo', 'doni-prasetyo', 'doni.prasetyo@example.com', NULL, '62.jpg', 'Pemanah aktif dari Jakarta, DKI Jakarta. Bergabung dengan komunitas panahan Indonesia.', '12345', NULL, 'Doni Prasetyo', 'Doni', '1991-03-10', 'male', 'IDN', '081234567003', 'Jl. Thamrin No. 303', 'Jakarta', 'DKI Jakarta', 'barebow', '9a1fb8f4-fb5a-11f0-87db-c3c8a1ce2650', 'Aktif berpartisipasi dalam berbagai turnamen panahan.', 'active', '2026-01-23 13:26:30', '2026-01-28 10:36:19'),
	('1f5f8f19-f85f-11f0-87db-c3c8a1ce2650', 'eri_kurniawan', 'eri-kurniawan', 'eri.kurniawan@example.com', NULL, '57.jpg', 'Pemanah aktif dari Jakarta, DKI Jakarta. Bergabung dengan komunitas panahan Indonesia.', '12345', NULL, 'Eri Kurniawan', 'Eri', '1994-11-25', 'male', 'IDN', '081234567004', 'Jl. Gatot Subroto No. 404', 'Jakarta', 'DKI Jakarta', 'barebow', '9a1fb8f4-fb5a-11f0-87db-c3c8a1ce2650', 'Aktif berpartisipasi dalam berbagai turnamen panahan.', 'active', '2026-01-23 13:26:30', '2026-01-28 10:36:19'),
	('1f5f8fe7-f85f-11f0-87db-c3c8a1ce2650', 'fajar_hidayat', 'fajar-hidayat', 'fajar.hidayat@example.com', NULL, '97.jpg', 'Pemanah aktif dari Jakarta, DKI Jakarta. Bergabung dengan komunitas panahan Indonesia.', '12345', NULL, 'Fajar Hidayat', 'Fajar', '1990-07-18', 'male', 'IDN', '081234567005', 'Jl. Hayam Wuruk No. 505', 'Jakarta', 'DKI Jakarta', 'barebow', '9a1fb8f4-fb5a-11f0-87db-c3c8a1ce2650', 'Aktif berpartisipasi dalam berbagai turnamen panahan.', 'active', '2026-01-23 13:26:30', '2026-01-28 10:36:19'),
	('1f5f90ab-f85f-11f0-87db-c3c8a1ce2650', 'guntur_maulana', 'guntur-maulana', 'guntur.maulana@example.com', NULL, '17.jpg', 'Pemanah aktif dari Jakarta, DKI Jakarta. Bergabung dengan komunitas panahan Indonesia.', '12345', NULL, 'Guntur Maulana', 'Guntur', '1995-02-14', 'male', 'IDN', '081234567006', 'Jl. Ahmad Yani No. 606', 'Jakarta', 'DKI Jakarta', 'barebow', '9a1fb8f4-fb5a-11f0-87db-c3c8a1ce2650', 'Aktif berpartisipasi dalam berbagai turnamen panahan.', 'active', '2026-01-23 13:26:30', '2026-01-28 10:36:19'),
	('1f5f916b-f85f-11f0-87db-c3c8a1ce2650', 'hendra_saputra', 'hendra-saputra', 'hendra.saputra@example.com', NULL, '95.jpg', 'Pemanah aktif dari Jakarta, DKI Jakarta. Bergabung dengan komunitas panahan Indonesia.', '12345', NULL, 'Hendra Saputra', 'Hendra', '1992-09-30', 'male', 'IDN', '081234567007', 'Jl. Diponegoro No. 707', 'Jakarta', 'DKI Jakarta', 'barebow', '9a1fb8f4-fb5a-11f0-87db-c3c8a1ce2650', 'Aktif berpartisipasi dalam berbagai turnamen panahan.', 'active', '2026-01-23 13:26:30', '2026-01-28 10:36:19'),
	('1f5f9218-f85f-11f0-87db-c3c8a1ce2650', 'sinta_dewi', 'sinta-dewi', 'sinta.dewi@example.com', NULL, '22.jpg', 'Pemanah aktif dari Jakarta, DKI Jakarta. Bergabung dengan komunitas panahan Indonesia.', '12345', NULL, 'Sinta Dewi', 'Sinta', '1993-04-12', 'female', 'IDN', '081234567008', 'Jl. Pahlawan No. 808', 'Jakarta', 'DKI Jakarta', 'recurve', '9a1fb782-fb5a-11f0-87db-c3c8a1ce2650', 'Aktif berpartisipasi dalam berbagai turnamen panahan.', 'active', '2026-01-23 13:26:30', '2026-01-28 10:36:19'),
	('1f5f92d2-f85f-11f0-87db-c3c8a1ce2650', 'tina_melati', 'tina-melati', 'tina.melati@example.com', NULL, '26.jpg', 'Pemanah aktif dari Jakarta, DKI Jakarta. Bergabung dengan komunitas panahan Indonesia.', '12345', NULL, 'Tina Melati', 'Tina', '1994-06-22', 'female', 'IDN', '081234567009', 'Jl. Kemerdekaan No. 909', 'Jakarta', 'DKI Jakarta', 'recurve', '9a1fb782-fb5a-11f0-87db-c3c8a1ce2650', 'Aktif berpartisipasi dalam berbagai turnamen panahan.', 'active', '2026-01-23 13:26:30', '2026-01-28 10:36:19'),
	('1f5f9380-f85f-11f0-87db-c3c8a1ce2650', 'umi_sari', 'umi-sari', 'umi.sari@example.com', NULL, '63.jpg', 'Pemanah aktif dari Jakarta, DKI Jakarta. Bergabung dengan komunitas panahan Indonesia.', '12345', NULL, 'Umi Sari', 'Umi', '1991-10-05', 'female', 'IDN', '081234567010', 'Jl. Veteran No. 1010', 'Jakarta', 'DKI Jakarta', 'recurve', '9a1fb782-fb5a-11f0-87db-c3c8a1ce2650', 'Aktif berpartisipasi dalam berbagai turnamen panahan.', 'active', '2026-01-23 13:26:30', '2026-01-28 10:36:19'),
	('1f5f9437-f85f-11f0-87db-c3c8a1ce2650', 'vina_putri', 'vina-putri', 'vina.putri@example.com', NULL, '41.jpg', 'Pemanah aktif dari Bandung, Jawa Barat. Bergabung dengan komunitas panahan Indonesia.', '12345', NULL, 'Vina Putri', 'Vina', '1995-01-18', 'female', 'IDN', '081234567011', 'Jl. Asia Afrika No. 1111', 'Bandung', 'Jawa Barat', 'recurve', '9a1fb782-fb5a-11f0-87db-c3c8a1ce2650', 'Aktif berpartisipasi dalam berbagai turnamen panahan.', 'active', '2026-01-23 13:26:30', '2026-01-28 10:36:19'),
	('1f5f94e7-f85f-11f0-87db-c3c8a1ce2650', 'winda_kartika', 'winda-kartika', 'winda.kartika@example.com', NULL, '14.jpg', 'Pemanah aktif dari Bandung, Jawa Barat. Bergabung dengan komunitas panahan Indonesia.', '12345', NULL, 'Winda Kartika', 'Winda', '1992-12-28', 'female', 'IDN', '081234567012', 'Jl. Braga No. 1212', 'Bandung', 'Jawa Barat', 'recurve', '9a1fb782-fb5a-11f0-87db-c3c8a1ce2650', 'Aktif berpartisipasi dalam berbagai turnamen panahan.', 'active', '2026-01-23 13:26:30', '2026-01-28 10:36:19'),
	('1f5f9597-f85f-11f0-87db-c3c8a1ce2650', 'yuli_astuti', 'yuli-astuti', 'yuli.astuti@example.com', NULL, '50.jpg', 'Pemanah aktif dari Bandung, Jawa Barat. Bergabung dengan komunitas panahan Indonesia.', '12345', NULL, 'Yuli Astuti', 'Yuli', '1993-07-08', 'female', 'IDN', '081234567013', 'Jl. Dago No. 1313', 'Bandung', 'Jawa Barat', 'recurve', '9a1fb782-fb5a-11f0-87db-c3c8a1ce2650', 'Aktif berpartisipasi dalam berbagai turnamen panahan.', 'active', '2026-01-23 13:26:30', '2026-01-28 10:36:19'),
	('1f5f963b-f85f-11f0-87db-c3c8a1ce2650', 'zahra_nurhaliza', 'zahra-nurhaliza', 'zahra.nurhaliza@example.com', NULL, '5.jpg', 'Pemanah aktif dari Bandung, Jawa Barat. Bergabung dengan komunitas panahan Indonesia.', '12345', NULL, 'Zahra Nurhaliza', 'Zahra', '1994-03-15', 'female', 'IDN', '081234567014', 'Jl. Cihampelas No. 1414', 'Bandung', 'Jawa Barat', 'recurve', '9a1fb782-fb5a-11f0-87db-c3c8a1ce2650', 'Aktif berpartisipasi dalam berbagai turnamen panahan.', 'active', '2026-01-23 13:26:30', '2026-01-28 10:36:19'),
	('1f5f96d3-f85f-11f0-87db-c3c8a1ce2650', 'irfan_ramadhan', 'irfan-ramadhan', 'irfan.ramadhan@example.com', NULL, '79.jpg', 'Pemanah aktif dari Yogyakarta, DI Yogyakarta. Bergabung dengan komunitas panahan Indonesia.', '12345', NULL, 'Irfan Ramadhan', 'Irfan', '1991-09-20', 'male', 'IDN', '081234567015', 'Jl. Malioboro No. 1515', 'Yogyakarta', 'DI Yogyakarta', 'recurve', '9a1fb782-fb5a-11f0-87db-c3c8a1ce2650', 'Aktif berpartisipasi dalam berbagai turnamen panahan.', 'active', '2026-01-23 13:26:30', '2026-01-28 10:36:19'),
	('1f5f9781-f85f-11f0-87db-c3c8a1ce2650', 'joko_susilo', 'joko-susilo', 'joko.susilo@example.com', NULL, '77.jpg', 'Pemanah aktif dari Yogyakarta, DI Yogyakarta. Bergabung dengan komunitas panahan Indonesia.', '12345', NULL, 'Joko Susilo', 'Joko', '1992-11-11', 'male', 'IDN', '081234567016', 'Jl. Solo No. 1616', 'Yogyakarta', 'DI Yogyakarta', 'recurve', '9a1fb782-fb5a-11f0-87db-c3c8a1ce2650', 'Aktif berpartisipasi dalam berbagai turnamen panahan.', 'active', '2026-01-23 13:26:30', '2026-01-28 10:36:19'),
	('1f5f9829-f85f-11f0-87db-c3c8a1ce2650', 'krisna_wibowo', 'krisna-wibowo', 'krisna.wibowo@example.com', NULL, '51.jpg', 'Pemanah aktif dari Yogyakarta, DI Yogyakarta. Bergabung dengan komunitas panahan Indonesia.', '12345', NULL, 'Krisna Wibowo', 'Krisna', '1993-05-25', 'male', 'IDN', '081234567017', 'Jl. Magelang No. 1717', 'Yogyakarta', 'DI Yogyakarta', 'recurve', '9a1fb782-fb5a-11f0-87db-c3c8a1ce2650', 'Aktif berpartisipasi dalam berbagai turnamen panahan.', 'active', '2026-01-23 13:26:30', '2026-01-28 10:36:19'),
	('1f5f98d1-f85f-11f0-87db-c3c8a1ce2650', 'lukman_hakim', 'lukman-hakim', 'lukman.hakim@example.com', NULL, '25.jpg', 'Pemanah aktif dari Yogyakarta, DI Yogyakarta. Bergabung dengan komunitas panahan Indonesia.', '12345', NULL, 'Lukman Hakim', 'Lukman', '1990-08-14', 'male', 'IDN', '081234567018', 'Jl. Tugu No. 1818', 'Yogyakarta', 'DI Yogyakarta', 'recurve', '9a1fb782-fb5a-11f0-87db-c3c8a1ce2650', 'Aktif berpartisipasi dalam berbagai turnamen panahan.', 'active', '2026-01-23 13:26:30', '2026-01-28 10:36:19'),
	('1f5f9971-f85f-11f0-87db-c3c8a1ce2650', 'mario_tanaka', 'mario-tanaka', 'mario.tanaka@example.com', NULL, '74.jpg', 'Pemanah aktif dari Yogyakarta, DI Yogyakarta. Bergabung dengan komunitas panahan Indonesia.', '12345', NULL, 'Mario Tanaka', 'Mario', '1994-02-09', 'male', 'IDN', '081234567019', 'Jl. Prawirotaman No. 1919', 'Yogyakarta', 'DI Yogyakarta', 'recurve', '9a1fb782-fb5a-11f0-87db-c3c8a1ce2650', 'Aktif berpartisipasi dalam berbagai turnamen panahan.', 'active', '2026-01-23 13:26:30', '2026-01-28 10:36:19'),
	('1f5f9a17-f85f-11f0-87db-c3c8a1ce2650', 'nando_putra', 'nando-putra', 'nando.putra@example.com', NULL, '93.jpg', 'Pemanah aktif dari Yogyakarta, DI Yogyakarta. Bergabung dengan komunitas panahan Indonesia.', '12345', NULL, 'Nando Putra', 'Nando', '1995-06-30', 'male', 'IDN', '081234567020', 'Jl. Sosrowijayan No. 2020', 'Yogyakarta', 'DI Yogyakarta', 'recurve', '9a1fb782-fb5a-11f0-87db-c3c8a1ce2650', 'Aktif berpartisipasi dalam berbagai turnamen panahan.', 'active', '2026-01-23 13:26:30', '2026-01-28 10:36:19'),
	('298c6e6d-f543-4c1d-b592-0cc8fb02c915', 'cahyo.rahardjo298c6e6d', 'cahyo-rahardjo-298c6e6d', 'barebow_archer_7@example.com', NULL, '44.jpg', 'Pemanah aktif dari Jakarta, DKI Jakarta. Bergabung dengan komunitas panahan Indonesia.', '12345', NULL, 'Cahyo Rahardjo', 'Cahyo', '1990-01-01', 'male', 'IDN', '08123456789', 'Jl. Panahan No. 12', 'Jakarta', 'DKI Jakarta', 'recurve', '9a1fb782-fb5a-11f0-87db-c3c8a1ce2650', 'Aktif berpartisipasi dalam berbagai turnamen panahan.', 'active', '2026-01-23 14:01:50', '2026-01-28 10:36:19'),
	('2c206cce-fd6f-452d-943f-cc3d43542e6d', 'bambang.sutrisno2c206cce', 'bambang-sutrisno-2c206cce', 'barebow_archer_6@example.com', NULL, '43.jpg', 'Pemanah aktif dari Jakarta, DKI Jakarta. Bergabung dengan komunitas panahan Indonesia.', '12345', NULL, 'Bambang Sutrisno', 'Bambang', '1990-01-01', 'male', 'IDN', '08123456789', 'Jl. Panahan No. 11', 'Jakarta', 'DKI Jakarta', 'recurve', '9a1fb782-fb5a-11f0-87db-c3c8a1ce2650', 'Aktif berpartisipasi dalam berbagai turnamen panahan.', 'active', '2026-01-23 14:01:50', '2026-01-28 10:36:19'),
	('43ef36ad-980d-4747-897f-90635401992a', 'utami_dewi_20', 'utami-dewi-43ef36ad', 'utami_dewi_20@example.com', NULL, '80.jpg', 'Pemanah aktif dari Jakarta, DKI Jakarta. Bergabung dengan komunitas panahan Indonesia.', '12345', NULL, 'Utami Dewi', 'Utami', '1992-01-03', 'female', 'IDN', '08123456720', 'Jl. Archery No. 20, Jakarta', 'Jakarta', 'DKI Jakarta', 'recurve', '9a1fb782-fb5a-11f0-87db-c3c8a1ce2650', 'Aktif berpartisipasi dalam berbagai turnamen panahan.', 'active', '2026-01-23 13:49:25', '2026-01-28 10:36:19'),
	('4dcd7bbb-3745-4ade-b49f-ec6a3b06e54d', 'santi_lestari_18', 'santi-lestari-4dcd7bbb', 'santi_lestari_18@example.com', NULL, '75.jpg', 'Pemanah aktif dari Jakarta, DKI Jakarta. Bergabung dengan komunitas panahan Indonesia.', '12345', NULL, 'Santi Lestari', 'Santi', '1984-11-26', 'female', 'IDN', '08123456718', 'Jl. Archery No. 18, Jakarta', 'Jakarta', 'DKI Jakarta', 'recurve', '9a1fb8f4-fb5a-11f0-87db-c3c8a1ce2650', 'Aktif berpartisipasi dalam berbagai turnamen panahan.', 'active', '2026-01-23 13:49:24', '2026-01-28 10:36:19'),
	('5854cf7c-5cb6-4015-8eac-5d7df0a85d23', 'indra.wijaya5854cf7c', 'indra-wijaya-5854cf7c', 'barebow_archer_13@example.com', NULL, '35.jpg', 'Pemanah aktif dari Jakarta, DKI Jakarta. Bergabung dengan komunitas panahan Indonesia.', '12345', NULL, 'Indra Wijaya', 'Indra', '1990-01-01', 'male', 'IDN', '08123456789', 'Jl. Panahan No. 18', 'Jakarta', 'DKI Jakarta', 'recurve', '9a1fb8f4-fb5a-11f0-87db-c3c8a1ce2650', 'Aktif berpartisipasi dalam berbagai turnamen panahan.', 'active', '2026-01-23 14:01:50', '2026-01-28 10:36:19'),
	('6045db89-b859-4c2f-8d02-19af3fa6f474', 'joko_susilo_10', 'joko-susilo-6045db89', 'joko_susilo_10@example.com', NULL, '51.jpg', 'Pemanah aktif dari Jakarta, DKI Jakarta. Bergabung dengan komunitas panahan Indonesia.', '12345', NULL, 'Joko Susilo', 'Joko', '1985-10-12', 'female', 'IDN', '08123456710', 'Jl. Archery No. 10, Jakarta', 'Jakarta', 'DKI Jakarta', 'recurve', '9a1fb8f4-fb5a-11f0-87db-c3c8a1ce2650', 'Aktif berpartisipasi dalam berbagai turnamen panahan.', 'active', '2026-01-23 13:49:07', '2026-01-28 10:36:19'),
	('6d60bf4f-d463-488d-9335-4d99a94695b6', 'laras_ati_12', 'laras-ati-6d60bf4f', 'laras_ati_12@example.com', NULL, '50.jpg', 'Pemanah aktif dari Jakarta, DKI Jakarta. Bergabung dengan komunitas panahan Indonesia.', '12345', NULL, 'Laras Ati', 'Laras', '1994-06-16', 'female', 'IDN', '08123456712', 'Jl. Archery No. 12, Jakarta', 'Jakarta', 'DKI Jakarta', 'recurve', '9a1fb8f4-fb5a-11f0-87db-c3c8a1ce2650', 'Aktif berpartisipasi dalam berbagai turnamen panahan.', 'active', '2026-01-23 13:49:13', '2026-01-28 10:36:19'),
	('7174aca7-5c96-485f-b95f-300aa4996279', 'budi_sanjaya_2', 'budi-sanjaya-7174aca7', 'budi_sanjaya_2@example.com', NULL, '96.jpg', 'Pemanah aktif dari Jakarta, DKI Jakarta. Bergabung dengan komunitas panahan Indonesia.', '12345', NULL, 'Budi Sanjaya', 'Budi', '2000-08-12', 'male', 'IDN', '08123456702', 'Jl. Archery No. 2, Jakarta', 'Jakarta', 'DKI Jakarta', 'recurve', '9a1fb8f4-fb5a-11f0-87db-c3c8a1ce2650', 'Aktif berpartisipasi dalam berbagai turnamen panahan.', 'active', '2026-01-23 13:48:55', '2026-01-28 10:36:19'),
	('728a65f2-51bf-4d99-ab19-e202308d6f3a', 'taufik_hidayat_19', 'taufik-hidayat-728a65f2', 'taufik_hidayat_19@example.com', NULL, '31.jpg', 'Pemanah aktif dari Jakarta, DKI Jakarta. Bergabung dengan komunitas panahan Indonesia.', '12345', NULL, 'Taufik Hidayat', 'Taufik', '1994-03-04', 'female', 'IDN', '08123456719', 'Jl. Archery No. 19, Jakarta', 'Jakarta', 'DKI Jakarta', 'recurve', '9a1fb8f4-fb5a-11f0-87db-c3c8a1ce2650', 'Aktif berpartisipasi dalam berbagai turnamen panahan.', 'active', '2026-01-23 13:49:25', '2026-01-28 10:36:19'),
	('78585c2f-f824-11f0-87db-c3c8a1ce2650', 'siti_nurhaliza_example_com', 'siti-nurhaliza', 'siti.nurhaliza@example.com', NULL, '68.jpg', 'Pemanah aktif dari Jakarta, DKI Jakarta. Bergabung dengan komunitas panahan Indonesia.', '12345', NULL, 'Siti Nurhaliza', 'Siti', '1990-01-01', 'female', 'IDN', '081234567910', 'Jl. Kemerdekaan No. 111', 'Jakarta', 'DKI Jakarta', 'barebow', '9a1fb8f4-fb5a-11f0-87db-c3c8a1ce2650', 'Aktif berpartisipasi dalam berbagai turnamen panahan.', 'active', '2026-01-23 06:26:39', '2026-01-28 10:36:19'),
	('7b1abd24-0747-4d03-a315-fcaea4f05dd8', 'indra_wijaya_9', 'indra-wijaya-7b1abd24', 'indra_wijaya_9@example.com', NULL, '47.jpg', 'Pemanah aktif dari Jakarta, DKI Jakarta. Bergabung dengan komunitas panahan Indonesia.', '12345', NULL, 'Indra Wijaya', 'Indra', '2005-07-09', 'male', 'IDN', '08123456709', 'Jl. Archery No. 9, Jakarta', 'Jakarta', 'DKI Jakarta', 'recurve', '9a1fb8f4-fb5a-11f0-87db-c3c8a1ce2650', 'Aktif berpartisipasi dalam berbagai turnamen panahan.', 'active', '2026-01-23 13:49:07', '2026-01-28 10:36:19'),
	('803289c5-550e-4640-aa31-04eb415990d8', 'maya_putri_13', 'maya-putri-803289c5', 'maya_putri_13@example.com', NULL, '32.jpg', 'Pemanah aktif dari Jakarta, DKI Jakarta. Bergabung dengan komunitas panahan Indonesia.', '12345', NULL, 'Maya Putri', 'Maya', '1996-04-15', 'female', 'IDN', '08123456713', 'Jl. Archery No. 13, Jakarta', 'Jakarta', 'DKI Jakarta', 'recurve', '9a1fb8f4-fb5a-11f0-87db-c3c8a1ce2650', 'Aktif berpartisipasi dalam berbagai turnamen panahan.', 'active', '2026-01-23 13:49:14', '2026-01-28 10:36:19'),
	('84208c3a-c656-45cf-8aa9-d6490263bdfc', 'lukman.hakim84208c3a', 'lukman-hakim-84208c3a', 'barebow_archer_16@example.com', NULL, '18.jpg', 'Pemanah aktif dari Jakarta, DKI Jakarta. Bergabung dengan komunitas panahan Indonesia.', '12345', NULL, 'Lukman Hakim', 'Lukman', '1990-01-01', 'male', 'IDN', '08123456789', 'Jl. Panahan No. 21', 'Jakarta', 'DKI Jakarta', 'recurve', '9a1fb8f4-fb5a-11f0-87db-c3c8a1ce2650', 'Aktif berpartisipasi dalam berbagai turnamen panahan.', 'active', '2026-01-23 14:01:50', '2026-01-28 10:36:19'),
	('8b679925-fb59-11f0-87db-c3c8a1ce2650', 'maya.sari106', 'gen3-archer-001', 'gen3.archer001@archeryhub.test', '', '94.jpg', 'Pemanah generasi ketiga dengan kode GEN30001. Aktif berlatih dan berkompetisi di berbagai event nasional.', '12345', '', 'Archer Generasi 3 001', 'G3-001', '2007-01-27', 'female', 'IDN', '08800000001', 'Jl. Pemanah Generasi 3 No. 1', 'Bandung', 'Jawa Barat', 'compound', '5443f8d7-fb21-11f0-87db-c3c8a1ce2650', 'Aktif berpartisipasi dalam berbagai turnamen regional dan nasional.', 'active', '2026-01-27 08:24:08', '2026-01-28 14:51:00'),
	('8b679a14-fb59-11f0-87db-c3c8a1ce2650', 'sari.dewi102', 'gen3-archer-011', 'gen3.archer011@archeryhub.test', '', '18.jpg', 'Pemanah generasi ketiga dengan kode GEN30011. Aktif berlatih dan berkompetisi di berbagai event nasional.', '12345', '', 'Archer Generasi 3 011', 'G3-011', '1997-01-27', 'female', 'IDN', '08800000011', 'Jl. Pemanah Generasi 3 No. 11', 'Bandung', 'Jawa Barat', 'traditional', '9a1fb8f4-fb5a-11f0-87db-c3c8a1ce2650', 'Aktif berpartisipasi dalam berbagai turnamen regional dan nasional.', 'active', '2026-01-27 08:24:08', '2026-01-28 14:51:00'),
	('8b679bc5-fb59-11f0-87db-c3c8a1ce2650', 'agus.sutrisno109', 'gen3-archer-002', 'gen3.archer002@archeryhub.test', '', '8.jpg', 'Pemanah generasi ketiga dengan kode GEN30002. Aktif berlatih dan berkompetisi di berbagai event nasional.', '12345', '', 'Archer Generasi 3 002', 'G3-002', '2006-01-27', 'male', 'IDN', '08800000002', 'Jl. Pemanah Generasi 3 No. 2', 'Surabaya', 'Jawa Timur', 'barebow', '6a108a88-f934-11f0-87db-c3c8a1ce2650', 'Aktif berpartisipasi dalam berbagai turnamen regional dan nasional.', 'active', '2026-01-27 08:24:08', '2026-01-28 14:51:00'),
	('8b679d97-fb59-11f0-87db-c3c8a1ce2650', 'dwi.cahyono105', 'gen3-archer-003', 'gen3.archer003@archeryhub.test', '', '88.jpg', 'Pemanah generasi ketiga dengan kode GEN30003. Aktif berlatih dan berkompetisi di berbagai event nasional.', '12345', '', 'Archer Generasi 3 003', 'G3-003', '2005-01-27', 'female', 'IDN', '08800000003', 'Jl. Pemanah Generasi 3 No. 3', 'Yogyakarta', 'DI Yogyakarta', 'traditional', '6b60a3d5-f934-11f0-87db-c3c8a1ce2650', 'Aktif berpartisipasi dalam berbagai turnamen regional dan nasional.', 'active', '2026-01-27 08:24:08', '2026-01-28 14:51:00'),
	('8b67a061-fb59-11f0-87db-c3c8a1ce2650', 'budi.santoso101', 'gen3-archer-004', 'gen3.archer004@archeryhub.test', '', '14.jpg', 'Pemanah generasi ketiga dengan kode GEN30004. Aktif berlatih dan berkompetisi di berbagai event nasional.', '12345', '', 'Archer Generasi 3 004', 'G3-004', '2004-01-27', 'male', 'IDN', '08800000004', 'Jl. Pemanah Generasi 3 No. 4', 'Denpasar', 'Bali', 'recurve', '6bf61fb8-f934-11f0-87db-c3c8a1ce2650', 'Aktif berpartisipasi dalam berbagai turnamen regional dan nasional.', 'active', '2026-01-27 08:24:08', '2026-01-28 14:51:00'),
	('8b67a23f-fb59-11f0-87db-c3c8a1ce2650', 'lina.nurhayati108', 'gen3-archer-005', 'gen3.archer005@archeryhub.test', '', '6.jpg', 'Pemanah generasi ketiga dengan kode GEN30005. Aktif berlatih dan berkompetisi di berbagai event nasional.', '12345', '', 'Archer Generasi 3 005', 'G3-005', '2003-01-27', 'female', 'IDN', '08800000005', 'Jl. Pemanah Generasi 3 No. 5', 'Jakarta', 'DKI Jakarta', 'compound', '6c839327-f934-11f0-87db-c3c8a1ce2650', 'Aktif berpartisipasi dalam berbagai turnamen regional dan nasional.', 'active', '2026-01-27 08:24:08', '2026-01-28 14:51:00'),
	('8b67a3ef-fb59-11f0-87db-c3c8a1ce2650', 'rina.kartika104', 'gen3-archer-006', 'gen3.archer006@archeryhub.test', '', '90.jpg', 'Pemanah generasi ketiga dengan kode GEN30006. Aktif berlatih dan berkompetisi di berbagai event nasional.', '12345', '', 'Archer Generasi 3 006', 'G3-006', '2002-01-27', 'male', 'IDN', '08800000006', 'Jl. Pemanah Generasi 3 No. 6', 'Bandung', 'Jawa Barat', 'barebow', '5443f8d7-fb21-11f0-87db-c3c8a1ce2650', 'Aktif berpartisipasi dalam berbagai turnamen regional dan nasional.', 'active', '2026-01-27 08:24:08', '2026-01-28 14:51:00'),
	('8b67a5b1-fb59-11f0-87db-c3c8a1ce2650', 'rian.wijaya111', 'gen3-archer-007', 'gen3.archer007@archeryhub.test', '', '33.jpg', 'Pemanah generasi ketiga dengan kode GEN30007. Aktif berlatih dan berkompetisi di berbagai event nasional.', '12345', '', 'Archer Generasi 3 007', 'G3-007', '2001-01-27', 'female', 'IDN', '08800000007', 'Jl. Pemanah Generasi 3 No. 7', 'Surabaya', 'Jawa Timur', 'traditional', '9a1fb8f4-fb5a-11f0-87db-c3c8a1ce2650', 'Aktif berpartisipasi dalam berbagai turnamen regional dan nasional.', 'active', '2026-01-27 08:24:08', '2026-01-28 14:51:00'),
	('8b67a784-fb59-11f0-87db-c3c8a1ce2650', 'eko.widodo107', 'gen3-archer-008', 'gen3.archer008@archeryhub.test', '', '94.jpg', 'Pemanah generasi ketiga dengan kode GEN30008. Aktif berlatih dan berkompetisi di berbagai event nasional.', '12345', '', 'Archer Generasi 3 008', 'G3-008', '2000-01-27', 'male', 'IDN', '08800000008', 'Jl. Pemanah Generasi 3 No. 8', 'Yogyakarta', 'DI Yogyakarta', 'recurve', '6a108a88-f934-11f0-87db-c3c8a1ce2650', 'Aktif berpartisipasi dalam berbagai turnamen regional dan nasional.', 'active', '2026-01-27 08:24:08', '2026-01-28 14:51:00'),
	('8b67a997-fb59-11f0-87db-c3c8a1ce2650', 'andi.prasetyo103', 'gen3-archer-009', 'gen3.archer009@archeryhub.test', '', '71.jpg', 'Pemanah generasi ketiga dengan kode GEN30009. Aktif berlatih dan berkompetisi di berbagai event nasional.', '12345', '', 'Archer Generasi 3 009', 'G3-009', '1999-01-27', 'female', 'IDN', '08800000009', 'Jl. Pemanah Generasi 3 No. 9', 'Denpasar', 'Bali', 'compound', '6b60a3d5-f934-11f0-87db-c3c8a1ce2650', 'Aktif berpartisipasi dalam berbagai turnamen regional dan nasional.', 'active', '2026-01-27 08:24:08', '2026-01-28 14:51:00'),
	('8b67ab87-fb59-11f0-87db-c3c8a1ce2650', 'fitri.rahayu110', 'gen3-archer-010', 'gen3.archer010@archeryhub.test', '', '75.jpg', 'Pemanah generasi ketiga dengan kode GEN30010. Aktif berlatih dan berkompetisi di berbagai event nasional.', '12345', '', 'Archer Generasi 3 010', 'G3-010', '1998-01-27', 'male', 'IDN', '08800000010', 'Jl. Pemanah Generasi 3 No. 10', 'Jakarta', 'DKI Jakarta', 'barebow', '6bf61fb8-f934-11f0-87db-c3c8a1ce2650', 'Aktif berpartisipasi dalam berbagai turnamen regional dan nasional.', 'active', '2026-01-27 08:24:08', '2026-01-28 14:51:00'),
	('8d22cac0-cee6-42db-888f-b634c8e921b5', 'rekusameno', 'reku-sameno', 'rekusameno@gmail.com', '107117052357653799197', '64.jpg', 'Pemanah aktif dari Jakarta, DKI Jakarta. Bergabung dengan komunitas panahan Indonesia.', '12345', NULL, 'reku sameno', 'reku', '1990-01-01', 'male', 'IDN', '081234567890', 'Jakarta, Indonesia', 'Jakarta', 'DKI Jakarta', 'recurve', '9a1fb8f4-fb5a-11f0-87db-c3c8a1ce2650', 'Aktif berpartisipasi dalam berbagai turnamen panahan.', 'active', '2026-01-21 05:42:29', '2026-01-28 10:36:19'),
	('9c3d146a-1f6f-45d6-8dcc-441692b9c850', 'nanang.hermansyah9c3d146a', 'nanang-hermansyah-9c3d146a', 'barebow_archer_18@example.com', NULL, '94.jpg', 'Pemanah aktif dari Jakarta, DKI Jakarta. Bergabung dengan komunitas panahan Indonesia.', '12345', NULL, 'Nanang Hermansyah', 'Nanang', '1990-01-01', 'male', 'IDN', '08123456789', 'Jl. Panahan No. 23', 'Jakarta', 'DKI Jakarta', 'recurve', '9a1fbab3-fb5a-11f0-87db-c3c8a1ce2650', 'Aktif berpartisipasi dalam berbagai turnamen panahan.', 'active', '2026-01-23 14:01:50', '2026-01-28 10:36:19'),
	('9c8308c4-9c51-40d4-9d11-b5d40f70b718', 'kurnia_sari_11', 'kurnia-sari-9c8308c4', 'kurnia_sari_11@example.com', NULL, '80.jpg', 'Pemanah aktif dari Jakarta, DKI Jakarta. Bergabung dengan komunitas panahan Indonesia.', '12345', NULL, 'Kurnia Sari', 'Kurnia', '2005-03-08', 'female', 'IDN', '08123456711', 'Jl. Archery No. 11, Jakarta', 'Jakarta', 'DKI Jakarta', 'recurve', '9a1fbab3-fb5a-11f0-87db-c3c8a1ce2650', 'Aktif berpartisipasi dalam berbagai turnamen panahan.', 'active', '2026-01-23 13:49:12', '2026-01-28 10:36:19'),
	('a007bd15-2fe4-455b-a3dc-1b89d9e7e1fd', 'dedi_kurniawan_4', 'dedi-kurniawan-a007bd15', 'dedi_kurniawan_4@example.com', NULL, '16.jpg', 'Pemanah aktif dari Jakarta, DKI Jakarta. Bergabung dengan komunitas panahan Indonesia.', '12345', NULL, 'Dedi Kurniawan', 'Dedi', '1982-08-23', 'male', 'IDN', '08123456704', 'Jl. Archery No. 4, Jakarta', 'Jakarta', 'DKI Jakarta', 'recurve', '9a1fbab3-fb5a-11f0-87db-c3c8a1ce2650', 'Aktif berpartisipasi dalam berbagai turnamen panahan.', 'active', '2026-01-23 13:48:58', '2026-01-28 10:36:19'),
	('a58e8cd0-4ad0-480f-9a37-ce21a60c2a57', 'putu.gedea58e8cd0', 'putu-gede-a58e8cd0', 'barebow_archer_20@example.com', NULL, '44.jpg', 'Pemanah aktif dari Jakarta, DKI Jakarta. Bergabung dengan komunitas panahan Indonesia.', '12345', NULL, 'Putu Gede', 'Putu', '1990-01-01', 'male', 'IDN', '08123456789', 'Jl. Panahan No. 25', 'Jakarta', 'DKI Jakarta', 'recurve', '9a1fbab3-fb5a-11f0-87db-c3c8a1ce2650', 'Aktif berpartisipasi dalam berbagai turnamen panahan.', 'active', '2026-01-23 14:01:50', '2026-01-28 10:36:19'),
	('b1fa32e6-a230-42ff-8f5a-c9cb4cb1480d', 'nina_rizki_14', 'nina-rizki-b1fa32e6', 'nina_rizki_14@example.com', NULL, '69.jpg', 'Pemanah aktif dari Jakarta, DKI Jakarta. Bergabung dengan komunitas panahan Indonesia.', '12345', NULL, 'Nina Rizki', 'Nina', '1989-01-19', 'female', 'IDN', '08123456714', 'Jl. Archery No. 14, Jakarta', 'Jakarta', 'DKI Jakarta', 'recurve', '9a1fbab3-fb5a-11f0-87db-c3c8a1ce2650', 'Aktif berpartisipasi dalam berbagai turnamen panahan.', 'active', '2026-01-23 13:49:16', '2026-01-28 10:36:19'),
	('b44d1475-dca0-4c16-a5dc-398e4c09c29b', 'joko.susilob44d1475', 'joko-susilo-b44d1475', 'barebow_archer_14@example.com', NULL, '17.jpg', 'Pemanah aktif dari Jakarta, DKI Jakarta. Bergabung dengan komunitas panahan Indonesia.', '12345', NULL, 'Joko Susilo', 'Joko', '1990-01-01', 'male', 'IDN', '08123456789', 'Jl. Panahan No. 19', 'Jakarta', 'DKI Jakarta', 'recurve', '9a1fbab3-fb5a-11f0-87db-c3c8a1ce2650', 'Aktif berpartisipasi dalam berbagai turnamen panahan.', 'active', '2026-01-23 14:01:50', '2026-01-28 10:36:19'),
	('b909a805-1338-4f14-9d75-fdbd0a57227b', 'guntur_wibowo_7', 'guntur-wibowo-b909a805', 'guntur_wibowo_7@example.com', NULL, '76.jpg', 'Pemanah aktif dari Jakarta, DKI Jakarta. Bergabung dengan komunitas panahan Indonesia.', '12345', NULL, 'Guntur Wibowo', 'Guntur', '1981-05-06', 'male', 'IDN', '08123456707', 'Jl. Archery No. 7, Jakarta', 'Jakarta', 'DKI Jakarta', 'recurve', '9a1fbab3-fb5a-11f0-87db-c3c8a1ce2650', 'Aktif berpartisipasi dalam berbagai turnamen panahan.', 'active', '2026-01-23 13:49:04', '2026-01-28 10:36:19'),
	('b9b132ca-8632-4210-b254-ec1335a21375', 'rian_hidayat_17', 'rian-hidayat-b9b132ca', 'rian_hidayat_17@example.com', NULL, '29.jpg', 'Pemanah aktif dari Jakarta, DKI Jakarta. Bergabung dengan komunitas panahan Indonesia.', '12345', NULL, 'Rian Hidayat', 'Rian', '1984-12-01', 'female', 'IDN', '08123456717', 'Jl. Archery No. 17, Jakarta', 'Jakarta', 'DKI Jakarta', 'recurve', '9a1fbab3-fb5a-11f0-87db-c3c8a1ce2650', 'Aktif berpartisipasi dalam berbagai turnamen panahan.', 'active', '2026-01-23 13:49:23', '2026-01-28 10:36:19'),
	('bd685b28-f821-11f0-87db-c3c8a1ce2650', 'ahmad_rizki_example_com', 'ahmad-rizki-pratama', 'ahmad.rizki@example.com', NULL, '18.jpg', 'Pemanah aktif dari Jakarta, DKI Jakarta. Bergabung dengan komunitas panahan Indonesia.', '12345', NULL, 'Ahmad Rizki Pratama', 'Ahmad', '1990-01-01', 'male', 'IDN', '081234567890', 'Jl. Merdeka No. 123', 'Jakarta', 'DKI Jakarta', 'recurve', '9a1fbab3-fb5a-11f0-87db-c3c8a1ce2650', 'Aktif berpartisipasi dalam berbagai turnamen panahan.', 'active', '2026-01-23 06:07:07', '2026-01-28 10:36:19'),
	('bd685e4b-f821-11f0-87db-c3c8a1ce2650', 'sari_dewi_example_com', 'sari-dewi-lestari', 'sari.dewi@example.com', NULL, '3.jpg', 'Pemanah aktif dari Jakarta, DKI Jakarta. Bergabung dengan komunitas panahan Indonesia.', '12345', NULL, 'Sari Dewi Lestari', 'Sari', '1990-01-01', 'female', 'IDN', '081234567892', 'Jl. Sudirman No. 456', 'Jakarta', 'DKI Jakarta', 'compound', '9a1fbab3-fb5a-11f0-87db-c3c8a1ce2650', 'Aktif berpartisipasi dalam berbagai turnamen panahan.', 'active', '2026-01-23 06:07:07', '2026-01-28 10:36:19'),
	('bd685f95-f821-11f0-87db-c3c8a1ce2650', 'bambang_wijaya_example_com', 'bambang-wijaya', 'bambang.wijaya@example.com', NULL, '63.jpg', 'Pemanah aktif dari Bandung, Jawa Barat. Bergabung dengan komunitas panahan Indonesia.', '12345', NULL, 'Bambang Wijaya', 'Bambang', '1990-01-01', 'male', 'IDN', '081234567894', 'Jl. Gatot Subroto No. 789', 'Bandung', 'Jawa Barat', 'recurve', '9a1fbab3-fb5a-11f0-87db-c3c8a1ce2650', 'Aktif berpartisipasi dalam berbagai turnamen panahan.', 'active', '2026-01-23 06:07:07', '2026-01-28 10:36:19'),
	('bd686067-f821-11f0-87db-c3c8a1ce2650', 'putri_ayu_example_com', 'putri-ayu-sari', 'putri.ayu@example.com', NULL, '5.jpg', 'Pemanah aktif dari Surabaya, Jawa Timur. Bergabung dengan komunitas panahan Indonesia.', '12345', NULL, 'Putri Ayu Sari', 'Putri', '1990-01-01', 'female', 'IDN', '081234567896', 'Jl. Diponegoro No. 321', 'Surabaya', 'Jawa Timur', 'compound', '9a1fbab3-fb5a-11f0-87db-c3c8a1ce2650', 'Aktif berpartisipasi dalam berbagai turnamen panahan.', 'active', '2026-01-23 06:07:07', '2026-01-28 10:36:19'),
	('bd686151-f821-11f0-87db-c3c8a1ce2650', 'dedi_kurniawan_example_com', 'dedi-kurniawan', 'dedi.kurniawan@example.com', NULL, '37.jpg', 'Pemanah aktif dari Yogyakarta, DI Yogyakarta. Bergabung dengan komunitas panahan Indonesia.', '12345', NULL, 'Dedi Kurniawan', 'Dedi', '1990-01-01', 'male', 'IDN', '081234567898', 'Jl. Ahmad Yani No. 654', 'Yogyakarta', 'DI Yogyakarta', 'recurve', '9a1fbab3-fb5a-11f0-87db-c3c8a1ce2650', 'Aktif berpartisipasi dalam berbagai turnamen panahan.', 'active', '2026-01-23 06:07:07', '2026-01-28 10:36:19'),
	('bd686221-f821-11f0-87db-c3c8a1ce2650', 'lina_marlina_example_com', 'lina-marlina', 'lina.marlina@example.com', NULL, '72.jpg', 'Pemanah aktif dari Medan, Sumatera Utara. Bergabung dengan komunitas panahan Indonesia.', '12345', NULL, 'Lina Marlina', 'Lina', '1990-01-01', 'female', 'IDN', '081234567900', 'Jl. Pahlawan No. 987', 'Medan', 'Sumatera Utara', 'barebow', '9a1fbab3-fb5a-11f0-87db-c3c8a1ce2650', 'Aktif berpartisipasi dalam berbagai turnamen panahan.', 'active', '2026-01-23 06:07:07', '2026-01-28 10:36:19'),
	('bd6871db-f821-11f0-87db-c3c8a1ce2650', 'eko_prasetyo_example_com', 'eko-prasetyo', 'eko.prasetyo@example.com', NULL, '47.jpg', 'Pemanah aktif dari Semarang, Jawa Tengah. Bergabung dengan komunitas panahan Indonesia.', '12345', NULL, 'Eko Prasetyo', 'Eko', '1990-01-01', 'male', 'IDN', '081234567902', 'Jl. Hayam Wuruk No. 147', 'Semarang', 'Jawa Tengah', 'compound', '9a1fbab3-fb5a-11f0-87db-c3c8a1ce2650', 'Aktif berpartisipasi dalam berbagai turnamen panahan.', 'active', '2026-01-23 06:07:07', '2026-01-28 10:36:19'),
	('bd6872ff-f821-11f0-87db-c3c8a1ce2650', 'rina_wulandari_example_com', 'rina-wulandari', 'rina.wulandari@example.com', NULL, '21.jpg', 'Pemanah aktif dari Makassar, Sulawesi Selatan. Bergabung dengan komunitas panahan Indonesia.', '12345', NULL, 'Rina Wulandari', 'Rina', '1990-01-01', 'female', 'IDN', '081234567904', 'Jl. Imam Bonjol No. 258', 'Makassar', 'Sulawesi Selatan', 'recurve', '9a1fbab3-fb5a-11f0-87db-c3c8a1ce2650', 'Aktif berpartisipasi dalam berbagai turnamen panahan.', 'active', '2026-01-23 06:07:07', '2026-01-28 10:36:19'),
	('bd6873b8-f821-11f0-87db-c3c8a1ce2650', 'fajar_nugroho_example_com', 'fajar-nugroho', 'fajar.nugroho@example.com', NULL, '62.jpg', 'Pemanah aktif dari Palembang, Sumatera Selatan. Bergabung dengan komunitas panahan Indonesia.', '12345', NULL, 'Fajar Nugroho', 'Fajar', '1990-01-01', 'male', 'IDN', '081234567906', 'Jl. Thamrin No. 369', 'Palembang', 'Sumatera Selatan', 'compound', '9a1fbab3-fb5a-11f0-87db-c3c8a1ce2650', 'Aktif berpartisipasi dalam berbagai turnamen panahan.', 'active', '2026-01-23 06:07:07', '2026-01-28 10:36:19'),
	('bd68745a-f821-11f0-87db-c3c8a1ce2650', 'maya_sari_example_com', 'maya-sari-dewi', 'maya.sari@example.com', NULL, '51.jpg', 'Pemanah aktif dari Bandung, Jawa Barat. Bergabung dengan komunitas panahan Indonesia.', '12345', NULL, 'Maya Sari Dewi', 'Maya', '1990-01-01', 'female', 'IDN', '081234567908', 'Jl. Asia Afrika No. 741', 'Bandung', 'Jawa Barat', 'recurve', '9a1fbab3-fb5a-11f0-87db-c3c8a1ce2650', 'Aktif berpartisipasi dalam berbagai turnamen panahan.', 'active', '2026-01-23 06:07:07', '2026-01-28 10:36:19'),
	('bd878d34-de5b-461f-949b-0498924c9ccc', 'okto.setiawanbd878d34', 'okto-setiawan-bd878d34', 'barebow_archer_19@example.com', NULL, '67.jpg', 'Pemanah aktif dari Jakarta, DKI Jakarta. Bergabung dengan komunitas panahan Indonesia.', '12345', NULL, 'Okto Setiawan', 'Okto', '1990-01-01', 'male', 'IDN', '08123456789', 'Jl. Panahan No. 24', 'Jakarta', 'DKI Jakarta', 'recurve', '9a1fbab3-fb5a-11f0-87db-c3c8a1ce2650', 'Aktif berpartisipasi dalam berbagai turnamen panahan.', 'active', '2026-01-23 14:01:50', '2026-01-28 10:36:19'),
	('be5c0d90-26f8-4463-bc23-46547797a8ac', 'hadi_saputra_8', 'hadi-saputra-be5c0d90', 'hadi_saputra_8@example.com', NULL, '82.jpg', 'Pemanah aktif dari Jakarta, DKI Jakarta. Bergabung dengan komunitas panahan Indonesia.', '12345', NULL, 'Hadi Saputra', 'Hadi', '2005-06-15', 'male', 'IDN', '08123456708', 'Jl. Archery No. 8, Jakarta', 'Jakarta', 'DKI Jakarta', 'recurve', '9a1fbab3-fb5a-11f0-87db-c3c8a1ce2650', 'Aktif berpartisipasi dalam berbagai turnamen panahan.', 'active', '2026-01-23 13:49:06', '2026-01-28 10:36:19'),
	('c7eb4bbf-05a9-4e8f-bf6a-18c1de893137', 'putu_gede_16', 'putu-gede-c7eb4bbf', 'putu_gede_16@example.com', NULL, '10.jpg', 'Pemanah aktif dari Jakarta, DKI Jakarta. Bergabung dengan komunitas panahan Indonesia.', '12345', NULL, 'Putu Gede', 'Putu', '2004-05-20', 'female', 'IDN', '08123456716', 'Jl. Archery No. 16, Jakarta', 'Jakarta', 'DKI Jakarta', 'recurve', '218e8243-6e03-41b3-a551-65936bd12815', 'Aktif berpartisipasi dalam berbagai turnamen panahan.', 'active', '2026-01-23 13:49:21', '2026-01-28 10:36:19'),
	('cc94bb51-468f-4cb4-af8b-ded2956d365e', 'hendra.saputracc94bb51', 'hendra-saputra-cc94bb51', 'barebow_archer_12@example.com', NULL, '6.jpg', 'Pemanah aktif dari Jakarta, DKI Jakarta. Bergabung dengan komunitas panahan Indonesia.', '12345', NULL, 'Hendra Saputra', 'Hendra', '1990-01-01', 'male', 'IDN', '08123456789', 'Jl. Panahan No. 17', 'Jakarta', 'DKI Jakarta', 'recurve', '218e8243-6e03-41b3-a551-65936bd12815', 'Aktif berpartisipasi dalam berbagai turnamen panahan.', 'active', '2026-01-23 14:01:50', '2026-01-28 10:36:19'),
	('d352168e-fb58-11f0-87db-c3c8a1ce2650', 'yoga.cahyono039', 'gen2-archer-001', 'gen2.archer001@archeryhub.test', '', '0.jpg', 'Pemanah generasi kedua dengan kode GEN20001. Aktif berlatih dan berkompetisi di berbagai event nasional.', '12345', '', 'Archer Generasi 2 001', 'Gen2-001', '2007-01-27', 'female', 'IDN', '08700000001', 'Jl. Pemanah Generasi 2 No. 1', 'Bandung', 'Jawa Barat', 'compound', '6c839327-f934-11f0-87db-c3c8a1ce2650', 'Aktif berpartisipasi dalam berbagai turnamen regional dan nasional.', 'active', '2026-01-27 08:18:59', '2026-01-28 14:51:00'),
	('d3522cc6-fb58-11f0-87db-c3c8a1ce2650', 'budi.santoso001', 'gen2-archer-011', 'gen2.archer011@archeryhub.test', '', '83.jpg', 'Pemanah generasi kedua dengan kode GEN20011. Aktif berlatih dan berkompetisi di berbagai event nasional.', '12345', '', 'Archer Generasi 2 011', 'Gen2-011', '1997-01-27', 'female', 'IDN', '08700000011', 'Jl. Pemanah Generasi 2 No. 11', 'Bandung', 'Jawa Barat', 'traditional', '5443f8d7-fb21-11f0-87db-c3c8a1ce2650', 'Aktif berpartisipasi dalam berbagai turnamen regional dan nasional.', 'active', '2026-01-27 08:18:59', '2026-01-28 14:51:00'),
	('d3522dca-fb58-11f0-87db-c3c8a1ce2650', 'sinta.wardani064', 'gen2-archer-021', 'gen2.archer021@archeryhub.test', '', '13.jpg', 'Pemanah generasi kedua dengan kode GEN20021. Aktif berlatih dan berkompetisi di berbagai event nasional.', '12345', '', 'Archer Generasi 2 021', 'Gen2-021', '2002-01-27', 'female', 'IDN', '08700000021', 'Jl. Pemanah Generasi 2 No. 21', 'Bandung', 'Jawa Barat', 'compound', '218e8243-6e03-41b3-a551-65936bd12815', 'Aktif berpartisipasi dalam berbagai turnamen regional dan nasional.', 'active', '2026-01-27 08:18:59', '2026-01-28 14:51:00'),
	('d3522e80-fb58-11f0-87db-c3c8a1ce2650', 'maya.soedarsono026', 'gen2-archer-031', 'gen2.archer031@archeryhub.test', '', '20.jpg', 'Pemanah generasi kedua dengan kode GEN20031. Aktif berlatih dan berkompetisi di berbagai event nasional.', '12345', '', 'Archer Generasi 2 031', 'Gen2-031', '2007-01-27', 'female', 'IDN', '08700000031', 'Jl. Pemanah Generasi 2 No. 31', 'Bandung', 'Jawa Barat', 'traditional', '6c839327-f934-11f0-87db-c3c8a1ce2650', 'Aktif berpartisipasi dalam berbagai turnamen regional dan nasional.', 'active', '2026-01-27 08:18:59', '2026-01-28 14:51:00'),
	('d3522f29-fb58-11f0-87db-c3c8a1ce2650', 'yoga.cahyono089', 'gen2-archer-041', 'gen2.archer041@archeryhub.test', '', '58.jpg', 'Pemanah generasi kedua dengan kode GEN20041. Aktif berlatih dan berkompetisi di berbagai event nasional.', '12345', '', 'Archer Generasi 2 041', 'Gen2-041', '1997-01-27', 'female', 'IDN', '08700000041', 'Jl. Pemanah Generasi 2 No. 41', 'Bandung', 'Jawa Barat', 'compound', '6b60a3d5-f934-11f0-87db-c3c8a1ce2650', 'Aktif berpartisipasi dalam berbagai turnamen regional dan nasional.', 'active', '2026-01-27 08:18:59', '2026-01-28 14:51:00'),
	('d3522fcb-fb58-11f0-87db-c3c8a1ce2650', 'sari.dewi052', 'gen2-archer-051', 'gen2.archer051@archeryhub.test', '', '33.jpg', 'Pemanah generasi kedua dengan kode GEN20051. Aktif berlatih dan berkompetisi di berbagai event nasional.', '12345', '', 'Archer Generasi 2 051', 'Gen2-051', '2002-01-27', 'female', 'IDN', '08700000051', 'Jl. Pemanah Generasi 2 No. 51', 'Bandung', 'Jawa Barat', 'traditional', '6a108a88-f934-11f0-87db-c3c8a1ce2650', 'Aktif berpartisipasi dalam berbagai turnamen regional dan nasional.', 'active', '2026-01-27 08:18:59', '2026-01-28 14:51:00'),
	('d352306c-fb58-11f0-87db-c3c8a1ce2650', 'sinta.wardani014', 'gen2-archer-061', 'gen2.archer061@archeryhub.test', '', '91.jpg', 'Pemanah generasi kedua dengan kode GEN20061. Aktif berlatih dan berkompetisi di berbagai event nasional.', '12345', '', 'Archer Generasi 2 061', 'Gen2-061', '2007-01-27', 'female', 'IDN', '08700000061', 'Jl. Pemanah Generasi 2 No. 61', 'Bandung', 'Jawa Barat', 'compound', '218e8243-6e03-41b3-a551-65936bd12815', 'Aktif berpartisipasi dalam berbagai turnamen regional dan nasional.', 'active', '2026-01-27 08:18:59', '2026-01-28 14:51:00'),
	('d352310a-fb58-11f0-87db-c3c8a1ce2650', 'krisna.soekardjo077', 'gen2-archer-071', 'gen2.archer071@archeryhub.test', '', '56.jpg', 'Pemanah generasi kedua dengan kode GEN20071. Aktif berlatih dan berkompetisi di berbagai event nasional.', '12345', '', 'Archer Generasi 2 071', 'Gen2-071', '1997-01-27', 'female', 'IDN', '08700000071', 'Jl. Pemanah Generasi 2 No. 71', 'Bandung', 'Jawa Barat', 'traditional', '6b60a3d5-f934-11f0-87db-c3c8a1ce2650', 'Aktif berpartisipasi dalam berbagai turnamen regional dan nasional.', 'active', '2026-01-27 08:18:59', '2026-01-28 14:51:00'),
	('d35231a9-fb58-11f0-87db-c3c8a1ce2650', 'amir.sari040', 'gen2-archer-081', 'gen2.archer081@archeryhub.test', '', '7.jpg', 'Pemanah generasi kedua dengan kode GEN20081. Aktif berlatih dan berkompetisi di berbagai event nasional.', '12345', '', 'Archer Generasi 2 081', 'Gen2-081', '2002-01-27', 'female', 'IDN', '08700000081', 'Jl. Pemanah Generasi 2 No. 81', 'Bandung', 'Jawa Barat', 'compound', '218e8243-6e03-41b3-a551-65936bd12815', 'Aktif berpartisipasi dalam berbagai turnamen regional dan nasional.', 'active', '2026-01-27 08:18:59', '2026-01-28 14:51:00'),
	('d3523248-fb58-11f0-87db-c3c8a1ce2650', 'sari.dewi002', 'gen2-archer-091', 'gen2.archer091@archeryhub.test', '', '67.jpg', 'Pemanah generasi kedua dengan kode GEN20091. Aktif berlatih dan berkompetisi di berbagai event nasional.', '12345', '', 'Archer Generasi 2 091', 'Gen2-091', '2007-01-27', 'female', 'IDN', '08700000091', 'Jl. Pemanah Generasi 2 No. 91', 'Bandung', 'Jawa Barat', 'traditional', '218e8243-6e03-41b3-a551-65936bd12815', 'Aktif berpartisipasi dalam berbagai turnamen regional dan nasional.', 'active', '2026-01-27 08:18:59', '2026-01-28 14:51:00'),
	('d35232ea-fb58-11f0-87db-c3c8a1ce2650', 'joko.gunawan065', 'gen2-archer-002', 'gen2.archer002@archeryhub.test', '', '14.jpg', 'Pemanah generasi kedua dengan kode GEN20002. Aktif berlatih dan berkompetisi di berbagai event nasional.', '12345', '', 'Archer Generasi 2 002', 'Gen2-002', '2006-01-27', 'male', 'IDN', '08700000002', 'Jl. Pemanah Generasi 2 No. 2', 'Surabaya', 'Jawa Timur', 'barebow', '6a108a88-f934-11f0-87db-c3c8a1ce2650', 'Aktif berpartisipasi dalam berbagai turnamen regional dan nasional.', 'active', '2026-01-27 08:18:59', '2026-01-28 14:51:00'),
	('d3523393-fb58-11f0-87db-c3c8a1ce2650', 'krisna.soekardjo027', 'gen2-archer-012', 'gen2.archer012@archeryhub.test', '', '71.jpg', 'Pemanah generasi kedua dengan kode GEN20012. Aktif berlatih dan berkompetisi di berbagai event nasional.', '12345', '', 'Archer Generasi 2 012', 'Gen2-012', '1996-01-27', 'male', 'IDN', '08700000012', 'Jl. Pemanah Generasi 2 No. 12', 'Surabaya', 'Jawa Timur', 'recurve', '6bf61fb8-f934-11f0-87db-c3c8a1ce2650', 'Aktif berpartisipasi dalam berbagai turnamen regional dan nasional.', 'active', '2026-01-27 08:18:59', '2026-01-28 14:51:00'),
	('d3523435-fb58-11f0-87db-c3c8a1ce2650', 'amir.sari090', 'gen2-archer-022', 'gen2.archer022@archeryhub.test', '', '13.jpg', 'Pemanah generasi kedua dengan kode GEN20022. Aktif berlatih dan berkompetisi di berbagai event nasional.', '12345', '', 'Archer Generasi 2 022', 'Gen2-022', '2001-01-27', 'male', 'IDN', '08700000022', 'Jl. Pemanah Generasi 2 No. 22', 'Surabaya', 'Jawa Timur', 'barebow', '6c839327-f934-11f0-87db-c3c8a1ce2650', 'Aktif berpartisipasi dalam berbagai turnamen regional dan nasional.', 'active', '2026-01-27 08:18:59', '2026-01-28 14:51:00'),
	('d35234d7-fb58-11f0-87db-c3c8a1ce2650', 'andi.prasetyo053', 'gen2-archer-032', 'gen2.archer032@archeryhub.test', '', '51.jpg', 'Pemanah generasi kedua dengan kode GEN20032. Aktif berlatih dan berkompetisi di berbagai event nasional.', '12345', '', 'Archer Generasi 2 032', 'Gen2-032', '2006-01-27', 'male', 'IDN', '08700000032', 'Jl. Pemanah Generasi 2 No. 32', 'Surabaya', 'Jawa Timur', 'recurve', '5443f8d7-fb21-11f0-87db-c3c8a1ce2650', 'Aktif berpartisipasi dalam berbagai turnamen regional dan nasional.', 'active', '2026-01-27 08:18:59', '2026-01-28 14:51:00'),
	('d3523577-fb58-11f0-87db-c3c8a1ce2650', 'joko.gunawan015', 'gen2-archer-042', 'gen2.archer042@archeryhub.test', '', '16.jpg', 'Pemanah generasi kedua dengan kode GEN20042. Aktif berlatih dan berkompetisi di berbagai event nasional.', '12345', '', 'Archer Generasi 2 042', 'Gen2-042', '1996-01-27', 'male', 'IDN', '08700000042', 'Jl. Pemanah Generasi 2 No. 42', 'Surabaya', 'Jawa Timur', 'barebow', '5443f8d7-fb21-11f0-87db-c3c8a1ce2650', 'Aktif berpartisipasi dalam berbagai turnamen regional dan nasional.', 'active', '2026-01-27 08:18:59', '2026-01-28 14:51:00'),
	('d35236b0-fb58-11f0-87db-c3c8a1ce2650', 'lukman.soemantri078', 'gen2-archer-052', 'gen2.archer052@archeryhub.test', '', '27.jpg', 'Pemanah generasi kedua dengan kode GEN20052. Aktif berlatih dan berkompetisi di berbagai event nasional.', '12345', '', 'Archer Generasi 2 052', 'Gen2-052', '2001-01-27', 'male', 'IDN', '08700000052', 'Jl. Pemanah Generasi 2 No. 52', 'Surabaya', 'Jawa Timur', 'recurve', '218e8243-6e03-41b3-a551-65936bd12815', 'Aktif berpartisipasi dalam berbagai turnamen regional dan nasional.', 'active', '2026-01-27 08:18:59', '2026-01-28 14:51:00'),
	('d352374e-fb58-11f0-87db-c3c8a1ce2650', 'bambang.widodo041', 'gen2-archer-062', 'gen2.archer062@archeryhub.test', '', '90.jpg', 'Pemanah generasi kedua dengan kode GEN20062. Aktif berlatih dan berkompetisi di berbagai event nasional.', '12345', '', 'Archer Generasi 2 062', 'Gen2-062', '2006-01-27', 'male', 'IDN', '08700000062', 'Jl. Pemanah Generasi 2 No. 62', 'Surabaya', 'Jawa Timur', 'barebow', '218e8243-6e03-41b3-a551-65936bd12815', 'Aktif berpartisipasi dalam berbagai turnamen regional dan nasional.', 'active', '2026-01-27 08:18:59', '2026-01-28 14:51:00'),
	('d35237ef-fb58-11f0-87db-c3c8a1ce2650', 'andi.prasetyo003', 'gen2-archer-072', 'gen2.archer072@archeryhub.test', '', '69.jpg', 'Pemanah generasi kedua dengan kode GEN20072. Aktif berlatih dan berkompetisi di berbagai event nasional.', '12345', '', 'Archer Generasi 2 072', 'Gen2-072', '1996-01-27', 'male', 'IDN', '08700000072', 'Jl. Pemanah Generasi 2 No. 72', 'Surabaya', 'Jawa Timur', 'recurve', '218e8243-6e03-41b3-a551-65936bd12815', 'Aktif berpartisipasi dalam berbagai turnamen regional dan nasional.', 'active', '2026-01-27 08:18:59', '2026-01-28 14:51:00'),
	('d35239cb-fb58-11f0-87db-c3c8a1ce2650', 'ratna.permana066', 'gen2-archer-082', 'gen2.archer082@archeryhub.test', '', '74.jpg', 'Pemanah generasi kedua dengan kode GEN20082. Aktif berlatih dan berkompetisi di berbagai event nasional.', '12345', '', 'Archer Generasi 2 082', 'Gen2-082', '2001-01-27', 'male', 'IDN', '08700000082', 'Jl. Pemanah Generasi 2 No. 82', 'Surabaya', 'Jawa Timur', 'barebow', '218e8243-6e03-41b3-a551-65936bd12815', 'Aktif berpartisipasi dalam berbagai turnamen regional dan nasional.', 'active', '2026-01-27 08:18:59', '2026-01-28 14:51:00'),
	('d3523ac1-fb58-11f0-87db-c3c8a1ce2650', 'lukman.soemantri028', 'gen2-archer-092', 'gen2.archer092@archeryhub.test', '', '64.jpg', 'Pemanah generasi kedua dengan kode GEN20092. Aktif berlatih dan berkompetisi di berbagai event nasional.', '12345', '', 'Archer Generasi 2 092', 'Gen2-092', '2006-01-27', 'male', 'IDN', '08700000092', 'Jl. Pemanah Generasi 2 No. 92', 'Surabaya', 'Jawa Timur', 'recurve', '5443f8d7-fb21-11f0-87db-c3c8a1ce2650', 'Aktif berpartisipasi dalam berbagai turnamen regional dan nasional.', 'active', '2026-01-27 08:18:59', '2026-01-28 14:51:00'),
	('d3523b6a-fb58-11f0-87db-c3c8a1ce2650', 'bambang.widodo091', 'gen2-archer-003', 'gen2.archer003@archeryhub.test', '', '0.jpg', 'Pemanah generasi kedua dengan kode GEN20003. Aktif berlatih dan berkompetisi di berbagai event nasional.', '12345', '', 'Archer Generasi 2 003', 'Gen2-003', '2005-01-27', 'female', 'IDN', '08700000003', 'Jl. Pemanah Generasi 2 No. 3', 'Yogyakarta', 'DI Yogyakarta', 'traditional', '218e8243-6e03-41b3-a551-65936bd12815', 'Aktif berpartisipasi dalam berbagai turnamen regional dan nasional.', 'active', '2026-01-27 08:18:59', '2026-01-28 14:51:00'),
	('d3523c18-fb58-11f0-87db-c3c8a1ce2650', 'rina.kartika054', 'gen2-archer-013', 'gen2.archer013@archeryhub.test', '', '7.jpg', 'Pemanah generasi kedua dengan kode GEN20013. Aktif berlatih dan berkompetisi di berbagai event nasional.', '12345', '', 'Archer Generasi 2 013', 'Gen2-013', '1995-01-27', 'female', 'IDN', '08700000013', 'Jl. Pemanah Generasi 2 No. 13', 'Yogyakarta', 'DI Yogyakarta', 'compound', '6b60a3d5-f934-11f0-87db-c3c8a1ce2650', 'Aktif berpartisipasi dalam berbagai turnamen regional dan nasional.', 'active', '2026-01-27 08:18:59', '2026-01-28 14:51:00'),
	('d3523cbe-fb58-11f0-87db-c3c8a1ce2650', 'ratna.permana016', 'gen2-archer-023', 'gen2.archer023@archeryhub.test', '', '37.jpg', 'Pemanah generasi kedua dengan kode GEN20023. Aktif berlatih dan berkompetisi di berbagai event nasional.', '12345', '', 'Archer Generasi 2 023', 'Gen2-023', '2000-01-27', 'female', 'IDN', '08700000023', 'Jl. Pemanah Generasi 2 No. 23', 'Yogyakarta', 'DI Yogyakarta', 'traditional', '218e8243-6e03-41b3-a551-65936bd12815', 'Aktif berpartisipasi dalam berbagai turnamen regional dan nasional.', 'active', '2026-01-27 08:18:59', '2026-01-28 14:51:00'),
	('d3523d68-fb58-11f0-87db-c3c8a1ce2650', 'maman.soewandi079', 'gen2-archer-033', 'gen2.archer033@archeryhub.test', '', '64.jpg', 'Pemanah generasi kedua dengan kode GEN20033. Aktif berlatih dan berkompetisi di berbagai event nasional.', '12345', '', 'Archer Generasi 2 033', 'Gen2-033', '2005-01-27', 'female', 'IDN', '08700000033', 'Jl. Pemanah Generasi 2 No. 33', 'Yogyakarta', 'DI Yogyakarta', 'compound', '6a108a88-f934-11f0-87db-c3c8a1ce2650', 'Aktif berpartisipasi dalam berbagai turnamen regional dan nasional.', 'active', '2026-01-27 08:18:59', '2026-01-28 14:51:00'),
	('d3523e10-fb58-11f0-87db-c3c8a1ce2650', 'cahyo.nurhayati042', 'gen2-archer-043', 'gen2.archer043@archeryhub.test', '', '9.jpg', 'Pemanah generasi kedua dengan kode GEN20043. Aktif berlatih dan berkompetisi di berbagai event nasional.', '12345', '', 'Archer Generasi 2 043', 'Gen2-043', '1995-01-27', 'female', 'IDN', '08700000043', 'Jl. Pemanah Generasi 2 No. 43', 'Yogyakarta', 'DI Yogyakarta', 'traditional', '6c839327-f934-11f0-87db-c3c8a1ce2650', 'Aktif berpartisipasi dalam berbagai turnamen regional dan nasional.', 'active', '2026-01-27 08:18:59', '2026-01-28 14:51:00'),
	('d3523eb5-fb58-11f0-87db-c3c8a1ce2650', 'rina.kartika004', 'gen2-archer-053', 'gen2.archer053@archeryhub.test', '', '53.jpg', 'Pemanah generasi kedua dengan kode GEN20053. Aktif berlatih dan berkompetisi di berbagai event nasional.', '12345', '', 'Archer Generasi 2 053', 'Gen2-053', '2000-01-27', 'female', 'IDN', '08700000053', 'Jl. Pemanah Generasi 2 No. 53', 'Yogyakarta', 'DI Yogyakarta', 'compound', '6b60a3d5-f934-11f0-87db-c3c8a1ce2650', 'Aktif berpartisipasi dalam berbagai turnamen regional dan nasional.', 'active', '2026-01-27 08:18:59', '2026-01-28 14:51:00'),
	('d3523f5a-fb58-11f0-87db-c3c8a1ce2650', 'arif.maulana067', 'gen2-archer-063', 'gen2.archer063@archeryhub.test', '', '38.jpg', 'Pemanah generasi kedua dengan kode GEN20063. Aktif berlatih dan berkompetisi di berbagai event nasional.', '12345', '', 'Archer Generasi 2 063', 'Gen2-063', '2005-01-27', 'female', 'IDN', '08700000063', 'Jl. Pemanah Generasi 2 No. 63', 'Yogyakarta', 'DI Yogyakarta', 'traditional', '218e8243-6e03-41b3-a551-65936bd12815', 'Aktif berpartisipasi dalam berbagai turnamen regional dan nasional.', 'active', '2026-01-27 08:18:59', '2026-01-28 14:51:00'),
	('d3524001-fb58-11f0-87db-c3c8a1ce2650', 'maman.soewandi029', 'gen2-archer-073', 'gen2.archer073@archeryhub.test', '', '33.jpg', 'Pemanah generasi kedua dengan kode GEN20073. Aktif berlatih dan berkompetisi di berbagai event nasional.', '12345', '', 'Archer Generasi 2 073', 'Gen2-073', '1995-01-27', 'female', 'IDN', '08700000073', 'Jl. Pemanah Generasi 2 No. 73', 'Yogyakarta', 'DI Yogyakarta', 'compound', '6bf61fb8-f934-11f0-87db-c3c8a1ce2650', 'Aktif berpartisipasi dalam berbagai turnamen regional dan nasional.', 'active', '2026-01-27 08:18:59', '2026-01-28 14:51:00'),
	('d35240a5-fb58-11f0-87db-c3c8a1ce2650', 'cahyo.nurhayati092', 'gen2-archer-083', 'gen2.archer083@archeryhub.test', '', '52.jpg', 'Pemanah generasi kedua dengan kode GEN20083. Aktif berlatih dan berkompetisi di berbagai event nasional.', '12345', '', 'Archer Generasi 2 083', 'Gen2-083', '2000-01-27', 'female', 'IDN', '08700000083', 'Jl. Pemanah Generasi 2 No. 83', 'Yogyakarta', 'DI Yogyakarta', 'traditional', '6c839327-f934-11f0-87db-c3c8a1ce2650', 'Aktif berpartisipasi dalam berbagai turnamen regional dan nasional.', 'active', '2026-01-27 08:18:59', '2026-01-28 14:51:00'),
	('d352414a-fb58-11f0-87db-c3c8a1ce2650', 'dwi.cahyono055', 'gen2-archer-093', 'gen2.archer093@archeryhub.test', '', '60.jpg', 'Pemanah generasi kedua dengan kode GEN20093. Aktif berlatih dan berkompetisi di berbagai event nasional.', '12345', '', 'Archer Generasi 2 093', 'Gen2-093', '2005-01-27', 'female', 'IDN', '08700000093', 'Jl. Pemanah Generasi 2 No. 93', 'Yogyakarta', 'DI Yogyakarta', 'compound', '6a108a88-f934-11f0-87db-c3c8a1ce2650', 'Aktif berpartisipasi dalam berbagai turnamen regional dan nasional.', 'active', '2026-01-27 08:18:59', '2026-01-28 14:51:00'),
	('d35241f3-fb58-11f0-87db-c3c8a1ce2650', 'arif.maulana017', 'gen2-archer-004', 'gen2.archer004@archeryhub.test', '', '45.jpg', 'Pemanah generasi kedua dengan kode GEN20004. Aktif berlatih dan berkompetisi di berbagai event nasional.', '12345', '', 'Archer Generasi 2 004', 'Gen2-004', '2004-01-27', 'male', 'IDN', '08700000004', 'Jl. Pemanah Generasi 2 No. 4', 'Denpasar', 'Bali', 'recurve', '5443f8d7-fb21-11f0-87db-c3c8a1ce2650', 'Aktif berpartisipasi dalam berbagai turnamen regional dan nasional.', 'active', '2026-01-27 08:18:59', '2026-01-28 14:51:00'),
	('d352429c-fb58-11f0-87db-c3c8a1ce2650', 'nur.soekarno080', 'gen2-archer-014', 'gen2.archer014@archeryhub.test', '', '44.jpg', 'Pemanah generasi kedua dengan kode GEN20014. Aktif berlatih dan berkompetisi di berbagai event nasional.', '12345', '', 'Archer Generasi 2 014', 'Gen2-014', '1994-01-27', 'male', 'IDN', '08700000014', 'Jl. Pemanah Generasi 2 No. 14', 'Denpasar', 'Bali', 'barebow', '6bf61fb8-f934-11f0-87db-c3c8a1ce2650', 'Aktif berpartisipasi dalam berbagai turnamen regional dan nasional.', 'active', '2026-01-27 08:18:59', '2026-01-28 14:51:00'),
	('d3524341-fb58-11f0-87db-c3c8a1ce2650', 'dani.sutrisno043', 'gen2-archer-024', 'gen2.archer024@archeryhub.test', '', '87.jpg', 'Pemanah generasi kedua dengan kode GEN20024. Aktif berlatih dan berkompetisi di berbagai event nasional.', '12345', '', 'Archer Generasi 2 024', 'Gen2-024', '1999-01-27', 'male', 'IDN', '08700000024', 'Jl. Pemanah Generasi 2 No. 24', 'Denpasar', 'Bali', 'recurve', '218e8243-6e03-41b3-a551-65936bd12815', 'Aktif berpartisipasi dalam berbagai turnamen regional dan nasional.', 'active', '2026-01-27 08:18:59', '2026-01-28 14:51:00'),
	('d35243e5-fb58-11f0-87db-c3c8a1ce2650', 'dwi.cahyono005', 'gen2-archer-034', 'gen2.archer034@archeryhub.test', '', '3.jpg', 'Pemanah generasi kedua dengan kode GEN20034. Aktif berlatih dan berkompetisi di berbagai event nasional.', '12345', '', 'Archer Generasi 2 034', 'Gen2-034', '2004-01-27', 'male', 'IDN', '08700000034', 'Jl. Pemanah Generasi 2 No. 34', 'Denpasar', 'Bali', 'barebow', '218e8243-6e03-41b3-a551-65936bd12815', 'Aktif berpartisipasi dalam berbagai turnamen regional dan nasional.', 'active', '2026-01-27 08:18:59', '2026-01-28 14:51:00'),
	('d352448a-fb58-11f0-87db-c3c8a1ce2650', 'dewi.indrawan068', 'gen2-archer-044', 'gen2.archer044@archeryhub.test', '', '54.jpg', 'Pemanah generasi kedua dengan kode GEN20044. Aktif berlatih dan berkompetisi di berbagai event nasional.', '12345', '', 'Archer Generasi 2 044', 'Gen2-044', '1994-01-27', 'male', 'IDN', '08700000044', 'Jl. Pemanah Generasi 2 No. 44', 'Denpasar', 'Bali', 'recurve', '6a108a88-f934-11f0-87db-c3c8a1ce2650', 'Aktif berpartisipasi dalam berbagai turnamen regional dan nasional.', 'active', '2026-01-27 08:18:59', '2026-01-28 14:51:00'),
	('d352452f-fb58-11f0-87db-c3c8a1ce2650', 'nur.soekarno030', 'gen2-archer-054', 'gen2.archer054@archeryhub.test', '', '64.jpg', 'Pemanah generasi kedua dengan kode GEN20054. Aktif berlatih dan berkompetisi di berbagai event nasional.', '12345', '', 'Archer Generasi 2 054', 'Gen2-054', '1999-01-27', 'male', 'IDN', '08700000054', 'Jl. Pemanah Generasi 2 No. 54', 'Denpasar', 'Bali', 'barebow', '6b60a3d5-f934-11f0-87db-c3c8a1ce2650', 'Aktif berpartisipasi dalam berbagai turnamen regional dan nasional.', 'active', '2026-01-27 08:18:59', '2026-01-28 14:51:00'),
	('d35245d3-fb58-11f0-87db-c3c8a1ce2650', 'dani.sutrisno093', 'gen2-archer-064', 'gen2.archer064@archeryhub.test', '', '57.jpg', 'Pemanah generasi kedua dengan kode GEN20064. Aktif berlatih dan berkompetisi di berbagai event nasional.', '12345', '', 'Archer Generasi 2 064', 'Gen2-064', '2004-01-27', 'male', 'IDN', '08700000064', 'Jl. Pemanah Generasi 2 No. 64', 'Denpasar', 'Bali', 'recurve', '6bf61fb8-f934-11f0-87db-c3c8a1ce2650', 'Aktif berpartisipasi dalam berbagai turnamen regional dan nasional.', 'active', '2026-01-27 08:18:59', '2026-01-28 14:51:00'),
	('d3524676-fb58-11f0-87db-c3c8a1ce2650', 'maya.sari056', 'gen2-archer-074', 'gen2.archer074@archeryhub.test', '', '92.jpg', 'Pemanah generasi kedua dengan kode GEN20074. Aktif berlatih dan berkompetisi di berbagai event nasional.', '12345', '', 'Archer Generasi 2 074', 'Gen2-074', '1994-01-27', 'male', 'IDN', '08700000074', 'Jl. Pemanah Generasi 2 No. 74', 'Denpasar', 'Bali', 'barebow', '6c839327-f934-11f0-87db-c3c8a1ce2650', 'Aktif berpartisipasi dalam berbagai turnamen regional dan nasional.', 'active', '2026-01-27 08:18:59', '2026-01-28 14:51:00'),
	('d352471c-fb58-11f0-87db-c3c8a1ce2650', 'dewi.indrawan018', 'gen2-archer-084', 'gen2.archer084@archeryhub.test', '', '91.jpg', 'Pemanah generasi kedua dengan kode GEN20084. Aktif berlatih dan berkompetisi di berbagai event nasional.', '12345', '', 'Archer Generasi 2 084', 'Gen2-084', '1999-01-27', 'male', 'IDN', '08700000084', 'Jl. Pemanah Generasi 2 No. 84', 'Denpasar', 'Bali', 'recurve', '5443f8d7-fb21-11f0-87db-c3c8a1ce2650', 'Aktif berpartisipasi dalam berbagai turnamen regional dan nasional.', 'active', '2026-01-27 08:18:59', '2026-01-28 14:51:00'),
	('d35247bf-fb58-11f0-87db-c3c8a1ce2650', 'okta.soedjono081', 'gen2-archer-094', 'gen2.archer094@archeryhub.test', '', '80.jpg', 'Pemanah generasi kedua dengan kode GEN20094. Aktif berlatih dan berkompetisi di berbagai event nasional.', '12345', '', 'Archer Generasi 2 094', 'Gen2-094', '2004-01-27', 'male', 'IDN', '08700000094', 'Jl. Pemanah Generasi 2 No. 94', 'Denpasar', 'Bali', 'barebow', '6bf61fb8-f934-11f0-87db-c3c8a1ce2650', 'Aktif berpartisipasi dalam berbagai turnamen regional dan nasional.', 'active', '2026-01-27 08:18:59', '2026-01-28 14:51:00'),
	('d3524867-fb58-11f0-87db-c3c8a1ce2650', 'erik.rahayu044', 'gen2-archer-005', 'gen2.archer005@archeryhub.test', '', '27.jpg', 'Pemanah generasi kedua dengan kode GEN20005. Aktif berlatih dan berkompetisi di berbagai event nasional.', '12345', '', 'Archer Generasi 2 005', 'Gen2-005', '2003-01-27', 'female', 'IDN', '08700000005', 'Jl. Pemanah Generasi 2 No. 5', 'Jakarta', 'DKI Jakarta', 'compound', '5443f8d7-fb21-11f0-87db-c3c8a1ce2650', 'Aktif berpartisipasi dalam berbagai turnamen regional dan nasional.', 'active', '2026-01-27 08:18:59', '2026-01-28 14:51:00'),
	('d35249a4-fb58-11f0-87db-c3c8a1ce2650', 'maya.sari006', 'gen2-archer-015', 'gen2.archer015@archeryhub.test', '', '97.jpg', 'Pemanah generasi kedua dengan kode GEN20015. Aktif berlatih dan berkompetisi di berbagai event nasional.', '12345', '', 'Archer Generasi 2 015', 'Gen2-015', '2008-01-27', 'female', 'IDN', '08700000015', 'Jl. Pemanah Generasi 2 No. 15', 'Jakarta', 'DKI Jakarta', 'traditional', '6c839327-f934-11f0-87db-c3c8a1ce2650', 'Aktif berpartisipasi dalam berbagai turnamen regional dan nasional.', 'active', '2026-01-27 08:18:59', '2026-01-28 14:51:00'),
	('d3524a40-fb58-11f0-87db-c3c8a1ce2650', 'bayu.putra069', 'gen2-archer-025', 'gen2.archer025@archeryhub.test', '', '4.jpg', 'Pemanah generasi kedua dengan kode GEN20025. Aktif berlatih dan berkompetisi di berbagai event nasional.', '12345', '', 'Archer Generasi 2 025', 'Gen2-025', '1998-01-27', 'female', 'IDN', '08700000025', 'Jl. Pemanah Generasi 2 No. 25', 'Jakarta', 'DKI Jakarta', 'compound', '218e8243-6e03-41b3-a551-65936bd12815', 'Aktif berpartisipasi dalam berbagai turnamen regional dan nasional.', 'active', '2026-01-27 08:18:59', '2026-01-28 14:51:00'),
	('d3524ad9-fb58-11f0-87db-c3c8a1ce2650', 'okta.soedjono031', 'gen2-archer-035', 'gen2.archer035@archeryhub.test', '', '30.jpg', 'Pemanah generasi kedua dengan kode GEN20035. Aktif berlatih dan berkompetisi di berbagai event nasional.', '12345', '', 'Archer Generasi 2 035', 'Gen2-035', '2003-01-27', 'female', 'IDN', '08700000035', 'Jl. Pemanah Generasi 2 No. 35', 'Jakarta', 'DKI Jakarta', 'traditional', '6a108a88-f934-11f0-87db-c3c8a1ce2650', 'Aktif berpartisipasi dalam berbagai turnamen regional dan nasional.', 'active', '2026-01-27 08:18:59', '2026-01-28 14:51:00'),
	('d3524b72-fb58-11f0-87db-c3c8a1ce2650', 'erik.rahayu094', 'gen2-archer-045', 'gen2.archer045@archeryhub.test', '', '39.jpg', 'Pemanah generasi kedua dengan kode GEN20045. Aktif berlatih dan berkompetisi di berbagai event nasional.', '12345', '', 'Archer Generasi 2 045', 'Gen2-045', '2008-01-27', 'female', 'IDN', '08700000045', 'Jl. Pemanah Generasi 2 No. 45', 'Jakarta', 'DKI Jakarta', 'compound', '6b60a3d5-f934-11f0-87db-c3c8a1ce2650', 'Aktif berpartisipasi dalam berbagai turnamen regional dan nasional.', 'active', '2026-01-27 08:18:59', '2026-01-28 14:51:00'),
	('d3524c0b-fb58-11f0-87db-c3c8a1ce2650', 'eko.widodo057', 'gen2-archer-055', 'gen2.archer055@archeryhub.test', '', '7.jpg', 'Pemanah generasi kedua dengan kode GEN20055. Aktif berlatih dan berkompetisi di berbagai event nasional.', '12345', '', 'Archer Generasi 2 055', 'Gen2-055', '1998-01-27', 'female', 'IDN', '08700000055', 'Jl. Pemanah Generasi 2 No. 55', 'Jakarta', 'DKI Jakarta', 'traditional', '6bf61fb8-f934-11f0-87db-c3c8a1ce2650', 'Aktif berpartisipasi dalam berbagai turnamen regional dan nasional.', 'active', '2026-01-27 08:18:59', '2026-01-28 14:51:00'),
	('d3524ca5-fb58-11f0-87db-c3c8a1ce2650', 'bayu.putra019', 'gen2-archer-065', 'gen2.archer065@archeryhub.test', '', '15.jpg', 'Pemanah generasi kedua dengan kode GEN20065. Aktif berlatih dan berkompetisi di berbagai event nasional.', '12345', '', 'Archer Generasi 2 065', 'Gen2-065', '2003-01-27', 'female', 'IDN', '08700000065', 'Jl. Pemanah Generasi 2 No. 65', 'Jakarta', 'DKI Jakarta', 'compound', '6c839327-f934-11f0-87db-c3c8a1ce2650', 'Aktif berpartisipasi dalam berbagai turnamen regional dan nasional.', 'active', '2026-01-27 08:18:59', '2026-01-28 14:51:00'),
	('d3524d3e-fb58-11f0-87db-c3c8a1ce2650', 'prasetyo.soekamto082', 'gen2-archer-075', 'gen2.archer075@archeryhub.test', '', '57.jpg', 'Pemanah generasi kedua dengan kode GEN20075. Aktif berlatih dan berkompetisi di berbagai event nasional.', '12345', '', 'Archer Generasi 2 075', 'Gen2-075', '2008-01-27', 'female', 'IDN', '08700000075', 'Jl. Pemanah Generasi 2 No. 75', 'Jakarta', 'DKI Jakarta', 'traditional', '5443f8d7-fb21-11f0-87db-c3c8a1ce2650', 'Aktif berpartisipasi dalam berbagai turnamen regional dan nasional.', 'active', '2026-01-27 08:18:59', '2026-01-28 14:51:00'),
	('d3524dd8-fb58-11f0-87db-c3c8a1ce2650', 'fajar.wijaya045', 'gen2-archer-085', 'gen2.archer085@archeryhub.test', '', '41.jpg', 'Pemanah generasi kedua dengan kode GEN20085. Aktif berlatih dan berkompetisi di berbagai event nasional.', '12345', '', 'Archer Generasi 2 085', 'Gen2-085', '1998-01-27', 'female', 'IDN', '08700000085', 'Jl. Pemanah Generasi 2 No. 85', 'Jakarta', 'DKI Jakarta', 'compound', '6b60a3d5-f934-11f0-87db-c3c8a1ce2650', 'Aktif berpartisipasi dalam berbagai turnamen regional dan nasional.', 'active', '2026-01-27 08:18:59', '2026-01-28 14:51:00'),
	('d3524e70-fb58-11f0-87db-c3c8a1ce2650', 'eko.widodo007', 'gen2-archer-095', 'gen2.archer095@archeryhub.test', '', '33.jpg', 'Pemanah generasi kedua dengan kode GEN20095. Aktif berlatih dan berkompetisi di berbagai event nasional.', '12345', '', 'Archer Generasi 2 095', 'Gen2-095', '2003-01-27', 'female', 'IDN', '08700000095', 'Jl. Pemanah Generasi 2 No. 95', 'Jakarta', 'DKI Jakarta', 'traditional', '218e8243-6e03-41b3-a551-65936bd12815', 'Aktif berpartisipasi dalam berbagai turnamen regional dan nasional.', 'active', '2026-01-27 08:18:59', '2026-01-28 14:51:00'),
	('d3524f0a-fb58-11f0-87db-c3c8a1ce2650', 'nina.ramadhan070', 'gen2-archer-006', 'gen2.archer006@archeryhub.test', '', '42.jpg', 'Pemanah generasi kedua dengan kode GEN20006. Aktif berlatih dan berkompetisi di berbagai event nasional.', '12345', '', 'Archer Generasi 2 006', 'Gen2-006', '2002-01-27', 'male', 'IDN', '08700000006', 'Jl. Pemanah Generasi 2 No. 6', 'Bandung', 'Jawa Barat', 'barebow', '6a108a88-f934-11f0-87db-c3c8a1ce2650', 'Aktif berpartisipasi dalam berbagai turnamen regional dan nasional.', 'active', '2026-01-27 08:18:59', '2026-01-28 14:51:00'),
	('d3525005-fb58-11f0-87db-c3c8a1ce2650', 'prasetyo.soekamto032', 'gen2-archer-016', 'gen2.archer016@archeryhub.test', '', '14.jpg', 'Pemanah generasi kedua dengan kode GEN20016. Aktif berlatih dan berkompetisi di berbagai event nasional.', '12345', '', 'Archer Generasi 2 016', 'Gen2-016', '2007-01-27', 'male', 'IDN', '08700000016', 'Jl. Pemanah Generasi 2 No. 16', 'Bandung', 'Jawa Barat', 'recurve', '6c839327-f934-11f0-87db-c3c8a1ce2650', 'Aktif berpartisipasi dalam berbagai turnamen regional dan nasional.', 'active', '2026-01-27 08:18:59', '2026-01-28 14:51:00'),
	('d352510c-fb58-11f0-87db-c3c8a1ce2650', 'fajar.wijaya095', 'gen2-archer-026', 'gen2.archer026@archeryhub.test', '', '44.jpg', 'Pemanah generasi kedua dengan kode GEN20026. Aktif berlatih dan berkompetisi di berbagai event nasional.', '12345', '', 'Archer Generasi 2 026', 'Gen2-026', '1997-01-27', 'male', 'IDN', '08700000026', 'Jl. Pemanah Generasi 2 No. 26', 'Bandung', 'Jawa Barat', 'barebow', '6bf61fb8-f934-11f0-87db-c3c8a1ce2650', 'Aktif berpartisipasi dalam berbagai turnamen regional dan nasional.', 'active', '2026-01-27 08:18:59', '2026-01-28 14:51:00'),
	('d3525225-fb58-11f0-87db-c3c8a1ce2650', 'lina.nurhayati058', 'gen2-archer-036', 'gen2.archer036@archeryhub.test', '', '77.jpg', 'Pemanah generasi kedua dengan kode GEN20036. Aktif berlatih dan berkompetisi di berbagai event nasional.', '12345', '', 'Archer Generasi 2 036', 'Gen2-036', '2002-01-27', 'male', 'IDN', '08700000036', 'Jl. Pemanah Generasi 2 No. 36', 'Bandung', 'Jawa Barat', 'recurve', '6a108a88-f934-11f0-87db-c3c8a1ce2650', 'Aktif berpartisipasi dalam berbagai turnamen regional dan nasional.', 'active', '2026-01-27 08:18:59', '2026-01-28 14:51:00'),
	('d35252ec-fb58-11f0-87db-c3c8a1ce2650', 'nina.ramadhan020', 'gen2-archer-046', 'gen2.archer046@archeryhub.test', '', '55.jpg', 'Pemanah generasi kedua dengan kode GEN20046. Aktif berlatih dan berkompetisi di berbagai event nasional.', '12345', '', 'Archer Generasi 2 046', 'Gen2-046', '2007-01-27', 'male', 'IDN', '08700000046', 'Jl. Pemanah Generasi 2 No. 46', 'Bandung', 'Jawa Barat', 'barebow', '6bf61fb8-f934-11f0-87db-c3c8a1ce2650', 'Aktif berpartisipasi dalam berbagai turnamen regional dan nasional.', 'active', '2026-01-27 08:18:59', '2026-01-28 14:51:00'),
	('d352538d-fb58-11f0-87db-c3c8a1ce2650', 'rama.soedjatmiko083', 'gen2-archer-056', 'gen2.archer056@archeryhub.test', '', '45.jpg', 'Pemanah generasi kedua dengan kode GEN20056. Aktif berlatih dan berkompetisi di berbagai event nasional.', '12345', '', 'Archer Generasi 2 056', 'Gen2-056', '1997-01-27', 'male', 'IDN', '08700000056', 'Jl. Pemanah Generasi 2 No. 56', 'Bandung', 'Jawa Barat', 'recurve', '6b60a3d5-f934-11f0-87db-c3c8a1ce2650', 'Aktif berpartisipasi dalam berbagai turnamen regional dan nasional.', 'active', '2026-01-27 08:18:59', '2026-01-28 14:51:00'),
	('d3525427-fb58-11f0-87db-c3c8a1ce2650', 'guntur.kusuma046', 'gen2-archer-066', 'gen2.archer066@archeryhub.test', '', '58.jpg', 'Pemanah generasi kedua dengan kode GEN20066. Aktif berlatih dan berkompetisi di berbagai event nasional.', '12345', '', 'Archer Generasi 2 066', 'Gen2-066', '2002-01-27', 'male', 'IDN', '08700000066', 'Jl. Pemanah Generasi 2 No. 66', 'Bandung', 'Jawa Barat', 'barebow', '6bf61fb8-f934-11f0-87db-c3c8a1ce2650', 'Aktif berpartisipasi dalam berbagai turnamen regional dan nasional.', 'active', '2026-01-27 08:18:59', '2026-01-28 14:51:00'),
	('d35254c4-fb58-11f0-87db-c3c8a1ce2650', 'lina.nurhayati008', 'gen2-archer-076', 'gen2.archer076@archeryhub.test', '', '57.jpg', 'Pemanah generasi kedua dengan kode GEN20076. Aktif berlatih dan berkompetisi di berbagai event nasional.', '12345', '', 'Archer Generasi 2 076', 'Gen2-076', '2007-01-27', 'male', 'IDN', '08700000076', 'Jl. Pemanah Generasi 2 No. 76', 'Bandung', 'Jawa Barat', 'recurve', '6c839327-f934-11f0-87db-c3c8a1ce2650', 'Aktif berpartisipasi dalam berbagai turnamen regional dan nasional.', 'active', '2026-01-27 08:18:59', '2026-01-28 14:51:00'),
	('d352555e-fb58-11f0-87db-c3c8a1ce2650', 'dedi.hermawan071', 'gen2-archer-086', 'gen2.archer086@archeryhub.test', '', '12.jpg', 'Pemanah generasi kedua dengan kode GEN20086. Aktif berlatih dan berkompetisi di berbagai event nasional.', '12345', '', 'Archer Generasi 2 086', 'Gen2-086', '1997-01-27', 'male', 'IDN', '08700000086', 'Jl. Pemanah Generasi 2 No. 86', 'Bandung', 'Jawa Barat', 'barebow', '5443f8d7-fb21-11f0-87db-c3c8a1ce2650', 'Aktif berpartisipasi dalam berbagai turnamen regional dan nasional.', 'active', '2026-01-27 08:18:59', '2026-01-28 14:51:00'),
	('d35255fa-fb58-11f0-87db-c3c8a1ce2650', 'rama.soedjatmiko033', 'gen2-archer-096', 'gen2.archer096@archeryhub.test', '', '91.jpg', 'Pemanah generasi kedua dengan kode GEN20096. Aktif berlatih dan berkompetisi di berbagai event nasional.', '12345', '', 'Archer Generasi 2 096', 'Gen2-096', '2002-01-27', 'male', 'IDN', '08700000096', 'Jl. Pemanah Generasi 2 No. 96', 'Bandung', 'Jawa Barat', 'recurve', '218e8243-6e03-41b3-a551-65936bd12815', 'Aktif berpartisipasi dalam berbagai turnamen regional dan nasional.', 'active', '2026-01-27 08:18:59', '2026-01-28 14:51:00'),
	('d3525693-fb58-11f0-87db-c3c8a1ce2650', 'guntur.kusuma096', 'gen2-archer-007', 'gen2.archer007@archeryhub.test', '', '17.jpg', 'Pemanah generasi kedua dengan kode GEN20007. Aktif berlatih dan berkompetisi di berbagai event nasional.', '12345', '', 'Archer Generasi 2 007', 'Gen2-007', '2001-01-27', 'female', 'IDN', '08700000007', 'Jl. Pemanah Generasi 2 No. 7', 'Surabaya', 'Jawa Timur', 'traditional', '6a108a88-f934-11f0-87db-c3c8a1ce2650', 'Aktif berpartisipasi dalam berbagai turnamen regional dan nasional.', 'active', '2026-01-27 08:18:59', '2026-01-28 14:51:00'),
	('d3525735-fb58-11f0-87db-c3c8a1ce2650', 'agus.sutrisno059', 'gen2-archer-017', 'gen2.archer017@archeryhub.test', '', '11.jpg', 'Pemanah generasi kedua dengan kode GEN20017. Aktif berlatih dan berkompetisi di berbagai event nasional.', '12345', '', 'Archer Generasi 2 017', 'Gen2-017', '2006-01-27', 'female', 'IDN', '08700000017', 'Jl. Pemanah Generasi 2 No. 17', 'Surabaya', 'Jawa Timur', 'compound', '6a108a88-f934-11f0-87db-c3c8a1ce2650', 'Aktif berpartisipasi dalam berbagai turnamen regional dan nasional.', 'active', '2026-01-27 08:18:59', '2026-01-28 14:51:00'),
	('d352586a-fb58-11f0-87db-c3c8a1ce2650', 'dedi.hermawan021', 'gen2-archer-027', 'gen2.archer027@archeryhub.test', '', '8.jpg', 'Pemanah generasi kedua dengan kode GEN20027. Aktif berlatih dan berkompetisi di berbagai event nasional.', '12345', '', 'Archer Generasi 2 027', 'Gen2-027', '1996-01-27', 'female', 'IDN', '08700000027', 'Jl. Pemanah Generasi 2 No. 27', 'Surabaya', 'Jawa Timur', 'traditional', '5443f8d7-fb21-11f0-87db-c3c8a1ce2650', 'Aktif berpartisipasi dalam berbagai turnamen regional dan nasional.', 'active', '2026-01-27 08:18:59', '2026-01-28 14:51:00'),
	('d3525903-fb58-11f0-87db-c3c8a1ce2650', 'surya.widodo084', 'gen2-archer-037', 'gen2.archer037@archeryhub.test', '', '5.jpg', 'Pemanah generasi kedua dengan kode GEN20037. Aktif berlatih dan berkompetisi di berbagai event nasional.', '12345', '', 'Archer Generasi 2 037', 'Gen2-037', '2001-01-27', 'female', 'IDN', '08700000037', 'Jl. Pemanah Generasi 2 No. 37', 'Surabaya', 'Jawa Timur', 'compound', '6b60a3d5-f934-11f0-87db-c3c8a1ce2650', 'Aktif berpartisipasi dalam berbagai turnamen regional dan nasional.', 'active', '2026-01-27 08:18:59', '2026-01-28 14:51:00'),
	('d352599b-fb58-11f0-87db-c3c8a1ce2650', 'hendra.setiawan047', 'gen2-archer-047', 'gen2.archer047@archeryhub.test', '', '2.jpg', 'Pemanah generasi kedua dengan kode GEN20047. Aktif berlatih dan berkompetisi di berbagai event nasional.', '12345', '', 'Archer Generasi 2 047', 'Gen2-047', '2006-01-27', 'female', 'IDN', '08700000047', 'Jl. Pemanah Generasi 2 No. 47', 'Surabaya', 'Jawa Timur', 'traditional', '6bf61fb8-f934-11f0-87db-c3c8a1ce2650', 'Aktif berpartisipasi dalam berbagai turnamen regional dan nasional.', 'active', '2026-01-27 08:18:59', '2026-01-28 14:51:00'),
	('d3525a37-fb58-11f0-87db-c3c8a1ce2650', 'agus.sutrisno009', 'gen2-archer-057', 'gen2.archer057@archeryhub.test', '', '94.jpg', 'Pemanah generasi kedua dengan kode GEN20057. Aktif berlatih dan berkompetisi di berbagai event nasional.', '12345', '', 'Archer Generasi 2 057', 'Gen2-057', '1996-01-27', 'female', 'IDN', '08700000057', 'Jl. Pemanah Generasi 2 No. 57', 'Surabaya', 'Jawa Timur', 'compound', '6c839327-f934-11f0-87db-c3c8a1ce2650', 'Aktif berpartisipasi dalam berbagai turnamen regional dan nasional.', 'active', '2026-01-27 08:18:59', '2026-01-28 14:51:00'),
	('d3525acf-fb58-11f0-87db-c3c8a1ce2650', 'lisa.kurniawan072', 'gen2-archer-067', 'gen2.archer067@archeryhub.test', '', '67.jpg', 'Pemanah generasi kedua dengan kode GEN20067. Aktif berlatih dan berkompetisi di berbagai event nasional.', '12345', '', 'Archer Generasi 2 067', 'Gen2-067', '2001-01-27', 'female', 'IDN', '08700000067', 'Jl. Pemanah Generasi 2 No. 67', 'Surabaya', 'Jawa Timur', 'traditional', '5443f8d7-fb21-11f0-87db-c3c8a1ce2650', 'Aktif berpartisipasi dalam berbagai turnamen regional dan nasional.', 'active', '2026-01-27 08:18:59', '2026-01-28 14:51:00'),
	('d3525b69-fb58-11f0-87db-c3c8a1ce2650', 'surya.widodo034', 'gen2-archer-077', 'gen2.archer077@archeryhub.test', '', '52.jpg', 'Pemanah generasi kedua dengan kode GEN20077. Aktif berlatih dan berkompetisi di berbagai event nasional.', '12345', '', 'Archer Generasi 2 077', 'Gen2-077', '2006-01-27', 'female', 'IDN', '08700000077', 'Jl. Pemanah Generasi 2 No. 77', 'Surabaya', 'Jawa Timur', 'compound', '218e8243-6e03-41b3-a551-65936bd12815', 'Aktif berpartisipasi dalam berbagai turnamen regional dan nasional.', 'active', '2026-01-27 08:18:59', '2026-01-28 14:51:00'),
	('d3525cae-fb58-11f0-87db-c3c8a1ce2650', 'hendra.setiawan097', 'gen2-archer-087', 'gen2.archer087@archeryhub.test', '', '61.jpg', 'Pemanah generasi kedua dengan kode GEN20087. Aktif berlatih dan berkompetisi di berbagai event nasional.', '12345', '', 'Archer Generasi 2 087', 'Gen2-087', '1996-01-27', 'female', 'IDN', '08700000087', 'Jl. Pemanah Generasi 2 No. 87', 'Surabaya', 'Jawa Timur', 'traditional', '6c839327-f934-11f0-87db-c3c8a1ce2650', 'Aktif berpartisipasi dalam berbagai turnamen regional dan nasional.', 'active', '2026-01-27 08:18:59', '2026-01-28 14:51:00'),
	('d3525d4c-fb58-11f0-87db-c3c8a1ce2650', 'fitri.rahayu060', 'gen2-archer-097', 'gen2.archer097@archeryhub.test', '', '47.jpg', 'Pemanah generasi kedua dengan kode GEN20097. Aktif berlatih dan berkompetisi di berbagai event nasional.', '12345', '', 'Archer Generasi 2 097', 'Gen2-097', '2001-01-27', 'female', 'IDN', '08700000097', 'Jl. Pemanah Generasi 2 No. 97', 'Surabaya', 'Jawa Timur', 'compound', '6a108a88-f934-11f0-87db-c3c8a1ce2650', 'Aktif berpartisipasi dalam berbagai turnamen regional dan nasional.', 'active', '2026-01-27 08:18:59', '2026-01-28 14:51:00'),
	('d3525de8-fb58-11f0-87db-c3c8a1ce2650', 'lisa.kurniawan022', 'gen2-archer-008', 'gen2.archer008@archeryhub.test', '', '54.jpg', 'Pemanah generasi kedua dengan kode GEN20008. Aktif berlatih dan berkompetisi di berbagai event nasional.', '12345', '', 'Archer Generasi 2 008', 'Gen2-008', '2000-01-27', 'male', 'IDN', '08700000008', 'Jl. Pemanah Generasi 2 No. 8', 'Yogyakarta', 'DI Yogyakarta', 'recurve', '6a108a88-f934-11f0-87db-c3c8a1ce2650', 'Aktif berpartisipasi dalam berbagai turnamen regional dan nasional.', 'active', '2026-01-27 08:18:59', '2026-01-28 14:51:00'),
	('d3525e8e-fb58-11f0-87db-c3c8a1ce2650', 'taufik.santoso085', 'gen2-archer-018', 'gen2.archer018@archeryhub.test', '', '29.jpg', 'Pemanah generasi kedua dengan kode GEN20018. Aktif berlatih dan berkompetisi di berbagai event nasional.', '12345', '', 'Archer Generasi 2 018', 'Gen2-018', '2005-01-27', 'male', 'IDN', '08700000018', 'Jl. Pemanah Generasi 2 No. 18', 'Yogyakarta', 'DI Yogyakarta', 'barebow', '6c839327-f934-11f0-87db-c3c8a1ce2650', 'Aktif berpartisipasi dalam berbagai turnamen regional dan nasional.', 'active', '2026-01-27 08:18:59', '2026-01-28 14:51:00'),
	('d3525f32-fb58-11f0-87db-c3c8a1ce2650', 'ilham.wardani048', 'gen2-archer-028', 'gen2.archer028@archeryhub.test', '', '82.jpg', 'Pemanah generasi kedua dengan kode GEN20028. Aktif berlatih dan berkompetisi di berbagai event nasional.', '12345', '', 'Archer Generasi 2 028', 'Gen2-028', '1995-01-27', 'male', 'IDN', '08700000028', 'Jl. Pemanah Generasi 2 No. 28', 'Yogyakarta', 'DI Yogyakarta', 'recurve', '5443f8d7-fb21-11f0-87db-c3c8a1ce2650', 'Aktif berpartisipasi dalam berbagai turnamen regional dan nasional.', 'active', '2026-01-27 08:18:59', '2026-01-28 14:51:00'),
	('d35260d5-fb58-11f0-87db-c3c8a1ce2650', 'fitri.rahayu010', 'gen2-archer-038', 'gen2.archer038@archeryhub.test', '', '26.jpg', 'Pemanah generasi kedua dengan kode GEN20038. Aktif berlatih dan berkompetisi di berbagai event nasional.', '12345', '', 'Archer Generasi 2 038', 'Gen2-038', '2000-01-27', 'male', 'IDN', '08700000038', 'Jl. Pemanah Generasi 2 No. 38', 'Yogyakarta', 'DI Yogyakarta', 'barebow', '6b60a3d5-f934-11f0-87db-c3c8a1ce2650', 'Aktif berpartisipasi dalam berbagai turnamen regional dan nasional.', 'active', '2026-01-27 08:18:59', '2026-01-28 14:51:00'),
	('d3526189-fb58-11f0-87db-c3c8a1ce2650', 'heru.wijayanto073', 'gen2-archer-048', 'gen2.archer048@archeryhub.test', '', '83.jpg', 'Pemanah generasi kedua dengan kode GEN20048. Aktif berlatih dan berkompetisi di berbagai event nasional.', '12345', '', 'Archer Generasi 2 048', 'Gen2-048', '2005-01-27', 'male', 'IDN', '08700000048', 'Jl. Pemanah Generasi 2 No. 48', 'Yogyakarta', 'DI Yogyakarta', 'recurve', '6c839327-f934-11f0-87db-c3c8a1ce2650', 'Aktif berpartisipasi dalam berbagai turnamen regional dan nasional.', 'active', '2026-01-27 08:18:59', '2026-01-28 14:51:00'),
	('d352622d-fb58-11f0-87db-c3c8a1ce2650', 'taufik.santoso035', 'gen2-archer-058', 'gen2.archer058@archeryhub.test', '', '37.jpg', 'Pemanah generasi kedua dengan kode GEN20058. Aktif berlatih dan berkompetisi di berbagai event nasional.', '12345', '', 'Archer Generasi 2 058', 'Gen2-058', '1995-01-27', 'male', 'IDN', '08700000058', 'Jl. Pemanah Generasi 2 No. 58', 'Yogyakarta', 'DI Yogyakarta', 'barebow', '6a108a88-f934-11f0-87db-c3c8a1ce2650', 'Aktif berpartisipasi dalam berbagai turnamen regional dan nasional.', 'active', '2026-01-27 08:18:59', '2026-01-28 14:51:00'),
	('d35262d3-fb58-11f0-87db-c3c8a1ce2650', 'ilham.wardani098', 'gen2-archer-068', 'gen2.archer068@archeryhub.test', '', '39.jpg', 'Pemanah generasi kedua dengan kode GEN20068. Aktif berlatih dan berkompetisi di berbagai event nasional.', '12345', '', 'Archer Generasi 2 068', 'Gen2-068', '2000-01-27', 'male', 'IDN', '08700000068', 'Jl. Pemanah Generasi 2 No. 68', 'Yogyakarta', 'DI Yogyakarta', 'recurve', '6b60a3d5-f934-11f0-87db-c3c8a1ce2650', 'Aktif berpartisipasi dalam berbagai turnamen regional dan nasional.', 'active', '2026-01-27 08:18:59', '2026-01-28 14:51:00'),
	('d3526377-fb58-11f0-87db-c3c8a1ce2650', 'rian.wijaya061', 'gen2-archer-078', 'gen2.archer078@archeryhub.test', '', '83.jpg', 'Pemanah generasi kedua dengan kode GEN20078. Aktif berlatih dan berkompetisi di berbagai event nasional.', '12345', '', 'Archer Generasi 2 078', 'Gen2-078', '2005-01-27', 'male', 'IDN', '08700000078', 'Jl. Pemanah Generasi 2 No. 78', 'Yogyakarta', 'DI Yogyakarta', 'barebow', '5443f8d7-fb21-11f0-87db-c3c8a1ce2650', 'Aktif berpartisipasi dalam berbagai turnamen regional dan nasional.', 'active', '2026-01-27 08:18:59', '2026-01-28 14:51:00'),
	('d352641b-fb58-11f0-87db-c3c8a1ce2650', 'heru.wijayanto023', 'gen2-archer-088', 'gen2.archer088@archeryhub.test', '', '97.jpg', 'Pemanah generasi kedua dengan kode GEN20088. Aktif berlatih dan berkompetisi di berbagai event nasional.', '12345', '', 'Archer Generasi 2 088', 'Gen2-088', '1995-01-27', 'male', 'IDN', '08700000088', 'Jl. Pemanah Generasi 2 No. 88', 'Yogyakarta', 'DI Yogyakarta', 'recurve', '6bf61fb8-f934-11f0-87db-c3c8a1ce2650', 'Aktif berpartisipasi dalam berbagai turnamen regional dan nasional.', 'active', '2026-01-27 08:18:59', '2026-01-28 14:51:00'),
	('d35264c1-fb58-11f0-87db-c3c8a1ce2650', 'udin.dewi086', 'gen2-archer-098', 'gen2.archer098@archeryhub.test', '', '36.jpg', 'Pemanah generasi kedua dengan kode GEN20098. Aktif berlatih dan berkompetisi di berbagai event nasional.', '12345', '', 'Archer Generasi 2 098', 'Gen2-098', '2000-01-27', 'male', 'IDN', '08700000098', 'Jl. Pemanah Generasi 2 No. 98', 'Yogyakarta', 'DI Yogyakarta', 'barebow', '6c839327-f934-11f0-87db-c3c8a1ce2650', 'Aktif berpartisipasi dalam berbagai turnamen regional dan nasional.', 'active', '2026-01-27 08:18:59', '2026-01-28 14:51:00'),
	('d3526566-fb58-11f0-87db-c3c8a1ce2650', 'jaya.gunawan049', 'gen2-archer-009', 'gen2.archer009@archeryhub.test', '', '90.jpg', 'Pemanah generasi kedua dengan kode GEN20009. Aktif berlatih dan berkompetisi di berbagai event nasional.', '12345', '', 'Archer Generasi 2 009', 'Gen2-009', '1999-01-27', 'female', 'IDN', '08700000009', 'Jl. Pemanah Generasi 2 No. 9', 'Denpasar', 'Bali', 'compound', '5443f8d7-fb21-11f0-87db-c3c8a1ce2650', 'Aktif berpartisipasi dalam berbagai turnamen regional dan nasional.', 'active', '2026-01-27 08:18:59', '2026-01-28 14:51:00'),
	('d352660c-fb58-11f0-87db-c3c8a1ce2650', 'rian.wijaya011', 'gen2-archer-019', 'gen2.archer019@archeryhub.test', '', '43.jpg', 'Pemanah generasi kedua dengan kode GEN20019. Aktif berlatih dan berkompetisi di berbagai event nasional.', '12345', '', 'Archer Generasi 2 019', 'Gen2-019', '2004-01-27', 'female', 'IDN', '08700000019', 'Jl. Pemanah Generasi 2 No. 19', 'Denpasar', 'Bali', 'traditional', '6b60a3d5-f934-11f0-87db-c3c8a1ce2650', 'Aktif berpartisipasi dalam berbagai turnamen regional dan nasional.', 'active', '2026-01-27 08:18:59', '2026-01-28 14:51:00'),
	('d35266b6-fb58-11f0-87db-c3c8a1ce2650', 'sari.handoko074', 'gen2-archer-029', 'gen2.archer029@archeryhub.test', '', '47.jpg', 'Pemanah generasi kedua dengan kode GEN20029. Aktif berlatih dan berkompetisi di berbagai event nasional.', '12345', '', 'Archer Generasi 2 029', 'Gen2-029', '1994-01-27', 'female', 'IDN', '08700000029', 'Jl. Pemanah Generasi 2 No. 29', 'Denpasar', 'Bali', 'compound', '218e8243-6e03-41b3-a551-65936bd12815', 'Aktif berpartisipasi dalam berbagai turnamen regional dan nasional.', 'active', '2026-01-27 08:18:59', '2026-01-28 14:51:00'),
	('d352675d-fb58-11f0-87db-c3c8a1ce2650', 'udin.dewi036', 'gen2-archer-039', 'gen2.archer039@archeryhub.test', '', '4.jpg', 'Pemanah generasi kedua dengan kode GEN20039. Aktif berlatih dan berkompetisi di berbagai event nasional.', '12345', '', 'Archer Generasi 2 039', 'Gen2-039', '1999-01-27', 'female', 'IDN', '08700000039', 'Jl. Pemanah Generasi 2 No. 39', 'Denpasar', 'Bali', 'traditional', '6c839327-f934-11f0-87db-c3c8a1ce2650', 'Aktif berpartisipasi dalam berbagai turnamen regional dan nasional.', 'active', '2026-01-27 08:18:59', '2026-01-28 14:51:00'),
	('d3526804-fb58-11f0-87db-c3c8a1ce2650', 'jaya.gunawan099', 'gen2-archer-049', 'gen2.archer049@archeryhub.test', '', '81.jpg', 'Pemanah generasi kedua dengan kode GEN20049. Aktif berlatih dan berkompetisi di berbagai event nasional.', '12345', '', 'Archer Generasi 2 049', 'Gen2-049', '2004-01-27', 'female', 'IDN', '08700000049', 'Jl. Pemanah Generasi 2 No. 49', 'Denpasar', 'Bali', 'compound', '6a108a88-f934-11f0-87db-c3c8a1ce2650', 'Aktif berpartisipasi dalam berbagai turnamen regional dan nasional.', 'active', '2026-01-27 08:18:59', '2026-01-28 14:51:00'),
	('d35268aa-fb58-11f0-87db-c3c8a1ce2650', 'dina.kusuma062', 'gen2-archer-059', 'gen2.archer059@archeryhub.test', '', '95.jpg', 'Pemanah generasi kedua dengan kode GEN20059. Aktif berlatih dan berkompetisi di berbagai event nasional.', '12345', '', 'Archer Generasi 2 059', 'Gen2-059', '1994-01-27', 'female', 'IDN', '08700000059', 'Jl. Pemanah Generasi 2 No. 59', 'Denpasar', 'Bali', 'traditional', '6b60a3d5-f934-11f0-87db-c3c8a1ce2650', 'Aktif berpartisipasi dalam berbagai turnamen regional dan nasional.', 'active', '2026-01-27 08:18:59', '2026-01-28 14:51:00'),
	('d3526953-fb58-11f0-87db-c3c8a1ce2650', 'sari.handoko024', 'gen2-archer-069', 'gen2.archer069@archeryhub.test', '', '30.jpg', 'Pemanah generasi kedua dengan kode GEN20069. Aktif berlatih dan berkompetisi di berbagai event nasional.', '12345', '', 'Archer Generasi 2 069', 'Gen2-069', '1999-01-27', 'female', 'IDN', '08700000069', 'Jl. Pemanah Generasi 2 No. 69', 'Denpasar', 'Bali', 'compound', '6bf61fb8-f934-11f0-87db-c3c8a1ce2650', 'Aktif berpartisipasi dalam berbagai turnamen regional dan nasional.', 'active', '2026-01-27 08:18:59', '2026-01-28 14:51:00'),
	('d35269f7-fb58-11f0-87db-c3c8a1ce2650', 'verdi.prasetyo087', 'gen2-archer-079', 'gen2.archer079@archeryhub.test', '', '67.jpg', 'Pemanah generasi kedua dengan kode GEN20079. Aktif berlatih dan berkompetisi di berbagai event nasional.', '12345', '', 'Archer Generasi 2 079', 'Gen2-079', '2004-01-27', 'female', 'IDN', '08700000079', 'Jl. Pemanah Generasi 2 No. 79', 'Denpasar', 'Bali', 'traditional', '5443f8d7-fb21-11f0-87db-c3c8a1ce2650', 'Aktif berpartisipasi dalam berbagai turnamen regional dan nasional.', 'active', '2026-01-27 08:18:59', '2026-01-28 14:51:00'),
	('d3526a99-fb58-11f0-87db-c3c8a1ce2650', 'pemanahd3526a99', 'gen2-archer-089', 'gen2.archer089@archeryhub.test', '', '44.jpg', 'Pemanah generasi kedua dengan kode GEN20089. Aktif berlatih dan berkompetisi di berbagai event nasional.', '12345', '', 'Archer Generasi 2 089', 'Gen2-089', '1994-01-27', 'female', 'IDN', '08700000089', 'Jl. Pemanah Generasi 2 No. 89', 'Denpasar', 'Bali', 'compound', '6bf61fb8-f934-11f0-87db-c3c8a1ce2650', 'Aktif berpartisipasi dalam berbagai turnamen regional dan nasional.', 'active', '2026-01-27 08:18:59', '2026-01-28 14:51:00'),
	('d3526b3c-fb58-11f0-87db-c3c8a1ce2650', 'dina.kusuma012', 'gen2-archer-099', 'gen2.archer099@archeryhub.test', '', '18.jpg', 'Pemanah generasi kedua dengan kode GEN20099. Aktif berlatih dan berkompetisi di berbagai event nasional.', '12345', '', 'Archer Generasi 2 099', 'Gen2-099', '1999-01-27', 'female', 'IDN', '08700000099', 'Jl. Pemanah Generasi 2 No. 99', 'Denpasar', 'Bali', 'traditional', '6c839327-f934-11f0-87db-c3c8a1ce2650', 'Aktif berpartisipasi dalam berbagai turnamen regional dan nasional.', 'active', '2026-01-27 08:18:59', '2026-01-28 14:51:00'),
	('d3526be1-fb58-11f0-87db-c3c8a1ce2650', 'indra.pratama075', 'gen2-archer-010', 'gen2.archer010@archeryhub.test', '', '62.jpg', 'Pemanah generasi kedua dengan kode GEN20010. Aktif berlatih dan berkompetisi di berbagai event nasional.', '12345', '', 'Archer Generasi 2 010', 'Gen2-010', '1998-01-27', 'male', 'IDN', '08700000010', 'Jl. Pemanah Generasi 2 No. 10', 'Jakarta', 'DKI Jakarta', 'barebow', '5443f8d7-fb21-11f0-87db-c3c8a1ce2650', 'Aktif berpartisipasi dalam berbagai turnamen regional dan nasional.', 'active', '2026-01-27 08:18:59', '2026-01-28 14:51:00'),
	('d3526c81-fb58-11f0-87db-c3c8a1ce2650', 'verdi.prasetyo037', 'gen2-archer-020', 'gen2.archer020@archeryhub.test', '', '56.jpg', 'Pemanah generasi kedua dengan kode GEN20020. Aktif berlatih dan berkompetisi di berbagai event nasional.', '12345', '', 'Archer Generasi 2 020', 'Gen2-020', '2003-01-27', 'male', 'IDN', '08700000020', 'Jl. Pemanah Generasi 2 No. 20', 'Jakarta', 'DKI Jakarta', 'recurve', '6b60a3d5-f934-11f0-87db-c3c8a1ce2650', 'Aktif berpartisipasi dalam berbagai turnamen regional dan nasional.', 'active', '2026-01-27 08:18:59', '2026-01-28 14:51:00'),
	('d3526d1e-fb58-11f0-87db-c3c8a1ce2650', 'pemanahd3526d1e', 'gen2-archer-030', 'gen2.archer030@archeryhub.test', '', '94.jpg', 'Pemanah generasi kedua dengan kode GEN20030. Aktif berlatih dan berkompetisi di berbagai event nasional.', '12345', '', 'Archer Generasi 2 030', 'Gen2-030', '2008-01-27', 'male', 'IDN', '08700000030', 'Jl. Pemanah Generasi 2 No. 30', 'Jakarta', 'DKI Jakarta', 'barebow', '218e8243-6e03-41b3-a551-65936bd12815', 'Aktif berpartisipasi dalam berbagai turnamen regional dan nasional.', 'active', '2026-01-27 08:18:59', '2026-01-28 14:51:00'),
	('d3526dbc-fb58-11f0-87db-c3c8a1ce2650', 'bambang.setiawan063', 'gen2-archer-040', 'gen2.archer040@archeryhub.test', '', '1.jpg', 'Pemanah generasi kedua dengan kode GEN20040. Aktif berlatih dan berkompetisi di berbagai event nasional.', '12345', '', 'Archer Generasi 2 040', 'Gen2-040', '1998-01-27', 'male', 'IDN', '08700000040', 'Jl. Pemanah Generasi 2 No. 40', 'Jakarta', 'DKI Jakarta', 'recurve', '6c839327-f934-11f0-87db-c3c8a1ce2650', 'Aktif berpartisipasi dalam berbagai turnamen regional dan nasional.', 'active', '2026-01-27 08:18:59', '2026-01-28 14:51:00'),
	('d3526e59-fb58-11f0-87db-c3c8a1ce2650', 'indra.pratama025', 'gen2-archer-050', 'gen2.archer050@archeryhub.test', '', '23.jpg', 'Pemanah generasi kedua dengan kode GEN20050. Aktif berlatih dan berkompetisi di berbagai event nasional.', '12345', '', 'Archer Generasi 2 050', 'Gen2-050', '2003-01-27', 'male', 'IDN', '08700000050', 'Jl. Pemanah Generasi 2 No. 50', 'Jakarta', 'DKI Jakarta', 'barebow', '6a108a88-f934-11f0-87db-c3c8a1ce2650', 'Aktif berpartisipasi dalam berbagai turnamen regional dan nasional.', 'active', '2026-01-27 08:18:59', '2026-01-28 14:51:00'),
	('d3526ef6-fb58-11f0-87db-c3c8a1ce2650', 'wawan.kartika088', 'gen2-archer-060', 'gen2.archer060@archeryhub.test', '', '16.jpg', 'Pemanah generasi kedua dengan kode GEN20060. Aktif berlatih dan berkompetisi di berbagai event nasional.', '12345', '', 'Archer Generasi 2 060', 'Gen2-060', '2008-01-27', 'male', 'IDN', '08700000060', 'Jl. Pemanah Generasi 2 No. 60', 'Jakarta', 'DKI Jakarta', 'recurve', '218e8243-6e03-41b3-a551-65936bd12815', 'Aktif berpartisipasi dalam berbagai turnamen regional dan nasional.', 'active', '2026-01-27 08:18:59', '2026-01-28 14:51:00'),
	('d3526f94-fb58-11f0-87db-c3c8a1ce2650', 'budi.santoso051', 'gen2-archer-070', 'gen2.archer070@archeryhub.test', '', '8.jpg', 'Pemanah generasi kedua dengan kode GEN20070. Aktif berlatih dan berkompetisi di berbagai event nasional.', '12345', '', 'Archer Generasi 2 070', 'Gen2-070', '1998-01-27', 'male', 'IDN', '08700000070', 'Jl. Pemanah Generasi 2 No. 70', 'Jakarta', 'DKI Jakarta', 'barebow', '6b60a3d5-f934-11f0-87db-c3c8a1ce2650', 'Aktif berpartisipasi dalam berbagai turnamen regional dan nasional.', 'active', '2026-01-27 08:18:59', '2026-01-28 14:51:00'),
	('d3527031-fb58-11f0-87db-c3c8a1ce2650', 'bambang.setiawan013', 'gen2-archer-080', 'gen2.archer080@archeryhub.test', '', '93.jpg', 'Pemanah generasi kedua dengan kode GEN20080. Aktif berlatih dan berkompetisi di berbagai event nasional.', '12345', '', 'Archer Generasi 2 080', 'Gen2-080', '2003-01-27', 'male', 'IDN', '08700000080', 'Jl. Pemanah Generasi 2 No. 80', 'Jakarta', 'DKI Jakarta', 'recurve', '6a108a88-f934-11f0-87db-c3c8a1ce2650', 'Aktif berpartisipasi dalam berbagai turnamen regional dan nasional.', 'active', '2026-01-27 08:18:59', '2026-01-28 14:51:00'),
	('d35270ce-fb58-11f0-87db-c3c8a1ce2650', 'maya.soedarsono076', 'gen2-archer-090', 'gen2.archer090@archeryhub.test', '', '44.jpg', 'Pemanah generasi kedua dengan kode GEN20090. Aktif berlatih dan berkompetisi di berbagai event nasional.', '12345', '', 'Archer Generasi 2 090', 'Gen2-090', '2008-01-27', 'male', 'IDN', '08700000090', 'Jl. Pemanah Generasi 2 No. 90', 'Jakarta', 'DKI Jakarta', 'barebow', '6b60a3d5-f934-11f0-87db-c3c8a1ce2650', 'Aktif berpartisipasi dalam berbagai turnamen regional dan nasional.', 'active', '2026-01-27 08:18:59', '2026-01-28 14:51:00'),
	('d352716c-fb58-11f0-87db-c3c8a1ce2650', 'wawan.kartika038', 'gen2-archer-100', 'gen2.archer100@archeryhub.test', '', '39.jpg', 'Pemanah generasi kedua dengan kode GEN20100. Aktif berlatih dan berkompetisi di berbagai event nasional.', '12345', '', 'Archer Generasi 2 100', 'Gen2-100', '1998-01-27', 'male', 'IDN', '08700000100', 'Jl. Pemanah Generasi 2 No. 100', 'Jakarta', 'DKI Jakarta', 'recurve', '218e8243-6e03-41b3-a551-65936bd12815', 'Aktif berpartisipasi dalam berbagai turnamen regional dan nasional.', 'active', '2026-01-27 08:18:59', '2026-01-28 14:51:00'),
	('d9a0f67e-5ebf-4768-8967-08c423da4d30', 'm..rizkyd9a0f67e', 'm-rizky-pratama-d9a0f67e', 'barebow_archer_17@example.com', NULL, '62.jpg', 'Pemanah aktif dari Jakarta, DKI Jakarta. Bergabung dengan komunitas panahan Indonesia.', '12345', NULL, 'M. Rizky Pratama', 'M.', '1990-01-01', 'male', 'IDN', '08123456789', 'Jl. Panahan No. 22', 'Jakarta', 'DKI Jakarta', 'recurve', '218e8243-6e03-41b3-a551-65936bd12815', 'Aktif berpartisipasi dalam berbagai turnamen panahan.', 'active', '2026-01-23 14:01:50', '2026-01-28 10:36:19'),
	('da7d0e15-17d7-4749-a5bd-da6217f31c44', 'cahyo_hidayat_3', 'cahyo-hidayat-da7d0e15', 'cahyo_hidayat_3@example.com', NULL, '96.jpg', 'Pemanah aktif dari Jakarta, DKI Jakarta. Bergabung dengan komunitas panahan Indonesia.', '12345', NULL, 'Cahyo Hidayat', 'Cahyo', '2005-05-15', 'male', 'IDN', '08123456703', 'Jl. Archery No. 3, Jakarta', 'Jakarta', 'DKI Jakarta', 'recurve', '218e8243-6e03-41b3-a551-65936bd12815', 'Aktif berpartisipasi dalam berbagai turnamen panahan.', 'active', '2026-01-23 13:48:57', '2026-01-28 10:36:19'),
	('e0c97acf-3422-441f-ad1a-1a67933e2114', 'kusuma.wardhanae0c97acf', 'kusuma-wardhana-e0c97acf', 'barebow_archer_15@example.com', NULL, '93.jpg', 'Pemanah aktif dari Jakarta, DKI Jakarta. Bergabung dengan komunitas panahan Indonesia.', '12345', NULL, 'Kusuma Wardhana', 'Kusuma', '1990-01-01', 'male', 'IDN', '08123456789', 'Jl. Panahan No. 20', 'Jakarta', 'DKI Jakarta', 'recurve', '218e8243-6e03-41b3-a551-65936bd12815', 'Aktif berpartisipasi dalam berbagai turnamen panahan.', 'active', '2026-01-23 14:01:50', '2026-01-28 10:36:19'),
	('e2265fd4-eb75-45f7-8193-4bac9201c7e0', 'dedi.kurniawane2265fd4', 'dedi-kurniawan-e2265fd4', 'barebow_archer_8@example.com', NULL, '77.jpg', 'Pemanah aktif dari Jakarta, DKI Jakarta. Bergabung dengan komunitas panahan Indonesia.', '12345', NULL, 'Dedi Kurniawan', 'Dedi', '1990-01-01', 'male', 'IDN', '08123456789', 'Jl. Panahan No. 13', 'Jakarta', 'DKI Jakarta', 'recurve', '218e8243-6e03-41b3-a551-65936bd12815', 'Aktif berpartisipasi dalam berbagai turnamen panahan.', 'active', '2026-01-23 14:01:50', '2026-01-28 10:36:19'),
	('e480742c-618d-4a72-bdbe-e5539c4a4754', 'eko_prasetyo_5', 'eko-prasetyo-e480742c', 'eko_prasetyo_5@example.com', NULL, '6.jpg', 'Pemanah aktif dari Jakarta, DKI Jakarta. Bergabung dengan komunitas panahan Indonesia.', '12345', NULL, 'Eko Prasetyo', 'Eko', '1985-05-08', 'male', 'IDN', '08123456705', 'Jl. Archery No. 5, Jakarta', 'Jakarta', 'DKI Jakarta', 'recurve', '218e8243-6e03-41b3-a551-65936bd12815', 'Aktif berpartisipasi dalam berbagai turnamen panahan.', 'active', '2026-01-23 13:48:58', '2026-01-28 10:36:19'),
	('ea1c0ce4-91e6-4b64-b656-a5b6c96c663d', 'ahmad.fauziea1c0ce4', 'ahmad-fauzi-ea1c0ce4', 'barebow_archer_5@example.com', NULL, '99.jpg', 'Pemanah aktif dari Jakarta, DKI Jakarta. Bergabung dengan komunitas panahan Indonesia.', '12345', NULL, 'Ahmad Fauzi', 'Ahmad', '1990-01-01', 'male', 'IDN', '08123456789', 'Jl. Panahan No. 10', 'Jakarta', 'DKI Jakarta', 'recurve', '218e8243-6e03-41b3-a551-65936bd12815', 'Aktif berpartisipasi dalam berbagai turnamen panahan.', 'active', '2026-01-23 14:01:50', '2026-01-28 10:36:19'),
	('ed5bbe4b-59d2-4579-8431-30cb664ff712', 'fajar_ramadhan_6', 'fajar-ramadhan-ed5bbe4b', 'fajar_ramadhan_6@example.com', NULL, '79.jpg', 'Pemanah aktif dari Jakarta, DKI Jakarta. Bergabung dengan komunitas panahan Indonesia.', '12345', NULL, 'Fajar Ramadhan', 'Fajar', '1990-11-20', 'male', 'IDN', '08123456706', 'Jl. Archery No. 6, Jakarta', 'Jakarta', 'DKI Jakarta', 'recurve', '218e8243-6e03-41b3-a551-65936bd12815', 'Aktif berpartisipasi dalam berbagai turnamen panahan.', 'active', '2026-01-23 13:49:03', '2026-01-28 10:36:19'),
	('f3fe528a-d121-457a-abea-1e84aa4ceb0e', 'gunawan.wibowof3fe528a', 'gunawan-wibowo-f3fe528a', 'barebow_archer_11@example.com', NULL, '98.jpg', 'Pemanah aktif dari Jakarta, DKI Jakarta. Bergabung dengan komunitas panahan Indonesia.', '12345', NULL, 'Gunawan Wibowo', 'Gunawan', '1990-01-01', 'male', 'IDN', '08123456789', 'Jl. Panahan No. 16', 'Jakarta', 'DKI Jakarta', 'recurve', '218e8243-6e03-41b3-a551-65936bd12815', 'Aktif berpartisipasi dalam berbagai turnamen panahan.', 'active', '2026-01-23 14:01:50', '2026-01-28 10:36:19'),
	('f61e71c5-0cce-437d-b887-aee03554d5e8', 'oki_setiawan_15', 'oki-setiawan-f61e71c5', 'oki_setiawan_15@example.com', NULL, '52.jpg', 'Pemanah aktif dari Jakarta, DKI Jakarta. Bergabung dengan komunitas panahan Indonesia.', '12345', NULL, 'Oki Setiawan', 'Oki', '1990-08-23', 'female', 'IDN', '08123456715', 'Jl. Archery No. 15, Jakarta', 'Jakarta', 'DKI Jakarta', 'recurve', '218e8243-6e03-41b3-a551-65936bd12815', 'Aktif berpartisipasi dalam berbagai turnamen panahan.', 'active', '2026-01-23 13:49:16', '2026-01-28 10:36:19');

-- Dumping structure for table archeryhub.archer_profile
CREATE TABLE IF NOT EXISTS `archer_profile` (
  `id` varchar(36) NOT NULL,
  `archer_id` varchar(36) NOT NULL,
  `section_type` varchar(50) NOT NULL COMMENT 'Type of section: bio, achievements, stats, gallery, contact, social, etc.',
  `section_order` int(11) DEFAULT 0 COMMENT 'Order of display on profile page',
  `title` varchar(255) DEFAULT NULL COMMENT 'Optional section title',
  `content` text DEFAULT NULL COMMENT 'Section content (JSON or text depending on section_type)',
  `is_visible` tinyint(1) DEFAULT 1 COMMENT 'Whether section is visible on public profile',
  `metadata` longtext CHARACTER SET utf8mb4 COLLATE utf8mb4_bin DEFAULT NULL COMMENT 'Additional section metadata (e.g., gallery images, social links)' CHECK (json_valid(`metadata`)),
  `created_at` timestamp NOT NULL DEFAULT current_timestamp(),
  `updated_at` timestamp NOT NULL DEFAULT current_timestamp() ON UPDATE current_timestamp(),
  PRIMARY KEY (`id`),
  KEY `idx_archer_profile_archer` (`archer_id`),
  KEY `idx_archer_profile_order` (`archer_id`,`section_order`),
  KEY `idx_archer_profile_type` (`section_type`),
  CONSTRAINT `fk_archer_profile_archer` FOREIGN KEY (`archer_id`) REFERENCES `archers` (`uuid`) ON DELETE CASCADE
) ENGINE=InnoDB DEFAULT CHARSET=utf8mb4 COLLATE=utf8mb4_unicode_ci;

-- Dumping data for table archeryhub.archer_profile: ~0 rows (approximately)

-- Dumping structure for table archeryhub.assignment_history
CREATE TABLE IF NOT EXISTS `assignment_history` (
  `uuid` char(36) NOT NULL,
  `event_uuid` char(36) NOT NULL,
  `entity_type` varchar(50) NOT NULL COMMENT 'archer, match, target',
  `entity_uuid` char(36) NOT NULL,
  `previous_assignment` text DEFAULT NULL,
  `new_assignment` text DEFAULT NULL,
  `changed_by` char(36) DEFAULT NULL COMMENT 'user_uuid who made the change',
  `reason` varchar(255) DEFAULT NULL,
  `created_at` timestamp NOT NULL DEFAULT current_timestamp(),
  PRIMARY KEY (`uuid`),
  KEY `idx_ah_event` (`event_uuid`),
  KEY `idx_ah_entity` (`entity_type`,`entity_uuid`)
) ENGINE=InnoDB DEFAULT CHARSET=utf8mb4 COLLATE=utf8mb4_unicode_ci;

-- Dumping data for table archeryhub.assignment_history: ~0 rows (approximately)

-- Dumping structure for table archeryhub.cart_items
CREATE TABLE IF NOT EXISTS `cart_items` (
  `uuid` varchar(36) NOT NULL,
  `user_id` varchar(36) NOT NULL,
  `product_id` varchar(36) NOT NULL,
  `quantity` int(11) NOT NULL DEFAULT 1,
  `created_at` timestamp NOT NULL DEFAULT current_timestamp(),
  `updated_at` timestamp NOT NULL DEFAULT current_timestamp() ON UPDATE current_timestamp(),
  PRIMARY KEY (`uuid`),
  UNIQUE KEY `idx_user_product` (`user_id`,`product_id`)
) ENGINE=InnoDB DEFAULT CHARSET=latin1 COLLATE=latin1_swedish_ci;

-- Dumping data for table archeryhub.cart_items: ~0 rows (approximately)

-- Dumping structure for table archeryhub.clubs
CREATE TABLE IF NOT EXISTS `clubs` (
  `uuid` varchar(36) NOT NULL,
  `slug` varchar(255) DEFAULT NULL,
  `slug_changed` tinyint(1) DEFAULT 0,
  `username` varchar(50) DEFAULT NULL,
  `user_id` varchar(36) DEFAULT NULL,
  `name` varchar(255) NOT NULL,
  `abbreviation` varchar(20) DEFAULT NULL,
  `description` text DEFAULT NULL,
  `banner_url` varchar(500) DEFAULT NULL,
  `logo_url` varchar(500) DEFAULT NULL,
  `email` varchar(255) NOT NULL,
  `google_id` varchar(100) DEFAULT NULL,
  `avatar_url` varchar(255) DEFAULT NULL,
  `password` varchar(255) DEFAULT NULL,
  `role` enum('club','admin') DEFAULT 'club',
  `phone` varchar(20) DEFAULT NULL,
  `address` text DEFAULT NULL,
  `city` varchar(100) DEFAULT NULL,
  `province` varchar(100) DEFAULT NULL,
  `postal_code` varchar(10) DEFAULT NULL,
  `established_date` date DEFAULT NULL,
  `registration_number` varchar(100) DEFAULT NULL,
  `organization_id` varchar(36) DEFAULT NULL,
  `head_coach_name` varchar(255) DEFAULT NULL,
  `head_coach_phone` varchar(20) DEFAULT NULL,
  `training_schedule` text DEFAULT NULL,
  `facilities` text DEFAULT NULL,
  `membership_fee` decimal(12,2) DEFAULT NULL,
  `website` varchar(255) DEFAULT NULL,
  `social_facebook` varchar(255) DEFAULT NULL,
  `social_instagram` varchar(255) DEFAULT NULL,
  `social_media` longtext CHARACTER SET utf8mb4 COLLATE utf8mb4_bin DEFAULT NULL CHECK (json_valid(`social_media`)),
  `page_settings` longtext CHARACTER SET utf8mb4 COLLATE utf8mb4_bin DEFAULT NULL CHECK (json_valid(`page_settings`)),
  `status` enum('active','inactive','suspended') DEFAULT 'active',
  `created_at` timestamp NOT NULL DEFAULT current_timestamp(),
  `updated_at` timestamp NOT NULL DEFAULT current_timestamp() ON UPDATE current_timestamp(),
  PRIMARY KEY (`uuid`),
  UNIQUE KEY `idx_clubs_email` (`email`),
  UNIQUE KEY `idx_clubs_username` (`username`),
  UNIQUE KEY `slug` (`slug`),
  KEY `idx_user_id` (`user_id`),
  KEY `idx_organization_id` (`organization_id`),
  KEY `idx_city` (`city`)
) ENGINE=InnoDB DEFAULT CHARSET=latin1 COLLATE=latin1_swedish_ci;

-- Dumping data for table archeryhub.clubs: ~9 rows (approximately)
INSERT INTO `clubs` (`uuid`, `slug`, `slug_changed`, `username`, `user_id`, `name`, `abbreviation`, `description`, `banner_url`, `logo_url`, `email`, `google_id`, `avatar_url`, `password`, `role`, `phone`, `address`, `city`, `province`, `postal_code`, `established_date`, `registration_number`, `organization_id`, `head_coach_name`, `head_coach_phone`, `training_schedule`, `facilities`, `membership_fee`, `website`, `social_facebook`, `social_instagram`, `social_media`, `page_settings`, `status`, `created_at`, `updated_at`) VALUES
	('218e8243-6e03-41b3-a551-65936bd12815', 'akun-ngekode', 0, 'ngekode24', 'USER-001', 'Akun Ngekode', 'ANG', 'Klub panahan yang berdedikasi untuk mengembangkan bakat dan prestasi atlet panahan di Indonesia', NULL, 'logo-ngekode-club-9166a70b.png', 'info@akunngekode.com', '108209379527075657295', 'logo-ngekode-club-9166a70b.png', '12345', 'club', '+62812345678', 'Jl. Merdeka No. 1, Jakarta Central', 'Jakarta', 'DKI Jakarta', '10110', '2020-01-15', 'REG-ANK-001', 'ORG-001', 'Coach Arief', '081234567890', '[{"day": "Senin", "time": "16:00 - 18:00"}, {"day": "Rabu", "time": "16:00 - 18:00"}, {"day": "Sabtu", "time": "08:00 - 11:00"}]', '["Wifi Gratis", "Loker Anggota", "Fasilitas Indoor 18m"]', 150000.00, 'https://akunngekode.com', '', '', '[]', '"{\\"sections\\":{\\"identity\\":true,\\"contact\\":true,\\"social\\":true,\\"facilities\\":true,\\"schedules\\":true}}"', 'active', '2026-01-21 05:42:59', '2026-01-28 14:51:34'),
	('5443f8d7-fb21-11f0-87db-c3c8a1ce2650', 'makassar-archery-club', 0, 'makassararchery', NULL, 'Makassar Archery Club', 'MAC', 'Klub panahan profesional di Makassar dengan fasilitas lengkap dan pelatih berpengalaman. Fokus pada pengembangan bakat atlet muda.', NULL, 'makassar-archery-club.png', 'info@makassararchery.com', NULL, 'makassar-archery-club.png', '12345', 'club', '081234567896', 'Jl. Ahmad Yani No. 45, Makassar', 'Makassar', 'Sulawesi Selatan', '90231', '2015-03-15', 'REG-MAC-2015-001', NULL, 'Budi Santoso', '081234567896', '[{"day": "Senin", "time": "16:00 - 18:00"}, {"day": "Rabu", "time": "16:00 - 18:00"}, {"day": "Jumat", "time": "16:00 - 18:00"}]', '["Area Istirahat", "Pelatih Bersertifikat", "Ruang Teori", "Wifi Gratis", "Fasilitas Indoor 18m", "Area Parkir Luas"]', 150000.00, 'https://makassararchery.com', 'https://facebook.com/makassararchery', 'https://instagram.com/makassararchery', NULL, NULL, 'active', '2026-01-27 01:41:44', '2026-01-28 14:51:34'),
	('6a108a88-f934-11f0-87db-c3c8a1ce2650', 'jakarta-elite-archery', 0, 'jakartaelite', 'USER-002', 'Jakarta Elite Archery', 'JEA', 'Klub panahan profesional di Jakarta dengan fasilitas lengkap dan pelatih berpengalaman.', NULL, 'jakarta-elite-archery.png', 'info@jakartaelitearchery.com', NULL, 'jakarta-elite-archery.png', '12345', 'club', '081234567890', 'GBK Senayan, Jakarta Selatan', 'Jakarta', 'DKI Jakarta', '12190', '2019-03-12', 'REG-JEA-001', 'ORG-001', 'Coach Budi', '081234567891', '[{"day":"Minggu","time":"08:00 - 10:00"}]', '["Fasilitas Indoor 18m", "Area Parkir Luas", "Lapangan Outdoor 70m", "Pelatih Bersertifikat", "Bengkel Busur", "Ruang Teori"]', 250000.00, 'https://jakartaelite.com', 'jakartaelite', 'jakartaelite', NULL, NULL, 'active', '2026-01-24 14:53:19', '2026-01-28 14:51:34'),
	('6b60a3d5-f934-11f0-87db-c3c8a1ce2650', 'borneo-eagle-club', 0, 'borneoeagle', 'USER-004', 'Borneo Eagle Club', 'BEC', 'Klub panahan di Kalimantan yang aktif mengikuti berbagai turnamen regional.', NULL, 'borneo-eagle-club.png', 'info@borneoeagle.com', NULL, 'borneo-eagle-club.png', '12345', 'club', '081234567892', 'Jl. Sudirman, Balikpapan', 'Balikpapan', 'Kalimantan Timur', '76114', '2021-02-10', 'REG-BEC-001', 'ORG-001', 'Coach Dedi', '081234567893', '[{"day":"Jumat","time":"16:00 - 18:00"}]', '["Fasilitas Indoor 18m", "Bengkel Busur", "Wifi Gratis", "Penyewaan Alat", "Ruang Teori"]', 175000.00, 'https://borneoeagle.com', 'borneoeagle', 'borneoeagle', NULL, NULL, 'active', '2026-01-24 14:53:21', '2026-01-28 14:51:34'),
	('6bf61fb8-f934-11f0-87db-c3c8a1ce2650', 'bali-zen-archery', 0, 'balizen', 'USER-005', 'Bali Zen Archery', 'BZA', 'Klub panahan di Bali dengan suasana latihan yang nyaman dan alam yang indah.', NULL, 'bali-zen-archery.png', 'info@balizenarchery.com', NULL, 'bali-zen-archery.png', '12345', 'club', '081234567893', 'Jl. Raya Ubud, Gianyar, Bali', 'Ubud', 'Bali', '80571', '2022-06-15', 'REG-BZA-001', 'ORG-001', 'Coach Eko', '081234567894', '[{"day":"Senin","time":"08:00 - 10:00"}]', '["Lapangan Outdoor 70m", "Area Istirahat", "Penyewaan Alat", "Pelatih Bersertifikat"]', 300000.00, 'https://balizenarchery.com', 'balizen', 'balizen', NULL, NULL, 'active', '2026-01-24 14:53:22', '2026-01-28 14:51:34'),
	('6c839327-f934-11f0-87db-c3c8a1ce2650', 'bandung-archery-club', 0, 'bandungarchery', 'USER-006', 'Bandung Archery Club', 'BAC', 'Klub panahan di Bandung dengan program latihan terstruktur untuk semua level.', NULL, 'bandung-archery-club.png', 'info@bandungarchery.com', NULL, 'bandung-archery-club.png', '12345', 'club', '081234567894', 'GOR Pajajaran, Bandung', 'Bandung', 'Jawa Barat', '40171', '2017-08-17', 'REG-BAC-001', 'ORG-001', 'Coach Fauzi', '081234567895', '[{"day":"Kamis","time":"16:00 - 18:00"}]', '["Kantilever Target Otomatis", "Wifi Gratis", "Lapangan Outdoor 70m", "Musholla", "Area Istirahat", "Area Parkir Luas"]', 125000.00, 'https://bandungarchery.com', 'bandungarchery', 'bandungarchery', NULL, NULL, 'active', '2026-01-24 14:53:23', '2026-01-28 14:51:34'),
	('9a1fb782-fb5a-11f0-87db-c3c8a1ce2650', 'surabaya-hero-archery', 0, NULL, NULL, 'Surabaya Hero Archery', NULL, NULL, NULL, 'surabaya-hero-archery.png', 'info@surabayahero.com', NULL, 'surabaya-hero-archery.png', '12345', 'club', '+62 812-3344-556', NULL, 'Surabaya', NULL, NULL, NULL, NULL, NULL, NULL, NULL, '[{"day": "Senin", "time": "16:00 - 18:00"}, {"day": "Rabu", "time": "16:00 - 18:00"}, {"day": "Sabtu", "time": "08:00 - 11:00"}]', '["Wifi Gratis", "Penyewaan Alat", "Area Istirahat", "Ruang Teori", "Lapangan Outdoor 70m", "Kantilever Target Otomatis"]', NULL, NULL, NULL, 'surabayahero.archery', NULL, NULL, 'active', '2026-01-28 03:01:28', '2026-01-28 14:51:34'),
	('9a1fb8f4-fb5a-11f0-87db-c3c8a1ce2650', 'yogyakarta-royal-archers', 0, NULL, NULL, 'Yogyakarta Royal Archers', NULL, NULL, NULL, 'yogyakarta-royal-archers.png', 'info@yogyakartaroyal.com', NULL, 'yogyakarta-royal-archers.png', '12345', 'club', '+62 877-6655-443', NULL, 'Yogyakarta', NULL, NULL, NULL, NULL, NULL, NULL, NULL, '[{"day": "Senin", "time": "16:00 - 18:00"}, {"day": "Rabu", "time": "16:00 - 18:00"}, {"day": "Sabtu", "time": "08:00 - 11:00"}]', '["Penyewaan Alat", "Loker Anggota", "Wifi Gratis", "Area Parkir Luas", "Fasilitas Indoor 18m", "Musholla"]', NULL, NULL, NULL, 'yogyaroyalarchers', NULL, NULL, 'active', '2026-01-28 03:01:28', '2026-01-28 14:51:34'),
	('9a1fbab3-fb5a-11f0-87db-c3c8a1ce2650', 'sumatra-tiger-archery', 0, NULL, NULL, 'Sumatra Tiger Archery', NULL, NULL, NULL, 'sumatra-tiger-archery.png', 'info@sumatratiger.com', NULL, 'sumatra-tiger-archery.png', '12345', 'club', '+62 858-9988-771', NULL, 'Medan', NULL, NULL, NULL, NULL, NULL, NULL, NULL, '[{"day": "Senin", "time": "16:00 - 18:00"}, {"day": "Rabu", "time": "16:00 - 18:00"}, {"day": "Sabtu", "time": "08:00 - 11:00"}]', '["Area Istirahat", "Pelatih Bersertifikat", "Bengkel Busur"]', NULL, NULL, NULL, 'sumatratigers.archery', NULL, NULL, 'active', '2026-01-28 03:01:28', '2026-01-28 14:51:34');

-- Dumping structure for table archeryhub.club_invitations
CREATE TABLE IF NOT EXISTS `club_invitations` (
  `uuid` varchar(36) NOT NULL,
  `club_id` varchar(36) NOT NULL,
  `email` varchar(255) NOT NULL,
  `invited_by` varchar(36) NOT NULL,
  `status` enum('pending','accepted','expired','cancelled') DEFAULT 'pending',
  `token` varchar(100) DEFAULT NULL,
  `message` text DEFAULT NULL,
  `expires_at` timestamp NOT NULL DEFAULT current_timestamp() ON UPDATE current_timestamp(),
  `accepted_at` timestamp NULL DEFAULT NULL,
  `created_at` timestamp NOT NULL DEFAULT current_timestamp(),
  PRIMARY KEY (`uuid`),
  UNIQUE KEY `token` (`token`),
  KEY `idx_invitations_club` (`club_id`),
  KEY `idx_invitations_email` (`email`),
  KEY `idx_invitations_token` (`token`),
  KEY `idx_invitations_status` (`status`)
) ENGINE=InnoDB DEFAULT CHARSET=latin1 COLLATE=latin1_swedish_ci;

-- Dumping data for table archeryhub.club_invitations: ~0 rows (approximately)

-- Dumping structure for table archeryhub.club_members
CREATE TABLE IF NOT EXISTS `club_members` (
  `uuid` varchar(36) NOT NULL,
  `club_id` varchar(36) NOT NULL,
  `archer_id` varchar(36) NOT NULL,
  `status` enum('pending','active','rejected','left') DEFAULT 'pending',
  `joined_at` timestamp NULL DEFAULT NULL,
  `created_at` timestamp NOT NULL DEFAULT current_timestamp(),
  `updated_at` timestamp NOT NULL DEFAULT current_timestamp() ON UPDATE current_timestamp(),
  PRIMARY KEY (`uuid`),
  UNIQUE KEY `unique_archer_club` (`archer_id`),
  KEY `idx_club_members_club` (`club_id`),
  KEY `idx_club_members_archer` (`archer_id`),
  KEY `idx_club_members_status` (`status`)
) ENGINE=InnoDB DEFAULT CHARSET=latin1 COLLATE=latin1_swedish_ci;

-- Dumping data for table archeryhub.club_members: ~179 rows (approximately)
INSERT INTO `club_members` (`uuid`, `club_id`, `archer_id`, `status`, `joined_at`, `created_at`, `updated_at`) VALUES
	('de9302ec-fbf5-11f0-87db-c3c8a1ce2650', '218e8243-6e03-41b3-a551-65936bd12815', 'c7eb4bbf-05a9-4e8f-bf6a-18c1de893137', 'active', '2026-01-28 03:03:09', '2026-01-28 03:03:09', '2026-01-28 03:03:09'),
	('de9305b7-fbf5-11f0-87db-c3c8a1ce2650', '218e8243-6e03-41b3-a551-65936bd12815', 'cc94bb51-468f-4cb4-af8b-ded2956d365e', 'active', '2026-01-28 03:03:09', '2026-01-28 03:03:09', '2026-01-28 03:03:09'),
	('de930698-fbf5-11f0-87db-c3c8a1ce2650', '218e8243-6e03-41b3-a551-65936bd12815', 'd3522dca-fb58-11f0-87db-c3c8a1ce2650', 'active', '2026-01-28 03:03:09', '2026-01-28 03:03:09', '2026-01-28 03:03:09'),
	('de93070d-fbf5-11f0-87db-c3c8a1ce2650', '218e8243-6e03-41b3-a551-65936bd12815', 'd352306c-fb58-11f0-87db-c3c8a1ce2650', 'active', '2026-01-28 03:03:09', '2026-01-28 03:03:09', '2026-01-28 03:03:09'),
	('de930772-fbf5-11f0-87db-c3c8a1ce2650', '218e8243-6e03-41b3-a551-65936bd12815', 'd35231a9-fb58-11f0-87db-c3c8a1ce2650', 'active', '2026-01-28 03:03:09', '2026-01-28 03:03:09', '2026-01-28 03:03:09'),
	('de9307d9-fbf5-11f0-87db-c3c8a1ce2650', '218e8243-6e03-41b3-a551-65936bd12815', 'd3523248-fb58-11f0-87db-c3c8a1ce2650', 'active', '2026-01-28 03:03:09', '2026-01-28 03:03:09', '2026-01-28 03:03:09'),
	('de930837-fbf5-11f0-87db-c3c8a1ce2650', '218e8243-6e03-41b3-a551-65936bd12815', 'd35236b0-fb58-11f0-87db-c3c8a1ce2650', 'active', '2026-01-28 03:03:09', '2026-01-28 03:03:09', '2026-01-28 03:03:09'),
	('de93089b-fbf5-11f0-87db-c3c8a1ce2650', '218e8243-6e03-41b3-a551-65936bd12815', 'd352374e-fb58-11f0-87db-c3c8a1ce2650', 'active', '2026-01-28 03:03:09', '2026-01-28 03:03:09', '2026-01-28 03:03:09'),
	('de9308f5-fbf5-11f0-87db-c3c8a1ce2650', '218e8243-6e03-41b3-a551-65936bd12815', 'd35237ef-fb58-11f0-87db-c3c8a1ce2650', 'active', '2026-01-28 03:03:09', '2026-01-28 03:03:09', '2026-01-28 03:03:09'),
	('de93094f-fbf5-11f0-87db-c3c8a1ce2650', '218e8243-6e03-41b3-a551-65936bd12815', 'd35239cb-fb58-11f0-87db-c3c8a1ce2650', 'active', '2026-01-28 03:03:09', '2026-01-28 03:03:09', '2026-01-28 03:03:09'),
	('de9309a3-fbf5-11f0-87db-c3c8a1ce2650', '218e8243-6e03-41b3-a551-65936bd12815', 'd3523b6a-fb58-11f0-87db-c3c8a1ce2650', 'active', '2026-01-28 03:03:09', '2026-01-28 03:03:09', '2026-01-28 03:03:09'),
	('de9309f4-fbf5-11f0-87db-c3c8a1ce2650', '218e8243-6e03-41b3-a551-65936bd12815', 'd3523cbe-fb58-11f0-87db-c3c8a1ce2650', 'active', '2026-01-28 03:03:09', '2026-01-28 03:03:09', '2026-01-28 03:03:09'),
	('de930a48-fbf5-11f0-87db-c3c8a1ce2650', '218e8243-6e03-41b3-a551-65936bd12815', 'd3523f5a-fb58-11f0-87db-c3c8a1ce2650', 'active', '2026-01-28 03:03:09', '2026-01-28 03:03:09', '2026-01-28 03:03:09'),
	('de930a9b-fbf5-11f0-87db-c3c8a1ce2650', '218e8243-6e03-41b3-a551-65936bd12815', 'd3524341-fb58-11f0-87db-c3c8a1ce2650', 'active', '2026-01-28 03:03:09', '2026-01-28 03:03:09', '2026-01-28 03:03:09'),
	('de930aee-fbf5-11f0-87db-c3c8a1ce2650', '218e8243-6e03-41b3-a551-65936bd12815', 'd35243e5-fb58-11f0-87db-c3c8a1ce2650', 'active', '2026-01-28 03:03:09', '2026-01-28 03:03:09', '2026-01-28 03:03:09'),
	('de930b47-fbf5-11f0-87db-c3c8a1ce2650', '218e8243-6e03-41b3-a551-65936bd12815', 'd3524a40-fb58-11f0-87db-c3c8a1ce2650', 'active', '2026-01-28 03:03:09', '2026-01-28 03:03:09', '2026-01-28 03:03:09'),
	('de930c37-fbf5-11f0-87db-c3c8a1ce2650', '218e8243-6e03-41b3-a551-65936bd12815', 'd3524e70-fb58-11f0-87db-c3c8a1ce2650', 'active', '2026-01-28 03:03:09', '2026-01-28 03:03:09', '2026-01-28 03:03:09'),
	('de930c84-fbf5-11f0-87db-c3c8a1ce2650', '218e8243-6e03-41b3-a551-65936bd12815', 'd35255fa-fb58-11f0-87db-c3c8a1ce2650', 'active', '2026-01-28 03:03:09', '2026-01-28 03:03:09', '2026-01-28 03:03:09'),
	('de930d72-fbf5-11f0-87db-c3c8a1ce2650', '218e8243-6e03-41b3-a551-65936bd12815', 'd3525b69-fb58-11f0-87db-c3c8a1ce2650', 'active', '2026-01-28 03:03:09', '2026-01-28 03:03:09', '2026-01-28 03:03:09'),
	('de930dbd-fbf5-11f0-87db-c3c8a1ce2650', '218e8243-6e03-41b3-a551-65936bd12815', 'd35266b6-fb58-11f0-87db-c3c8a1ce2650', 'active', '2026-01-28 03:03:09', '2026-01-28 03:03:09', '2026-01-28 03:03:09'),
	('de930e0e-fbf5-11f0-87db-c3c8a1ce2650', '218e8243-6e03-41b3-a551-65936bd12815', 'd3526d1e-fb58-11f0-87db-c3c8a1ce2650', 'active', '2026-01-28 03:03:09', '2026-01-28 03:03:09', '2026-01-28 03:03:09'),
	('de930e5b-fbf5-11f0-87db-c3c8a1ce2650', '218e8243-6e03-41b3-a551-65936bd12815', 'd3526ef6-fb58-11f0-87db-c3c8a1ce2650', 'active', '2026-01-28 03:03:09', '2026-01-28 03:03:09', '2026-01-28 03:03:09'),
	('de930ea8-fbf5-11f0-87db-c3c8a1ce2650', '218e8243-6e03-41b3-a551-65936bd12815', 'd352716c-fb58-11f0-87db-c3c8a1ce2650', 'active', '2026-01-28 03:03:09', '2026-01-28 03:03:09', '2026-01-28 03:03:09'),
	('de930ef4-fbf5-11f0-87db-c3c8a1ce2650', '218e8243-6e03-41b3-a551-65936bd12815', 'd9a0f67e-5ebf-4768-8967-08c423da4d30', 'active', '2026-01-28 03:03:09', '2026-01-28 03:03:09', '2026-01-28 03:03:09'),
	('de930f40-fbf5-11f0-87db-c3c8a1ce2650', '218e8243-6e03-41b3-a551-65936bd12815', 'da7d0e15-17d7-4749-a5bd-da6217f31c44', 'active', '2026-01-28 03:03:09', '2026-01-28 03:03:09', '2026-01-28 03:03:09'),
	('de930f8c-fbf5-11f0-87db-c3c8a1ce2650', '218e8243-6e03-41b3-a551-65936bd12815', 'e0c97acf-3422-441f-ad1a-1a67933e2114', 'active', '2026-01-28 03:03:09', '2026-01-28 03:03:09', '2026-01-28 03:03:09'),
	('de930fd4-fbf5-11f0-87db-c3c8a1ce2650', '218e8243-6e03-41b3-a551-65936bd12815', 'e2265fd4-eb75-45f7-8193-4bac9201c7e0', 'active', '2026-01-28 03:03:09', '2026-01-28 03:03:09', '2026-01-28 03:03:09'),
	('de931020-fbf5-11f0-87db-c3c8a1ce2650', '218e8243-6e03-41b3-a551-65936bd12815', 'e480742c-618d-4a72-bdbe-e5539c4a4754', 'active', '2026-01-28 03:03:09', '2026-01-28 03:03:09', '2026-01-28 03:03:09'),
	('de93106e-fbf5-11f0-87db-c3c8a1ce2650', '218e8243-6e03-41b3-a551-65936bd12815', 'ea1c0ce4-91e6-4b64-b656-a5b6c96c663d', 'active', '2026-01-28 03:03:09', '2026-01-28 03:03:09', '2026-01-28 03:03:09'),
	('de9310b7-fbf5-11f0-87db-c3c8a1ce2650', '218e8243-6e03-41b3-a551-65936bd12815', 'ed5bbe4b-59d2-4579-8431-30cb664ff712', 'active', '2026-01-28 03:03:09', '2026-01-28 03:03:09', '2026-01-28 03:03:09'),
	('de931100-fbf5-11f0-87db-c3c8a1ce2650', '218e8243-6e03-41b3-a551-65936bd12815', 'f3fe528a-d121-457a-abea-1e84aa4ceb0e', 'active', '2026-01-28 03:03:09', '2026-01-28 03:03:09', '2026-01-28 03:03:09'),
	('de93114e-fbf5-11f0-87db-c3c8a1ce2650', '218e8243-6e03-41b3-a551-65936bd12815', 'f61e71c5-0cce-437d-b887-aee03554d5e8', 'active', '2026-01-28 03:03:09', '2026-01-28 03:03:09', '2026-01-28 03:03:09'),
	('de93119a-fbf5-11f0-87db-c3c8a1ce2650', '5443f8d7-fb21-11f0-87db-c3c8a1ce2650', '8b679925-fb59-11f0-87db-c3c8a1ce2650', 'active', '2026-01-28 03:03:09', '2026-01-28 03:03:09', '2026-01-28 03:03:09'),
	('de9311ed-fbf5-11f0-87db-c3c8a1ce2650', '5443f8d7-fb21-11f0-87db-c3c8a1ce2650', '8b67a3ef-fb59-11f0-87db-c3c8a1ce2650', 'active', '2026-01-28 03:03:09', '2026-01-28 03:03:09', '2026-01-28 03:03:09'),
	('de93123d-fbf5-11f0-87db-c3c8a1ce2650', '5443f8d7-fb21-11f0-87db-c3c8a1ce2650', 'd3522cc6-fb58-11f0-87db-c3c8a1ce2650', 'active', '2026-01-28 03:03:09', '2026-01-28 03:03:09', '2026-01-28 03:03:09'),
	('de931292-fbf5-11f0-87db-c3c8a1ce2650', '5443f8d7-fb21-11f0-87db-c3c8a1ce2650', 'd35234d7-fb58-11f0-87db-c3c8a1ce2650', 'active', '2026-01-28 03:03:09', '2026-01-28 03:03:09', '2026-01-28 03:03:09'),
	('de9312e6-fbf5-11f0-87db-c3c8a1ce2650', '5443f8d7-fb21-11f0-87db-c3c8a1ce2650', 'd3523577-fb58-11f0-87db-c3c8a1ce2650', 'active', '2026-01-28 03:03:09', '2026-01-28 03:03:09', '2026-01-28 03:03:09'),
	('de931338-fbf5-11f0-87db-c3c8a1ce2650', '5443f8d7-fb21-11f0-87db-c3c8a1ce2650', 'd3523ac1-fb58-11f0-87db-c3c8a1ce2650', 'active', '2026-01-28 03:03:09', '2026-01-28 03:03:09', '2026-01-28 03:03:09'),
	('de93138a-fbf5-11f0-87db-c3c8a1ce2650', '5443f8d7-fb21-11f0-87db-c3c8a1ce2650', 'd35241f3-fb58-11f0-87db-c3c8a1ce2650', 'active', '2026-01-28 03:03:09', '2026-01-28 03:03:09', '2026-01-28 03:03:09'),
	('de9313de-fbf5-11f0-87db-c3c8a1ce2650', '5443f8d7-fb21-11f0-87db-c3c8a1ce2650', 'd352471c-fb58-11f0-87db-c3c8a1ce2650', 'active', '2026-01-28 03:03:09', '2026-01-28 03:03:09', '2026-01-28 03:03:09'),
	('de931432-fbf5-11f0-87db-c3c8a1ce2650', '5443f8d7-fb21-11f0-87db-c3c8a1ce2650', 'd3524867-fb58-11f0-87db-c3c8a1ce2650', 'active', '2026-01-28 03:03:09', '2026-01-28 03:03:09', '2026-01-28 03:03:09'),
	('de931484-fbf5-11f0-87db-c3c8a1ce2650', '5443f8d7-fb21-11f0-87db-c3c8a1ce2650', 'd3524d3e-fb58-11f0-87db-c3c8a1ce2650', 'active', '2026-01-28 03:03:09', '2026-01-28 03:03:09', '2026-01-28 03:03:09'),
	('de9314d3-fbf5-11f0-87db-c3c8a1ce2650', '5443f8d7-fb21-11f0-87db-c3c8a1ce2650', 'd352555e-fb58-11f0-87db-c3c8a1ce2650', 'active', '2026-01-28 03:03:09', '2026-01-28 03:03:09', '2026-01-28 03:03:09'),
	('de931524-fbf5-11f0-87db-c3c8a1ce2650', '5443f8d7-fb21-11f0-87db-c3c8a1ce2650', 'd352586a-fb58-11f0-87db-c3c8a1ce2650', 'active', '2026-01-28 03:03:09', '2026-01-28 03:03:09', '2026-01-28 03:03:09'),
	('de931579-fbf5-11f0-87db-c3c8a1ce2650', '5443f8d7-fb21-11f0-87db-c3c8a1ce2650', 'd3525acf-fb58-11f0-87db-c3c8a1ce2650', 'active', '2026-01-28 03:03:09', '2026-01-28 03:03:09', '2026-01-28 03:03:09'),
	('de9315cb-fbf5-11f0-87db-c3c8a1ce2650', '5443f8d7-fb21-11f0-87db-c3c8a1ce2650', 'd3525f32-fb58-11f0-87db-c3c8a1ce2650', 'active', '2026-01-28 03:03:09', '2026-01-28 03:03:09', '2026-01-28 03:03:09'),
	('de93161e-fbf5-11f0-87db-c3c8a1ce2650', '5443f8d7-fb21-11f0-87db-c3c8a1ce2650', 'd3526377-fb58-11f0-87db-c3c8a1ce2650', 'active', '2026-01-28 03:03:09', '2026-01-28 03:03:09', '2026-01-28 03:03:09'),
	('de931674-fbf5-11f0-87db-c3c8a1ce2650', '5443f8d7-fb21-11f0-87db-c3c8a1ce2650', 'd3526566-fb58-11f0-87db-c3c8a1ce2650', 'active', '2026-01-28 03:03:09', '2026-01-28 03:03:09', '2026-01-28 03:03:09'),
	('de9316c7-fbf5-11f0-87db-c3c8a1ce2650', '5443f8d7-fb21-11f0-87db-c3c8a1ce2650', 'd35269f7-fb58-11f0-87db-c3c8a1ce2650', 'active', '2026-01-28 03:03:09', '2026-01-28 03:03:09', '2026-01-28 03:03:09'),
	('de931717-fbf5-11f0-87db-c3c8a1ce2650', '5443f8d7-fb21-11f0-87db-c3c8a1ce2650', 'd3526be1-fb58-11f0-87db-c3c8a1ce2650', 'active', '2026-01-28 03:03:09', '2026-01-28 03:03:09', '2026-01-28 03:03:09'),
	('de931769-fbf5-11f0-87db-c3c8a1ce2650', '6a108a88-f934-11f0-87db-c3c8a1ce2650', '8b679bc5-fb59-11f0-87db-c3c8a1ce2650', 'active', '2026-01-28 03:03:09', '2026-01-28 03:03:09', '2026-01-28 03:03:09'),
	('de9317bd-fbf5-11f0-87db-c3c8a1ce2650', '6a108a88-f934-11f0-87db-c3c8a1ce2650', '8b67a784-fb59-11f0-87db-c3c8a1ce2650', 'active', '2026-01-28 03:03:09', '2026-01-28 03:03:09', '2026-01-28 03:03:09'),
	('de931812-fbf5-11f0-87db-c3c8a1ce2650', '6a108a88-f934-11f0-87db-c3c8a1ce2650', 'd3522fcb-fb58-11f0-87db-c3c8a1ce2650', 'active', '2026-01-28 03:03:09', '2026-01-28 03:03:09', '2026-01-28 03:03:09'),
	('de931865-fbf5-11f0-87db-c3c8a1ce2650', '6a108a88-f934-11f0-87db-c3c8a1ce2650', 'd35232ea-fb58-11f0-87db-c3c8a1ce2650', 'active', '2026-01-28 03:03:09', '2026-01-28 03:03:09', '2026-01-28 03:03:09'),
	('de9318b6-fbf5-11f0-87db-c3c8a1ce2650', '6a108a88-f934-11f0-87db-c3c8a1ce2650', 'd3523d68-fb58-11f0-87db-c3c8a1ce2650', 'active', '2026-01-28 03:03:09', '2026-01-28 03:03:09', '2026-01-28 03:03:09'),
	('de931907-fbf5-11f0-87db-c3c8a1ce2650', '6a108a88-f934-11f0-87db-c3c8a1ce2650', 'd352414a-fb58-11f0-87db-c3c8a1ce2650', 'active', '2026-01-28 03:03:09', '2026-01-28 03:03:09', '2026-01-28 03:03:09'),
	('de93195c-fbf5-11f0-87db-c3c8a1ce2650', '6a108a88-f934-11f0-87db-c3c8a1ce2650', 'd352448a-fb58-11f0-87db-c3c8a1ce2650', 'active', '2026-01-28 03:03:09', '2026-01-28 03:03:09', '2026-01-28 03:03:09'),
	('de9319ac-fbf5-11f0-87db-c3c8a1ce2650', '6a108a88-f934-11f0-87db-c3c8a1ce2650', 'd3524ad9-fb58-11f0-87db-c3c8a1ce2650', 'active', '2026-01-28 03:03:09', '2026-01-28 03:03:09', '2026-01-28 03:03:09'),
	('de9319fb-fbf5-11f0-87db-c3c8a1ce2650', '6a108a88-f934-11f0-87db-c3c8a1ce2650', 'd3524f0a-fb58-11f0-87db-c3c8a1ce2650', 'active', '2026-01-28 03:03:09', '2026-01-28 03:03:09', '2026-01-28 03:03:09'),
	('de931a4e-fbf5-11f0-87db-c3c8a1ce2650', '6a108a88-f934-11f0-87db-c3c8a1ce2650', 'd3525225-fb58-11f0-87db-c3c8a1ce2650', 'active', '2026-01-28 03:03:09', '2026-01-28 03:03:09', '2026-01-28 03:03:09'),
	('de931aa4-fbf5-11f0-87db-c3c8a1ce2650', '6a108a88-f934-11f0-87db-c3c8a1ce2650', 'd3525693-fb58-11f0-87db-c3c8a1ce2650', 'active', '2026-01-28 03:03:09', '2026-01-28 03:03:09', '2026-01-28 03:03:09'),
	('de931af4-fbf5-11f0-87db-c3c8a1ce2650', '6a108a88-f934-11f0-87db-c3c8a1ce2650', 'd3525735-fb58-11f0-87db-c3c8a1ce2650', 'active', '2026-01-28 03:03:09', '2026-01-28 03:03:09', '2026-01-28 03:03:09'),
	('de931b48-fbf5-11f0-87db-c3c8a1ce2650', '6a108a88-f934-11f0-87db-c3c8a1ce2650', 'd3525d4c-fb58-11f0-87db-c3c8a1ce2650', 'active', '2026-01-28 03:03:09', '2026-01-28 03:03:09', '2026-01-28 03:03:09'),
	('de931b98-fbf5-11f0-87db-c3c8a1ce2650', '6a108a88-f934-11f0-87db-c3c8a1ce2650', 'd3525de8-fb58-11f0-87db-c3c8a1ce2650', 'active', '2026-01-28 03:03:09', '2026-01-28 03:03:09', '2026-01-28 03:03:09'),
	('de931bed-fbf5-11f0-87db-c3c8a1ce2650', '6a108a88-f934-11f0-87db-c3c8a1ce2650', 'd352622d-fb58-11f0-87db-c3c8a1ce2650', 'active', '2026-01-28 03:03:09', '2026-01-28 03:03:09', '2026-01-28 03:03:09'),
	('de931c40-fbf5-11f0-87db-c3c8a1ce2650', '6a108a88-f934-11f0-87db-c3c8a1ce2650', 'd3526804-fb58-11f0-87db-c3c8a1ce2650', 'active', '2026-01-28 03:03:09', '2026-01-28 03:03:09', '2026-01-28 03:03:09'),
	('de931c90-fbf5-11f0-87db-c3c8a1ce2650', '6a108a88-f934-11f0-87db-c3c8a1ce2650', 'd3526e59-fb58-11f0-87db-c3c8a1ce2650', 'active', '2026-01-28 03:03:09', '2026-01-28 03:03:09', '2026-01-28 03:03:09'),
	('de931ce3-fbf5-11f0-87db-c3c8a1ce2650', '6a108a88-f934-11f0-87db-c3c8a1ce2650', 'd3527031-fb58-11f0-87db-c3c8a1ce2650', 'active', '2026-01-28 03:03:09', '2026-01-28 03:03:09', '2026-01-28 03:03:09'),
	('de931d3a-fbf5-11f0-87db-c3c8a1ce2650', '6b60a3d5-f934-11f0-87db-c3c8a1ce2650', '8b679d97-fb59-11f0-87db-c3c8a1ce2650', 'active', '2026-01-28 03:03:09', '2026-01-28 03:03:09', '2026-01-28 03:03:09'),
	('de931d8c-fbf5-11f0-87db-c3c8a1ce2650', '6b60a3d5-f934-11f0-87db-c3c8a1ce2650', '8b67a997-fb59-11f0-87db-c3c8a1ce2650', 'active', '2026-01-28 03:03:09', '2026-01-28 03:03:09', '2026-01-28 03:03:09'),
	('de931ddc-fbf5-11f0-87db-c3c8a1ce2650', '6b60a3d5-f934-11f0-87db-c3c8a1ce2650', 'd3522f29-fb58-11f0-87db-c3c8a1ce2650', 'active', '2026-01-28 03:03:09', '2026-01-28 03:03:09', '2026-01-28 03:03:09'),
	('de931e32-fbf5-11f0-87db-c3c8a1ce2650', '6b60a3d5-f934-11f0-87db-c3c8a1ce2650', 'd352310a-fb58-11f0-87db-c3c8a1ce2650', 'active', '2026-01-28 03:03:09', '2026-01-28 03:03:09', '2026-01-28 03:03:09'),
	('de931e85-fbf5-11f0-87db-c3c8a1ce2650', '6b60a3d5-f934-11f0-87db-c3c8a1ce2650', 'd3523c18-fb58-11f0-87db-c3c8a1ce2650', 'active', '2026-01-28 03:03:09', '2026-01-28 03:03:09', '2026-01-28 03:03:09'),
	('de931ed6-fbf5-11f0-87db-c3c8a1ce2650', '6b60a3d5-f934-11f0-87db-c3c8a1ce2650', 'd3523eb5-fb58-11f0-87db-c3c8a1ce2650', 'active', '2026-01-28 03:03:09', '2026-01-28 03:03:09', '2026-01-28 03:03:09'),
	('de931fce-fbf5-11f0-87db-c3c8a1ce2650', '6b60a3d5-f934-11f0-87db-c3c8a1ce2650', 'd352452f-fb58-11f0-87db-c3c8a1ce2650', 'active', '2026-01-28 03:03:09', '2026-01-28 03:03:09', '2026-01-28 03:03:09'),
	('de932025-fbf5-11f0-87db-c3c8a1ce2650', '6b60a3d5-f934-11f0-87db-c3c8a1ce2650', 'd3524b72-fb58-11f0-87db-c3c8a1ce2650', 'active', '2026-01-28 03:03:09', '2026-01-28 03:03:09', '2026-01-28 03:03:09'),
	('de93207b-fbf5-11f0-87db-c3c8a1ce2650', '6b60a3d5-f934-11f0-87db-c3c8a1ce2650', 'd3524dd8-fb58-11f0-87db-c3c8a1ce2650', 'active', '2026-01-28 03:03:09', '2026-01-28 03:03:09', '2026-01-28 03:03:09'),
	('de9320d0-fbf5-11f0-87db-c3c8a1ce2650', '6b60a3d5-f934-11f0-87db-c3c8a1ce2650', 'd352538d-fb58-11f0-87db-c3c8a1ce2650', 'active', '2026-01-28 03:03:09', '2026-01-28 03:03:09', '2026-01-28 03:03:09'),
	('de932125-fbf5-11f0-87db-c3c8a1ce2650', '6b60a3d5-f934-11f0-87db-c3c8a1ce2650', 'd3525903-fb58-11f0-87db-c3c8a1ce2650', 'active', '2026-01-28 03:03:09', '2026-01-28 03:03:09', '2026-01-28 03:03:09'),
	('de932229-fbf5-11f0-87db-c3c8a1ce2650', '6b60a3d5-f934-11f0-87db-c3c8a1ce2650', 'd35260d5-fb58-11f0-87db-c3c8a1ce2650', 'active', '2026-01-28 03:03:09', '2026-01-28 03:03:09', '2026-01-28 03:03:09'),
	('de932285-fbf5-11f0-87db-c3c8a1ce2650', '6b60a3d5-f934-11f0-87db-c3c8a1ce2650', 'd35262d3-fb58-11f0-87db-c3c8a1ce2650', 'active', '2026-01-28 03:03:09', '2026-01-28 03:03:09', '2026-01-28 03:03:09'),
	('de9322dc-fbf5-11f0-87db-c3c8a1ce2650', '6b60a3d5-f934-11f0-87db-c3c8a1ce2650', 'd352660c-fb58-11f0-87db-c3c8a1ce2650', 'active', '2026-01-28 03:03:09', '2026-01-28 03:03:09', '2026-01-28 03:03:09'),
	('de932333-fbf5-11f0-87db-c3c8a1ce2650', '6b60a3d5-f934-11f0-87db-c3c8a1ce2650', 'd35268aa-fb58-11f0-87db-c3c8a1ce2650', 'active', '2026-01-28 03:03:09', '2026-01-28 03:03:09', '2026-01-28 03:03:09'),
	('de93238a-fbf5-11f0-87db-c3c8a1ce2650', '6b60a3d5-f934-11f0-87db-c3c8a1ce2650', 'd3526c81-fb58-11f0-87db-c3c8a1ce2650', 'active', '2026-01-28 03:03:09', '2026-01-28 03:03:09', '2026-01-28 03:03:09'),
	('de9323e1-fbf5-11f0-87db-c3c8a1ce2650', '6b60a3d5-f934-11f0-87db-c3c8a1ce2650', 'd3526f94-fb58-11f0-87db-c3c8a1ce2650', 'active', '2026-01-28 03:03:09', '2026-01-28 03:03:09', '2026-01-28 03:03:09'),
	('de932438-fbf5-11f0-87db-c3c8a1ce2650', '6b60a3d5-f934-11f0-87db-c3c8a1ce2650', 'd35270ce-fb58-11f0-87db-c3c8a1ce2650', 'active', '2026-01-28 03:03:09', '2026-01-28 03:03:09', '2026-01-28 03:03:09'),
	('de932492-fbf5-11f0-87db-c3c8a1ce2650', '6bf61fb8-f934-11f0-87db-c3c8a1ce2650', '8b67a061-fb59-11f0-87db-c3c8a1ce2650', 'active', '2026-01-28 03:03:09', '2026-01-28 03:03:09', '2026-01-28 03:03:09'),
	('de9324eb-fbf5-11f0-87db-c3c8a1ce2650', '6bf61fb8-f934-11f0-87db-c3c8a1ce2650', '8b67ab87-fb59-11f0-87db-c3c8a1ce2650', 'active', '2026-01-28 03:03:09', '2026-01-28 03:03:09', '2026-01-28 03:03:09'),
	('de932545-fbf5-11f0-87db-c3c8a1ce2650', '6bf61fb8-f934-11f0-87db-c3c8a1ce2650', 'd3523393-fb58-11f0-87db-c3c8a1ce2650', 'active', '2026-01-28 03:03:09', '2026-01-28 03:03:09', '2026-01-28 03:03:09'),
	('de93259f-fbf5-11f0-87db-c3c8a1ce2650', '6bf61fb8-f934-11f0-87db-c3c8a1ce2650', 'd3524001-fb58-11f0-87db-c3c8a1ce2650', 'active', '2026-01-28 03:03:09', '2026-01-28 03:03:09', '2026-01-28 03:03:09'),
	('de9325f8-fbf5-11f0-87db-c3c8a1ce2650', '6bf61fb8-f934-11f0-87db-c3c8a1ce2650', 'd352429c-fb58-11f0-87db-c3c8a1ce2650', 'active', '2026-01-28 03:03:09', '2026-01-28 03:03:09', '2026-01-28 03:03:09'),
	('de93269e-fbf5-11f0-87db-c3c8a1ce2650', '6bf61fb8-f934-11f0-87db-c3c8a1ce2650', 'd35245d3-fb58-11f0-87db-c3c8a1ce2650', 'active', '2026-01-28 03:03:09', '2026-01-28 03:03:09', '2026-01-28 03:03:09'),
	('de932703-fbf5-11f0-87db-c3c8a1ce2650', '6bf61fb8-f934-11f0-87db-c3c8a1ce2650', 'd35247bf-fb58-11f0-87db-c3c8a1ce2650', 'active', '2026-01-28 03:03:09', '2026-01-28 03:03:09', '2026-01-28 03:03:09'),
	('de932764-fbf5-11f0-87db-c3c8a1ce2650', '6bf61fb8-f934-11f0-87db-c3c8a1ce2650', 'd3524c0b-fb58-11f0-87db-c3c8a1ce2650', 'active', '2026-01-28 03:03:09', '2026-01-28 03:03:09', '2026-01-28 03:03:09'),
	('de9327bd-fbf5-11f0-87db-c3c8a1ce2650', '6bf61fb8-f934-11f0-87db-c3c8a1ce2650', 'd352510c-fb58-11f0-87db-c3c8a1ce2650', 'active', '2026-01-28 03:03:09', '2026-01-28 03:03:09', '2026-01-28 03:03:09'),
	('de932819-fbf5-11f0-87db-c3c8a1ce2650', '6bf61fb8-f934-11f0-87db-c3c8a1ce2650', 'd35252ec-fb58-11f0-87db-c3c8a1ce2650', 'active', '2026-01-28 03:03:09', '2026-01-28 03:03:09', '2026-01-28 03:03:09'),
	('de932873-fbf5-11f0-87db-c3c8a1ce2650', '6bf61fb8-f934-11f0-87db-c3c8a1ce2650', 'd3525427-fb58-11f0-87db-c3c8a1ce2650', 'active', '2026-01-28 03:03:09', '2026-01-28 03:03:09', '2026-01-28 03:03:09'),
	('de9328cf-fbf5-11f0-87db-c3c8a1ce2650', '6bf61fb8-f934-11f0-87db-c3c8a1ce2650', 'd352599b-fb58-11f0-87db-c3c8a1ce2650', 'active', '2026-01-28 03:03:09', '2026-01-28 03:03:09', '2026-01-28 03:03:09'),
	('de932927-fbf5-11f0-87db-c3c8a1ce2650', '6bf61fb8-f934-11f0-87db-c3c8a1ce2650', 'd352641b-fb58-11f0-87db-c3c8a1ce2650', 'active', '2026-01-28 03:03:09', '2026-01-28 03:03:09', '2026-01-28 03:03:09'),
	('de932982-fbf5-11f0-87db-c3c8a1ce2650', '6bf61fb8-f934-11f0-87db-c3c8a1ce2650', 'd3526953-fb58-11f0-87db-c3c8a1ce2650', 'active', '2026-01-28 03:03:09', '2026-01-28 03:03:09', '2026-01-28 03:03:09'),
	('de9329da-fbf5-11f0-87db-c3c8a1ce2650', '6bf61fb8-f934-11f0-87db-c3c8a1ce2650', 'd3526a99-fb58-11f0-87db-c3c8a1ce2650', 'active', '2026-01-28 03:03:09', '2026-01-28 03:03:09', '2026-01-28 03:03:09'),
	('de932a33-fbf5-11f0-87db-c3c8a1ce2650', '6c839327-f934-11f0-87db-c3c8a1ce2650', '8b67a23f-fb59-11f0-87db-c3c8a1ce2650', 'active', '2026-01-28 03:03:09', '2026-01-28 03:03:09', '2026-01-28 03:03:09'),
	('de932a89-fbf5-11f0-87db-c3c8a1ce2650', '6c839327-f934-11f0-87db-c3c8a1ce2650', 'd352168e-fb58-11f0-87db-c3c8a1ce2650', 'active', '2026-01-28 03:03:09', '2026-01-28 03:03:09', '2026-01-28 03:03:09'),
	('de932ae2-fbf5-11f0-87db-c3c8a1ce2650', '6c839327-f934-11f0-87db-c3c8a1ce2650', 'd3522e80-fb58-11f0-87db-c3c8a1ce2650', 'active', '2026-01-28 03:03:09', '2026-01-28 03:03:09', '2026-01-28 03:03:09'),
	('de932b3b-fbf5-11f0-87db-c3c8a1ce2650', '6c839327-f934-11f0-87db-c3c8a1ce2650', 'd3523435-fb58-11f0-87db-c3c8a1ce2650', 'active', '2026-01-28 03:03:09', '2026-01-28 03:03:09', '2026-01-28 03:03:09'),
	('de932b90-fbf5-11f0-87db-c3c8a1ce2650', '6c839327-f934-11f0-87db-c3c8a1ce2650', 'd3523e10-fb58-11f0-87db-c3c8a1ce2650', 'active', '2026-01-28 03:03:09', '2026-01-28 03:03:09', '2026-01-28 03:03:09'),
	('de932eda-fbf5-11f0-87db-c3c8a1ce2650', '6c839327-f934-11f0-87db-c3c8a1ce2650', 'd35240a5-fb58-11f0-87db-c3c8a1ce2650', 'active', '2026-01-28 03:03:09', '2026-01-28 03:03:09', '2026-01-28 03:03:09'),
	('de932f4b-fbf5-11f0-87db-c3c8a1ce2650', '6c839327-f934-11f0-87db-c3c8a1ce2650', 'd3524676-fb58-11f0-87db-c3c8a1ce2650', 'active', '2026-01-28 03:03:09', '2026-01-28 03:03:09', '2026-01-28 03:03:09'),
	('de932fad-fbf5-11f0-87db-c3c8a1ce2650', '6c839327-f934-11f0-87db-c3c8a1ce2650', 'd35249a4-fb58-11f0-87db-c3c8a1ce2650', 'active', '2026-01-28 03:03:09', '2026-01-28 03:03:09', '2026-01-28 03:03:09'),
	('de93300c-fbf5-11f0-87db-c3c8a1ce2650', '6c839327-f934-11f0-87db-c3c8a1ce2650', 'd3524ca5-fb58-11f0-87db-c3c8a1ce2650', 'active', '2026-01-28 03:03:09', '2026-01-28 03:03:09', '2026-01-28 03:03:09'),
	('de933070-fbf5-11f0-87db-c3c8a1ce2650', '6c839327-f934-11f0-87db-c3c8a1ce2650', 'd3525005-fb58-11f0-87db-c3c8a1ce2650', 'active', '2026-01-28 03:03:09', '2026-01-28 03:03:09', '2026-01-28 03:03:09'),
	('de9330ca-fbf5-11f0-87db-c3c8a1ce2650', '6c839327-f934-11f0-87db-c3c8a1ce2650', 'd35254c4-fb58-11f0-87db-c3c8a1ce2650', 'active', '2026-01-28 03:03:09', '2026-01-28 03:03:09', '2026-01-28 03:03:09'),
	('de933125-fbf5-11f0-87db-c3c8a1ce2650', '6c839327-f934-11f0-87db-c3c8a1ce2650', 'd3525a37-fb58-11f0-87db-c3c8a1ce2650', 'active', '2026-01-28 03:03:09', '2026-01-28 03:03:09', '2026-01-28 03:03:09'),
	('de93317e-fbf5-11f0-87db-c3c8a1ce2650', '6c839327-f934-11f0-87db-c3c8a1ce2650', 'd3525cae-fb58-11f0-87db-c3c8a1ce2650', 'active', '2026-01-28 03:03:09', '2026-01-28 03:03:09', '2026-01-28 03:03:09'),
	('de9331d8-fbf5-11f0-87db-c3c8a1ce2650', '6c839327-f934-11f0-87db-c3c8a1ce2650', 'd3525e8e-fb58-11f0-87db-c3c8a1ce2650', 'active', '2026-01-28 03:03:09', '2026-01-28 03:03:09', '2026-01-28 03:03:09'),
	('de933230-fbf5-11f0-87db-c3c8a1ce2650', '6c839327-f934-11f0-87db-c3c8a1ce2650', 'd3526189-fb58-11f0-87db-c3c8a1ce2650', 'active', '2026-01-28 03:03:09', '2026-01-28 03:03:09', '2026-01-28 03:03:09'),
	('de933289-fbf5-11f0-87db-c3c8a1ce2650', '6c839327-f934-11f0-87db-c3c8a1ce2650', 'd35264c1-fb58-11f0-87db-c3c8a1ce2650', 'active', '2026-01-28 03:03:09', '2026-01-28 03:03:09', '2026-01-28 03:03:09'),
	('de9332e0-fbf5-11f0-87db-c3c8a1ce2650', '6c839327-f934-11f0-87db-c3c8a1ce2650', 'd352675d-fb58-11f0-87db-c3c8a1ce2650', 'active', '2026-01-28 03:03:09', '2026-01-28 03:03:09', '2026-01-28 03:03:09'),
	('de933338-fbf5-11f0-87db-c3c8a1ce2650', '6c839327-f934-11f0-87db-c3c8a1ce2650', 'd3526b3c-fb58-11f0-87db-c3c8a1ce2650', 'active', '2026-01-28 03:03:09', '2026-01-28 03:03:09', '2026-01-28 03:03:09'),
	('de933390-fbf5-11f0-87db-c3c8a1ce2650', '6c839327-f934-11f0-87db-c3c8a1ce2650', 'd3526dbc-fb58-11f0-87db-c3c8a1ce2650', 'active', '2026-01-28 03:03:09', '2026-01-28 03:03:09', '2026-01-28 03:03:09'),
	('de9333e9-fbf5-11f0-87db-c3c8a1ce2650', '9a1fb782-fb5a-11f0-87db-c3c8a1ce2650', '02bd34db-384e-461a-926f-529c09801252', 'active', '2026-01-28 03:03:09', '2026-01-28 03:03:09', '2026-01-28 03:03:09'),
	('de933441-fbf5-11f0-87db-c3c8a1ce2650', '9a1fb782-fb5a-11f0-87db-c3c8a1ce2650', '08bdfd94-610a-4170-944a-13f902141721', 'active', '2026-01-28 03:03:09', '2026-01-28 03:03:09', '2026-01-28 03:03:09'),
	('de93349b-fbf5-11f0-87db-c3c8a1ce2650', '9a1fb782-fb5a-11f0-87db-c3c8a1ce2650', '0da70d11-8fb7-4bf4-8ae4-97caadfb6ed2', 'active', '2026-01-28 03:03:09', '2026-01-28 03:03:09', '2026-01-28 03:03:09'),
	('de9334f2-fbf5-11f0-87db-c3c8a1ce2650', '9a1fb782-fb5a-11f0-87db-c3c8a1ce2650', '1425c4ea-32da-4674-aa6b-df6e11cc492b', 'active', '2026-01-28 03:03:09', '2026-01-28 03:03:09', '2026-01-28 03:03:09'),
	('de93354c-fbf5-11f0-87db-c3c8a1ce2650', '9a1fb782-fb5a-11f0-87db-c3c8a1ce2650', '1f5f9218-f85f-11f0-87db-c3c8a1ce2650', 'active', '2026-01-28 03:03:09', '2026-01-28 03:03:09', '2026-01-28 03:03:09'),
	('de9335a7-fbf5-11f0-87db-c3c8a1ce2650', '9a1fb782-fb5a-11f0-87db-c3c8a1ce2650', '1f5f92d2-f85f-11f0-87db-c3c8a1ce2650', 'active', '2026-01-28 03:03:09', '2026-01-28 03:03:09', '2026-01-28 03:03:09'),
	('de9335f9-fbf5-11f0-87db-c3c8a1ce2650', '9a1fb782-fb5a-11f0-87db-c3c8a1ce2650', '1f5f9380-f85f-11f0-87db-c3c8a1ce2650', 'active', '2026-01-28 03:03:09', '2026-01-28 03:03:09', '2026-01-28 03:03:09'),
	('de93364d-fbf5-11f0-87db-c3c8a1ce2650', '9a1fb782-fb5a-11f0-87db-c3c8a1ce2650', '1f5f9437-f85f-11f0-87db-c3c8a1ce2650', 'active', '2026-01-28 03:03:09', '2026-01-28 03:03:09', '2026-01-28 03:03:09'),
	('de9336a0-fbf5-11f0-87db-c3c8a1ce2650', '9a1fb782-fb5a-11f0-87db-c3c8a1ce2650', '1f5f94e7-f85f-11f0-87db-c3c8a1ce2650', 'active', '2026-01-28 03:03:09', '2026-01-28 03:03:09', '2026-01-28 03:03:09'),
	('de9336f3-fbf5-11f0-87db-c3c8a1ce2650', '9a1fb782-fb5a-11f0-87db-c3c8a1ce2650', '1f5f9597-f85f-11f0-87db-c3c8a1ce2650', 'active', '2026-01-28 03:03:09', '2026-01-28 03:03:09', '2026-01-28 03:03:09'),
	('de933745-fbf5-11f0-87db-c3c8a1ce2650', '9a1fb782-fb5a-11f0-87db-c3c8a1ce2650', '1f5f963b-f85f-11f0-87db-c3c8a1ce2650', 'active', '2026-01-28 03:03:09', '2026-01-28 03:03:09', '2026-01-28 03:03:09'),
	('de933798-fbf5-11f0-87db-c3c8a1ce2650', '9a1fb782-fb5a-11f0-87db-c3c8a1ce2650', '1f5f96d3-f85f-11f0-87db-c3c8a1ce2650', 'active', '2026-01-28 03:03:09', '2026-01-28 03:03:09', '2026-01-28 03:03:09'),
	('de9337eb-fbf5-11f0-87db-c3c8a1ce2650', '9a1fb782-fb5a-11f0-87db-c3c8a1ce2650', '1f5f9781-f85f-11f0-87db-c3c8a1ce2650', 'active', '2026-01-28 03:03:09', '2026-01-28 03:03:09', '2026-01-28 03:03:09'),
	('de93383c-fbf5-11f0-87db-c3c8a1ce2650', '9a1fb782-fb5a-11f0-87db-c3c8a1ce2650', '1f5f9829-f85f-11f0-87db-c3c8a1ce2650', 'active', '2026-01-28 03:03:09', '2026-01-28 03:03:09', '2026-01-28 03:03:09'),
	('de93388e-fbf5-11f0-87db-c3c8a1ce2650', '9a1fb782-fb5a-11f0-87db-c3c8a1ce2650', '1f5f98d1-f85f-11f0-87db-c3c8a1ce2650', 'active', '2026-01-28 03:03:09', '2026-01-28 03:03:09', '2026-01-28 03:03:09'),
	('de9338e1-fbf5-11f0-87db-c3c8a1ce2650', '9a1fb782-fb5a-11f0-87db-c3c8a1ce2650', '1f5f9971-f85f-11f0-87db-c3c8a1ce2650', 'active', '2026-01-28 03:03:09', '2026-01-28 03:03:09', '2026-01-28 03:03:09'),
	('de933933-fbf5-11f0-87db-c3c8a1ce2650', '9a1fb782-fb5a-11f0-87db-c3c8a1ce2650', '1f5f9a17-f85f-11f0-87db-c3c8a1ce2650', 'active', '2026-01-28 03:03:09', '2026-01-28 03:03:09', '2026-01-28 03:03:09'),
	('de933984-fbf5-11f0-87db-c3c8a1ce2650', '9a1fb782-fb5a-11f0-87db-c3c8a1ce2650', '298c6e6d-f543-4c1d-b592-0cc8fb02c915', 'active', '2026-01-28 03:03:09', '2026-01-28 03:03:09', '2026-01-28 03:03:09'),
	('de9339d5-fbf5-11f0-87db-c3c8a1ce2650', '9a1fb782-fb5a-11f0-87db-c3c8a1ce2650', '2c206cce-fd6f-452d-943f-cc3d43542e6d', 'active', '2026-01-28 03:03:09', '2026-01-28 03:03:09', '2026-01-28 03:03:09'),
	('de933a29-fbf5-11f0-87db-c3c8a1ce2650', '9a1fb782-fb5a-11f0-87db-c3c8a1ce2650', '43ef36ad-980d-4747-897f-90635401992a', 'active', '2026-01-28 03:03:09', '2026-01-28 03:03:09', '2026-01-28 03:03:09'),
	('de933a80-fbf5-11f0-87db-c3c8a1ce2650', '9a1fb8f4-fb5a-11f0-87db-c3c8a1ce2650', '1f5f897a-f85f-11f0-87db-c3c8a1ce2650', 'active', '2026-01-28 03:03:09', '2026-01-28 03:03:09', '2026-01-28 03:03:09'),
	('de933ad7-fbf5-11f0-87db-c3c8a1ce2650', '9a1fb8f4-fb5a-11f0-87db-c3c8a1ce2650', '1f5f8cfe-f85f-11f0-87db-c3c8a1ce2650', 'active', '2026-01-28 03:03:09', '2026-01-28 03:03:09', '2026-01-28 03:03:09'),
	('de933b30-fbf5-11f0-87db-c3c8a1ce2650', '9a1fb8f4-fb5a-11f0-87db-c3c8a1ce2650', '1f5f8de7-f85f-11f0-87db-c3c8a1ce2650', 'active', '2026-01-28 03:03:09', '2026-01-28 03:03:09', '2026-01-28 03:03:09'),
	('de933b86-fbf5-11f0-87db-c3c8a1ce2650', '9a1fb8f4-fb5a-11f0-87db-c3c8a1ce2650', '1f5f8f19-f85f-11f0-87db-c3c8a1ce2650', 'active', '2026-01-28 03:03:09', '2026-01-28 03:03:09', '2026-01-28 03:03:09'),
	('de933bdf-fbf5-11f0-87db-c3c8a1ce2650', '9a1fb8f4-fb5a-11f0-87db-c3c8a1ce2650', '1f5f8fe7-f85f-11f0-87db-c3c8a1ce2650', 'active', '2026-01-28 03:03:09', '2026-01-28 03:03:09', '2026-01-28 03:03:09'),
	('de933c39-fbf5-11f0-87db-c3c8a1ce2650', '9a1fb8f4-fb5a-11f0-87db-c3c8a1ce2650', '1f5f90ab-f85f-11f0-87db-c3c8a1ce2650', 'active', '2026-01-28 03:03:09', '2026-01-28 03:03:09', '2026-01-28 03:03:09'),
	('de933c8b-fbf5-11f0-87db-c3c8a1ce2650', '9a1fb8f4-fb5a-11f0-87db-c3c8a1ce2650', '1f5f916b-f85f-11f0-87db-c3c8a1ce2650', 'active', '2026-01-28 03:03:09', '2026-01-28 03:03:09', '2026-01-28 03:03:09'),
	('de933cdc-fbf5-11f0-87db-c3c8a1ce2650', '9a1fb8f4-fb5a-11f0-87db-c3c8a1ce2650', '4dcd7bbb-3745-4ade-b49f-ec6a3b06e54d', 'active', '2026-01-28 03:03:09', '2026-01-28 03:03:09', '2026-01-28 03:03:09'),
	('de933d38-fbf5-11f0-87db-c3c8a1ce2650', '9a1fb8f4-fb5a-11f0-87db-c3c8a1ce2650', '5854cf7c-5cb6-4015-8eac-5d7df0a85d23', 'active', '2026-01-28 03:03:09', '2026-01-28 03:03:09', '2026-01-28 03:03:09'),
	('de933d91-fbf5-11f0-87db-c3c8a1ce2650', '9a1fb8f4-fb5a-11f0-87db-c3c8a1ce2650', '6045db89-b859-4c2f-8d02-19af3fa6f474', 'active', '2026-01-28 03:03:09', '2026-01-28 03:03:09', '2026-01-28 03:03:09'),
	('de933dee-fbf5-11f0-87db-c3c8a1ce2650', '9a1fb8f4-fb5a-11f0-87db-c3c8a1ce2650', '6d60bf4f-d463-488d-9335-4d99a94695b6', 'active', '2026-01-28 03:03:09', '2026-01-28 03:03:09', '2026-01-28 03:03:09'),
	('de933e45-fbf5-11f0-87db-c3c8a1ce2650', '9a1fb8f4-fb5a-11f0-87db-c3c8a1ce2650', '7174aca7-5c96-485f-b95f-300aa4996279', 'active', '2026-01-28 03:03:09', '2026-01-28 03:03:09', '2026-01-28 03:03:09'),
	('de933e9f-fbf5-11f0-87db-c3c8a1ce2650', '9a1fb8f4-fb5a-11f0-87db-c3c8a1ce2650', '728a65f2-51bf-4d99-ab19-e202308d6f3a', 'active', '2026-01-28 03:03:09', '2026-01-28 03:03:09', '2026-01-28 03:03:09'),
	('de933ef1-fbf5-11f0-87db-c3c8a1ce2650', '9a1fb8f4-fb5a-11f0-87db-c3c8a1ce2650', '78585c2f-f824-11f0-87db-c3c8a1ce2650', 'active', '2026-01-28 03:03:09', '2026-01-28 03:03:09', '2026-01-28 03:03:09'),
	('de933f43-fbf5-11f0-87db-c3c8a1ce2650', '9a1fb8f4-fb5a-11f0-87db-c3c8a1ce2650', '7b1abd24-0747-4d03-a315-fcaea4f05dd8', 'active', '2026-01-28 03:03:09', '2026-01-28 03:03:09', '2026-01-28 03:03:09'),
	('de933f97-fbf5-11f0-87db-c3c8a1ce2650', '9a1fb8f4-fb5a-11f0-87db-c3c8a1ce2650', '803289c5-550e-4640-aa31-04eb415990d8', 'active', '2026-01-28 03:03:09', '2026-01-28 03:03:09', '2026-01-28 03:03:09'),
	('de933fec-fbf5-11f0-87db-c3c8a1ce2650', '9a1fb8f4-fb5a-11f0-87db-c3c8a1ce2650', '84208c3a-c656-45cf-8aa9-d6490263bdfc', 'active', '2026-01-28 03:03:09', '2026-01-28 03:03:09', '2026-01-28 03:03:09'),
	('de93403c-fbf5-11f0-87db-c3c8a1ce2650', '9a1fb8f4-fb5a-11f0-87db-c3c8a1ce2650', '8b679a14-fb59-11f0-87db-c3c8a1ce2650', 'active', '2026-01-28 03:03:09', '2026-01-28 03:03:09', '2026-01-28 03:03:09'),
	('de93409b-fbf5-11f0-87db-c3c8a1ce2650', '9a1fb8f4-fb5a-11f0-87db-c3c8a1ce2650', '8b67a5b1-fb59-11f0-87db-c3c8a1ce2650', 'active', '2026-01-28 03:03:09', '2026-01-28 03:03:09', '2026-01-28 03:03:09'),
	('de93418a-fbf5-11f0-87db-c3c8a1ce2650', '9a1fb8f4-fb5a-11f0-87db-c3c8a1ce2650', '8d22cac0-cee6-42db-888f-b634c8e921b5', 'active', '2026-01-28 03:03:09', '2026-01-28 03:03:09', '2026-01-28 03:03:09'),
	('de9341ed-fbf5-11f0-87db-c3c8a1ce2650', '9a1fbab3-fb5a-11f0-87db-c3c8a1ce2650', '9c3d146a-1f6f-45d6-8dcc-441692b9c850', 'active', '2026-01-28 03:03:09', '2026-01-28 03:03:09', '2026-01-28 03:03:09'),
	('de934249-fbf5-11f0-87db-c3c8a1ce2650', '9a1fbab3-fb5a-11f0-87db-c3c8a1ce2650', '9c8308c4-9c51-40d4-9d11-b5d40f70b718', 'active', '2026-01-28 03:03:09', '2026-01-28 03:03:09', '2026-01-28 03:03:09'),
	('de9342a4-fbf5-11f0-87db-c3c8a1ce2650', '9a1fbab3-fb5a-11f0-87db-c3c8a1ce2650', 'a007bd15-2fe4-455b-a3dc-1b89d9e7e1fd', 'active', '2026-01-28 03:03:09', '2026-01-28 03:03:09', '2026-01-28 03:03:09'),
	('de934305-fbf5-11f0-87db-c3c8a1ce2650', '9a1fbab3-fb5a-11f0-87db-c3c8a1ce2650', 'a58e8cd0-4ad0-480f-9a37-ce21a60c2a57', 'active', '2026-01-28 03:03:09', '2026-01-28 03:03:09', '2026-01-28 03:03:09'),
	('de934364-fbf5-11f0-87db-c3c8a1ce2650', '9a1fbab3-fb5a-11f0-87db-c3c8a1ce2650', 'b1fa32e6-a230-42ff-8f5a-c9cb4cb1480d', 'active', '2026-01-28 03:03:09', '2026-01-28 03:03:09', '2026-01-28 03:03:09'),
	('de9343b7-fbf5-11f0-87db-c3c8a1ce2650', '9a1fbab3-fb5a-11f0-87db-c3c8a1ce2650', 'b44d1475-dca0-4c16-a5dc-398e4c09c29b', 'active', '2026-01-28 03:03:09', '2026-01-28 03:03:09', '2026-01-28 03:03:09'),
	('de93440c-fbf5-11f0-87db-c3c8a1ce2650', '9a1fbab3-fb5a-11f0-87db-c3c8a1ce2650', 'b909a805-1338-4f14-9d75-fdbd0a57227b', 'active', '2026-01-28 03:03:09', '2026-01-28 03:03:09', '2026-01-28 03:03:09'),
	('de93445e-fbf5-11f0-87db-c3c8a1ce2650', '9a1fbab3-fb5a-11f0-87db-c3c8a1ce2650', 'b9b132ca-8632-4210-b254-ec1335a21375', 'active', '2026-01-28 03:03:09', '2026-01-28 03:03:09', '2026-01-28 03:03:09'),
	('de9344b4-fbf5-11f0-87db-c3c8a1ce2650', '9a1fbab3-fb5a-11f0-87db-c3c8a1ce2650', 'bd685b28-f821-11f0-87db-c3c8a1ce2650', 'active', '2026-01-28 03:03:09', '2026-01-28 03:03:09', '2026-01-28 03:03:09'),
	('de934506-fbf5-11f0-87db-c3c8a1ce2650', '9a1fbab3-fb5a-11f0-87db-c3c8a1ce2650', 'bd685e4b-f821-11f0-87db-c3c8a1ce2650', 'active', '2026-01-28 03:03:09', '2026-01-28 03:03:09', '2026-01-28 03:03:09'),
	('de93455a-fbf5-11f0-87db-c3c8a1ce2650', '9a1fbab3-fb5a-11f0-87db-c3c8a1ce2650', 'bd685f95-f821-11f0-87db-c3c8a1ce2650', 'active', '2026-01-28 03:03:09', '2026-01-28 03:03:09', '2026-01-28 03:03:09'),
	('de9345ad-fbf5-11f0-87db-c3c8a1ce2650', '9a1fbab3-fb5a-11f0-87db-c3c8a1ce2650', 'bd686067-f821-11f0-87db-c3c8a1ce2650', 'active', '2026-01-28 03:03:09', '2026-01-28 03:03:09', '2026-01-28 03:03:09'),
	('de934603-fbf5-11f0-87db-c3c8a1ce2650', '9a1fbab3-fb5a-11f0-87db-c3c8a1ce2650', 'bd686151-f821-11f0-87db-c3c8a1ce2650', 'active', '2026-01-28 03:03:09', '2026-01-28 03:03:09', '2026-01-28 03:03:09'),
	('de934655-fbf5-11f0-87db-c3c8a1ce2650', '9a1fbab3-fb5a-11f0-87db-c3c8a1ce2650', 'bd686221-f821-11f0-87db-c3c8a1ce2650', 'active', '2026-01-28 03:03:09', '2026-01-28 03:03:09', '2026-01-28 03:03:09'),
	('de9346a9-fbf5-11f0-87db-c3c8a1ce2650', '9a1fbab3-fb5a-11f0-87db-c3c8a1ce2650', 'bd6871db-f821-11f0-87db-c3c8a1ce2650', 'active', '2026-01-28 03:03:09', '2026-01-28 03:03:09', '2026-01-28 03:03:09'),
	('de934700-fbf5-11f0-87db-c3c8a1ce2650', '9a1fbab3-fb5a-11f0-87db-c3c8a1ce2650', 'bd6872ff-f821-11f0-87db-c3c8a1ce2650', 'active', '2026-01-28 03:03:09', '2026-01-28 03:03:09', '2026-01-28 03:03:09'),
	('de934755-fbf5-11f0-87db-c3c8a1ce2650', '9a1fbab3-fb5a-11f0-87db-c3c8a1ce2650', 'bd6873b8-f821-11f0-87db-c3c8a1ce2650', 'active', '2026-01-28 03:03:09', '2026-01-28 03:03:09', '2026-01-28 03:03:09'),
	('de9347a8-fbf5-11f0-87db-c3c8a1ce2650', '9a1fbab3-fb5a-11f0-87db-c3c8a1ce2650', 'bd68745a-f821-11f0-87db-c3c8a1ce2650', 'active', '2026-01-28 03:03:09', '2026-01-28 03:03:09', '2026-01-28 03:03:09'),
	('de9347f8-fbf5-11f0-87db-c3c8a1ce2650', '9a1fbab3-fb5a-11f0-87db-c3c8a1ce2650', 'bd878d34-de5b-461f-949b-0498924c9ccc', 'active', '2026-01-28 03:03:09', '2026-01-28 03:03:09', '2026-01-28 03:03:09'),
	('de93485d-fbf5-11f0-87db-c3c8a1ce2650', '9a1fbab3-fb5a-11f0-87db-c3c8a1ce2650', 'be5c0d90-26f8-4463-bc23-46547797a8ac', 'active', '2026-01-28 03:03:09', '2026-01-28 03:03:09', '2026-01-28 03:03:09');

-- Dumping structure for table archeryhub.club_profile
CREATE TABLE IF NOT EXISTS `club_profile` (
  `uuid` varchar(36) NOT NULL,
  `club_uuid` varchar(36) NOT NULL,
  `sections` longtext CHARACTER SET utf8mb4 COLLATE utf8mb4_bin DEFAULT NULL CHECK (json_valid(`sections`)),
  `created_at` timestamp NOT NULL DEFAULT current_timestamp(),
  `updated_at` timestamp NOT NULL DEFAULT current_timestamp() ON UPDATE current_timestamp(),
  PRIMARY KEY (`uuid`),
  KEY `club_uuid` (`club_uuid`),
  CONSTRAINT `club_profile_ibfk_1` FOREIGN KEY (`club_uuid`) REFERENCES `clubs` (`uuid`) ON DELETE CASCADE
) ENGINE=InnoDB DEFAULT CHARSET=latin1 COLLATE=latin1_swedish_ci;

-- Dumping data for table archeryhub.club_profile: ~6 rows (approximately)
INSERT INTO `club_profile` (`uuid`, `club_uuid`, `sections`, `created_at`, `updated_at`) VALUES
	('eba5f209-fb5d-11f0-87db-c3c8a1ce2650', '218e8243-6e03-41b3-a551-65936bd12815', '[\n  {"type":"hero","title":"Teknologi & Presisi","content":"Akun Ngekode memadukan latihan panahan dengan pendekatan teknologi dan analitik untuk meningkatkan performa atlet."},\n  {"type":"about","title":"Tentang Akun Ngekode","content":"Berbasis di Jakarta, fokus pada pengembangan atlet muda dengan kurikulum modern dan sesi review berbasis data."},\n  {"type":"gallery","title":"Galeri","images":"https://picsum.photos/id/311/800/500, https://picsum.photos/id/312/800/500, https://picsum.photos/id/313/800/500"},\n  {"type":"testimonials","title":"Testimoni","items":[{"author":"Rizky","text":"Program analitiknya membantu saya konsisten di 70m."},{"author":"Salsa","text":"Pelatihnya detail dan komunikatif."}]}\n]', '2026-01-27 08:55:28', '2026-01-27 08:55:28'),
	('eba5f5d1-fb5d-11f0-87db-c3c8a1ce2650', '6bf61fb8-f934-11f0-87db-c3c8a1ce2650', '[\n  {"type":"hero","title":"Latihan di Tengah Alam Bali","content":"Bali Zen Archery menawarkan suasana latihan tenang dengan lingkungan hijau Ubud."},\n  {"type":"about","title":"Filosofi Zen","content":"Menggabungkan fokus mental dan teknik modern untuk meningkatkan akurasi serta konsistensi."},\n  {"type":"gallery","title":"Galeri","images":"https://picsum.photos/id/321/800/500, https://picsum.photos/id/322/800/500, https://picsum.photos/id/323/800/500"},\n  {"type":"testimonials","title":"Apa kata anggota","items":[{"author":"Made","text":"Tempatnya nyaman, coach sabar."},{"author":"Ayuni","text":"Fasilitas indoor & outdoor lengkap."}]}\n]', '2026-01-27 08:55:28', '2026-01-27 08:55:28'),
	('eba5f6b9-fb5d-11f0-87db-c3c8a1ce2650', '6c839327-f934-11f0-87db-c3c8a1ce2650', '[\n  {"type":"hero","title":"Bandung Archery Club","content":"Klub legendaris di Bandung dengan fokus prestasi nasional."},\n  {"type":"about","title":"Tentang BAC","content":"Menyediakan program pemula hingga elite dengan jadwal rutin di GOR Pajajaran."},\n  {"type":"gallery","title":"Galeri","images":"https://picsum.photos/id/331/800/500, https://picsum.photos/id/332/800/500, https://picsum.photos/id/333/800/500"},\n  {"type":"testimonials","title":"Testimoni","items":[{"author":"Dedi","text":"Program strength & conditioning-nya bagus."},{"author":"Sinta","text":"Support kompetisi sangat aktif."}]}\n]', '2026-01-27 08:55:28', '2026-01-27 08:55:28'),
	('eba5f735-fb5d-11f0-87db-c3c8a1ce2650', '6b60a3d5-f934-11f0-87db-c3c8a1ce2650', '[\n  {"type":"hero","title":"Borneo Eagle Club","content":"Melatih atlet Kalimantan dengan fasilitas range 70m dan gym."},\n  {"type":"about","title":"Tentang Borneo Eagle","content":"Aktif di kejuaraan regional, fokus pada teknik barebow dan recurve."},\n  {"type":"gallery","title":"Galeri","images":"https://picsum.photos/id/341/800/500, https://picsum.photos/id/342/800/500"},\n  {"type":"testimonials","title":"Testimoni","items":[{"author":"Farhan","text":"Coach-nya detail koreksi form."},{"author":"Nia","text":"Jadwal fleksibel untuk pekerja."}]}\n]', '2026-01-27 08:55:28', '2026-01-27 08:55:28'),
	('eba5f79e-fb5d-11f0-87db-c3c8a1ce2650', '6a108a88-f934-11f0-87db-c3c8a1ce2650', '[\n  {"type":"hero","title":"Jakarta Elite Archery","content":"Pusat latihan elit dengan pelatih bersertifikat internasional."},\n  {"type":"about","title":"Tentang Jakarta Elite","content":"Berbasis di GBK Senayan, menyediakan kelas privat, youth development, dan tim kompetisi."},\n  {"type":"gallery","title":"Galeri","images":"https://picsum.photos/id/351/800/500, https://picsum.photos/id/352/800/500, https://picsum.photos/id/353/800/500"},\n  {"type":"testimonials","title":"Testimoni","items":[{"author":"Kevin","text":"Program teknik jarak jauh sangat membantu."},{"author":"Arum","text":"Manajemen event internal rapi."}]}\n]', '2026-01-27 08:55:28', '2026-01-27 08:55:28'),
	('eba5f816-fb5d-11f0-87db-c3c8a1ce2650', '5443f8d7-fb21-11f0-87db-c3c8a1ce2650', '[\n  {"type":"hero","title":"Makassar Archery Club","content":"Klub profesional Makassar dengan kombinasi range outdoor & indoor."},\n  {"type":"about","title":"Tentang MAC","content":"Fokus pengembangan atlet muda Sulawesi Selatan, menyediakan beasiswa prestasi."},\n  {"type":"gallery","title":"Galeri","images":"https://picsum.photos/id/361/800/500, https://picsum.photos/id/362/800/500"},\n  {"type":"testimonials","title":"Testimoni","items":[{"author":"Rani","text":"Pelatihan disiplin dan terstruktur."},{"author":"Ilham","text":"Fasilitas peralatan terawat."}]}\n]', '2026-01-27 08:55:28', '2026-01-27 08:55:28');

-- Dumping structure for table archeryhub.events
CREATE TABLE IF NOT EXISTS `events` (
  `uuid` varchar(36) NOT NULL,
  `slug` varchar(255) DEFAULT NULL,
  `code` varchar(20) NOT NULL,
  `name` varchar(200) NOT NULL,
  `short_name` varchar(100) DEFAULT NULL,
  `venue` varchar(200) DEFAULT NULL,
  `gmaps_link` varchar(255) DEFAULT NULL,
  `location` varchar(200) DEFAULT NULL,
  `address` text DEFAULT NULL,
  `city` varchar(255) DEFAULT NULL,
  `start_date` datetime DEFAULT NULL,
  `end_date` datetime DEFAULT NULL,
  `registration_deadline` datetime DEFAULT NULL,
  `description` text DEFAULT NULL,
  `banner_url` varchar(255) DEFAULT NULL,
  `logo_url` varchar(255) DEFAULT NULL,
  `type` varchar(36) DEFAULT NULL,
  `num_distances` tinyint(4) DEFAULT 1,
  `num_sessions` tinyint(4) DEFAULT 1,
  `entry_fee` decimal(10,2) DEFAULT 0.00,
  `max_participants` int(11) DEFAULT NULL,
  `status` enum('draft','published','ongoing','completed','archived') DEFAULT 'draft',
  `organizer_id` varchar(36) DEFAULT NULL,
  `created_at` timestamp NOT NULL DEFAULT current_timestamp(),
  `updated_at` timestamp NOT NULL DEFAULT current_timestamp() ON UPDATE current_timestamp(),
  `total_prize` decimal(15,2) DEFAULT 0.00,
  `technical_guidebook_url` varchar(255) DEFAULT NULL,
  `page_settings` longtext DEFAULT NULL,
  PRIMARY KEY (`uuid`),
  UNIQUE KEY `code` (`code`),
  UNIQUE KEY `slug` (`slug`),
  KEY `idx_code` (`code`),
  KEY `idx_status` (`status`),
  KEY `idx_start_date` (`start_date`),
  KEY `idx_organizer` (`organizer_id`)
) ENGINE=InnoDB DEFAULT CHARSET=utf8mb4 COLLATE=utf8mb4_unicode_ci;

-- Dumping data for table archeryhub.events: ~9 rows (approximately)
INSERT INTO `events` (`uuid`, `slug`, `code`, `name`, `short_name`, `venue`, `gmaps_link`, `location`, `address`, `city`, `start_date`, `end_date`, `registration_deadline`, `description`, `banner_url`, `logo_url`, `type`, `num_distances`, `num_sessions`, `entry_fee`, `max_participants`, `status`, `organizer_id`, `created_at`, `updated_at`, `total_prize`, `technical_guidebook_url`, `page_settings`) VALUES
	('4a40793e-f935-11f0-87db-c3c8a1ce2650', 'sumatra-archery-championship-2025', 'EVT-007', 'Sumatra Archery Championship 2025', NULL, 'GOR H. Agus Salim', 'https://maps.app.goo.gl/examplePadang', 'Palembang', 'Jl. Veteran, Padang, Sumatera Barat', 'Padang', '2026-02-03 06:59:35', '2026-02-06 06:59:35', '2026-01-31 06:59:35', 'Sumatra Archery Championship 2025 adalah kompetisi panahan regional yang mengundang pemanah dari seluruh pulau Sumatera. Event ini menjadi ajang silaturahmi dan kompetisi antar klub panahan se-Sumatera.', NULL, NULL, NULL, 1, 1, 250000.00, 350, 'published', 'a1fdd1c4-632a-44d9-9be4-c96461e4530e', '2026-01-24 14:59:35', '2026-01-28 13:14:33', 25000000.00, 'https://archeryhub.id/docs/tpk-sumatra-2025.pdf', '{"sections":{"about":true,"divisions":true,"fees":true,"prizes":true,"schedule":true,"location":true},"prizes":{"first":"Rp 4.000.000","second":"Rp 2.500.000","third":"Rp 1.500.000"}}'),
	('4b2a017e-f935-11f0-87db-c3c8a1ce2650', 'kalimantan-open-archery-2025', 'EVT-008', 'Kalimantan Open Archery 2025', NULL, 'Stadion Panahan Palangkaraya', 'https://maps.app.goo.gl/exampleKalimantan', 'Pontianak', 'Jl. Tjilik Riwut Km 7,5 Palangkaraya, Kalimantan Tengah', 'Palangkaraya', '2026-02-08 06:59:36', '2026-02-11 06:59:36', '2026-02-05 06:59:36', 'Kalimantan Open Archery 2025 adalah kompetisi panahan terbuka tingkat nasional yang diselenggarakan di Kalimantan. Event ini menghadirkan peserta dari berbagai daerah di Indonesia untuk berkompetisi dalam berbagai kategori usia dan jenis busur. Kompetisi ini juga menjadi ajang seleksi atlet daerah untuk kejuaraan nasional.', NULL, NULL, NULL, 1, 1, 500000.00, 400, 'published', 'a1fdd1c4-632a-44d9-9be4-c96461e4530e', '2026-01-24 14:59:36', '2026-01-28 13:14:37', 20000000.00, 'https://archeryhub.id/docs/tpk-kalimantan-2025.pdf', '{"sections":{"about":true,"divisions":true,"fees":true,"prizes":true,"schedule":true,"location":true},"prizes":{"first":"Rp 5.000.000 + Medali Emas","second":"Rp 3.000.000 + Medali Perak","third":"Rp 2.000.000 + Medali Perunggu"}}'),
	('63457f65-f934-11f0-87db-c3c8a1ce2650', 'jakarta-open-championship-2025', 'EVT-001', 'Jakarta Open Championship 2025', NULL, 'GBK Arena Archery Center', 'https://maps.app.goo.gl/exampleJakarta', 'Jakarta', 'Jl. Jenderal Sudirman, Gelora Bung Karno, Jakarta Pusat', 'Jakarta Pusat', '2026-01-24 06:53:07', '2026-01-27 06:53:07', '2026-01-25 06:53:07', 'Jakarta Open Championship 2025 adalah salah satu kompetisi panahan tingkat internasional paling bergengsi di Indonesia. Event ini menghadirkan atlet-atlet terbaik dari berbagai negara untuk bertanding di ibu kota negara.', NULL, NULL, NULL, 1, 1, 300000.00, 600, 'ongoing', 'a1fdd1c4-632a-44d9-9be4-c96461e4530e', '2026-01-24 14:53:07', '2026-01-28 13:14:40', 20000000.00, 'https://archeryhub.id/docs/tpk-jakarta-2025.pdf', '{"sections":{"about":true,"divisions":true,"fees":true,"prizes":true,"schedule":true,"location":true},"prizes":{"first":"Rp 15.000.000 + Medali Emas","second":"Rp 10.000.000 + Medali Perak","third":"Rp 5.000.000 + Medali Perunggu"}}'),
	('64015ab4-f934-11f0-87db-c3c8a1ce2650', 'bandung-archery-festival-2025', 'EVT-002', 'Bandung Archery Festival 2025', NULL, 'Lapangan Panahan Saparua', 'https://maps.app.goo.gl/exampleBandung', 'Bandung', 'Jl. Saparua No. 1, Bandung', 'Bandung', '2026-01-24 06:53:08', '2026-01-26 06:53:08', '2026-01-25 06:53:08', 'Bandung Archery Festival 2025 adalah festival olahraga panahan yang menggabungkan kompetisi dengan hiburan. Selain pertandingan resmi, event ini juga menyediakan workshop panahan, pameran alat panah, dan kegiatan keluarga.', NULL, NULL, NULL, 1, 1, 400000.00, 300, 'ongoing', 'a1fdd1c4-632a-44d9-9be4-c96461e4530e', '2026-01-24 14:53:08', '2026-01-28 13:14:42', 30000000.00, 'https://archeryhub.id/docs/tpk-bandung-2025.pdf', '{"sections":{"about":true,"divisions":true,"fees":true,"prizes":true,"schedule":true,"location":true},"prizes":{"first":"Rp 3.000.000","second":"Rp 2.000.000","third":"Rp 1.000.000"}}'),
	('64c08cf0-f934-11f0-87db-c3c8a1ce2650', 'surabaya-national-cup-2025', 'EVT-003', 'Surabaya National Cup 2025', NULL, 'Stadion Gelora Bung Tomo', 'https://maps.app.goo.gl/exampleSurabaya', 'Surabaya', 'Jl. Pahlawan, Surabaya', 'Surabaya', '2026-01-24 06:53:10', '2026-01-28 06:53:10', '2026-01-25 06:53:10', 'Surabaya National Cup 2025 adalah kompetisi panahan tingkat nasional yang diselenggarakan di kota pahlawan. Event ini menjadi ajang unjuk kebolehan pemanah-pemanah terbaik Indonesia dari berbagai provinsi.', NULL, NULL, NULL, 1, 1, 200000.00, 500, 'ongoing', 'a1fdd1c4-632a-44d9-9be4-c96461e4530e', '2026-01-24 14:53:10', '2026-01-28 13:14:45', 30000000.00, 'https://archeryhub.id/docs/tpk-surabaya-2025.pdf', '{"sections":{"about":true,"divisions":true,"fees":true,"prizes":true,"schedule":true,"location":true},"prizes":{"first":"Rp 8.000.000","second":"Rp 5.000.000","third":"Rp 3.000.000"}}'),
	('656dbbc6-f934-11f0-87db-c3c8a1ce2650', 'yogyakarta-archery-open-2025', 'EVT-004', 'Yogyakarta Archery Open 2025', NULL, 'Lapangan Panahan UGM', 'https://maps.app.goo.gl/exampleYogyakarta', 'Yogyakarta', 'Kompleks Olahraga UGM, Sleman, Yogyakarta', 'Yogyakarta', '2026-01-24 06:53:11', '2026-01-27 06:53:11', '2026-01-25 06:53:11', 'Yogyakarta Archery Open 2025 adalah kompetisi terbuka yang diselenggarakan di kota pelajar. Event ini tidak hanya menjadi ajang kompetisi tetapi juga sarana pengembangan olahraga panahan di kalangan generasi muda.', NULL, NULL, NULL, 1, 1, 350000.00, 250, 'ongoing', 'a1fdd1c4-632a-44d9-9be4-c96461e4530e', '2026-01-24 14:53:11', '2026-01-28 13:14:48', 5000000.00, 'https://archeryhub.id/docs/tpk-yogyakarta-2025.pdf', '{"sections":{"about":true,"divisions":true,"fees":true,"prizes":true,"schedule":true,"location":true},"prizes":{"first":"Rp 2.500.000","second":"Rp 1.500.000","third":"Rp 1.000.000"}}'),
	('66288818-f934-11f0-87db-c3c8a1ce2650', 'bali-international-archery-2025', 'EVT-005', 'Bali International Archery 2025', NULL, 'Bali Archery Resort', 'https://maps.app.goo.gl/exampleBali', 'Denpasar, Bali', 'Jl. Sunset Road, Badung, Bali', 'Badung', '2026-01-24 06:53:12', '2026-01-29 06:53:12', '2026-01-26 06:53:12', 'Bali International Archery 2025 adalah kompetisi internasional yang mengundang pemanah dari berbagai negara ASEAN dan sekitarnya. Diselenggarakan di pulau dewata dengan pemandangan alam yang indah.', NULL, NULL, NULL, 1, 1, 250000.00, 400, 'ongoing', 'a1fdd1c4-632a-44d9-9be4-c96461e4530e', '2026-01-24 14:53:12', '2026-01-28 13:12:44', 20000000.00, 'https://archeryhub.id/docs/tpk-bali-2025.pdf', '{"sections":{"about":true,"divisions":true,"fees":true,"prizes":true,"schedule":true,"location":true},"prizes":{"first":"Rp 20.000.000 + Medali Emas","second":"Rp 12.000.000 + Medali Perak","third":"Rp 7.000.000 + Medali Perunggu"}}'),
	('670f9d9a-f934-11f0-87db-c3c8a1ce2650', 'medan-archery-championship-2025', 'EVT-006', 'Medan Archery Championship 2025', NULL, 'Lapangan Panahan KONI Sumut', 'https://maps.app.goo.gl/exampleMedan', 'Medan', 'Jl. Multatuli No. 12, Medan', 'Medan', '2026-01-24 06:53:13', '2026-01-28 06:53:13', '2026-01-25 06:53:13', 'Medan Archery Championship 2025 adalah kejuaraan panahan terbuka tingkat Sumatera Utara yang menghadirkan kompetisi berkualitas tinggi bagi pemanah-pemanah berbakat dari seluruh provinsi. Event ini menampilkan berbagai divisi kompetisi termasuk Recurve, Compound, Barebow, dan Nasional dengan kategori individu maupun tim. Setiap peserta akan berkesempatan untuk menunjukkan kemampuan terbaik mereka dalam sesi kualifikasi dan eliminasi yang dirancang dengan standar kompetisi internasional.', NULL, NULL, NULL, 1, 1, 300000.00, 300, 'ongoing', 'a1fdd1c4-632a-44d9-9be4-c96461e4530e', '2026-01-24 14:53:13', '2026-01-28 13:14:54', 25000000.00, 'https://archeryhub.id/docs/technical-guidebook-medan-archery-championship-2025.pdf', '{"sections": {"about": true, "divisions": true, "fees": true, "prizes": true, "schedule": true, "location": true}, "prizes": {"first": "Rp 15.000.000", "first_caption": "+ Piala + Medali Emas", "second": "Rp 10.000.000", "second_caption": "+ Piala + Medali Perak", "third": "Rp 7.500.000", "third_caption": "+ Piala + Medali Perunggu"}, "fees": [{"name": "Individu", "amount": 150000, "description": "Biaya pendaftaran untuk kategori individu per divisi"}, {"name": "Tim", "amount": 400000, "description": "Biaya pendaftaran untuk kategori tim (3 orang)"}, {"name": "Early Bird", "amount": 120000, "description": "Diskon 20% untuk pendaftaran sebelum 1 Februari 2025"}]}'),
	('f9272ae0-f76f-11f0-87db-c3c8a1ce2650', 'indonesian-open-championship-2025', 'IOC-2025', 'Indonesian Open Championship 2025', 'IOC 2025', 'Senayan Archery Center', 'https://maps.app.goo.gl/exampleSenayan', 'Jakarta, Indonesia', 'Kompleks Gelora Bung Karno, Jakarta', 'Jakarta', '2025-03-15 08:00:00', '2025-03-18 18:00:00', '2025-03-10 23:59:59', 'Indonesian Open Championship 2025 adalah kompetisi panahan nasional terbesar yang menghadirkan pemanah-pemanah elit dari seluruh Indonesia. Event ini juga menjadi ajang seleksi timnas untuk kejuaraan internasional.', 'https://images.unsplash.com/photo-1578662996442-48f60103fc96?w=1920&h=1080&fit=crop', 'https://images.unsplash.com/photo-1606107557195-0e29a4b5b4aa?w=400&h=400&fit=crop', 'Outdoor', 2, 3, 250000.00, 800, 'published', 'a1fdd1c4-632a-44d9-9be4-c96461e4530e', '2026-01-22 08:54:37', '2026-01-28 13:14:55', 20000000.00, 'https://archeryhub.id/docs/tpk-indonesia-2025.pdf', '{"sections":{"about":true,"divisions":true,"fees":true,"prizes":true,"schedule":true,"location":true},"prizes":{"first":"Rp 25.000.000 + Medali Emas","second":"Rp 15.000.000 + Medali Perak","third":"Rp 10.000.000 + Medali Perunggu"}}');

-- Dumping structure for table archeryhub.event_categories
CREATE TABLE IF NOT EXISTS `event_categories` (
  `uuid` varchar(36) NOT NULL,
  `event_id` varchar(36) NOT NULL,
  `division_uuid` varchar(36) DEFAULT NULL,
  `category_uuid` varchar(36) DEFAULT NULL,
  `event_type_uuid` varchar(36) DEFAULT NULL,
  `gender_division_uuid` varchar(36) DEFAULT NULL,
  `max_participants` int(11) DEFAULT NULL,
  `status` enum('active','inactive') DEFAULT 'active',
  `created_at` timestamp NOT NULL DEFAULT current_timestamp(),
  `updated_at` timestamp NOT NULL DEFAULT current_timestamp() ON UPDATE current_timestamp(),
  PRIMARY KEY (`uuid`),
  KEY `fk_event_categories_event` (`event_id`),
  CONSTRAINT `fk_event_categories_event` FOREIGN KEY (`event_id`) REFERENCES `events` (`uuid`) ON DELETE CASCADE
) ENGINE=InnoDB DEFAULT CHARSET=utf8mb4 COLLATE=utf8mb4_unicode_ci;

-- Dumping data for table archeryhub.event_categories: ~47 rows (approximately)
INSERT INTO `event_categories` (`uuid`, `event_id`, `division_uuid`, `category_uuid`, `event_type_uuid`, `gender_division_uuid`, `max_participants`, `status`, `created_at`, `updated_at`) VALUES
	('0748da0d-f832-11f0-87db-c3c8a1ce2650', 'f9272ae0-f76f-11f0-87db-c3c8a1ce2650', '5c95a503-4fd4-465f-9dd3-b08568181792', 'f235b870-724b-44ac-8683-b665df0c0548', 'da2740c8-f7ac-460f-a8c2-46f0c6ec844f', 'd60f4939-4d88-4ded-bf4d-6d8cff4de5ae', 64, 'active', '2026-01-23 08:03:43', '2026-01-23 08:03:43'),
	('0748dc7a-f832-11f0-87db-c3c8a1ce2650', 'f9272ae0-f76f-11f0-87db-c3c8a1ce2650', '5c95a503-4fd4-465f-9dd3-b08568181792', 'f235b870-724b-44ac-8683-b665df0c0548', 'da2740c8-f7ac-460f-a8c2-46f0c6ec844f', 'afbded2f-705c-480f-84d2-6962bcb4b2ef', 64, 'active', '2026-01-23 08:03:43', '2026-01-23 08:03:43'),
	('0748ddc4-f832-11f0-87db-c3c8a1ce2650', 'f9272ae0-f76f-11f0-87db-c3c8a1ce2650', '94bf104d-8ef2-4dd0-a1b1-2d82b46a1bdc', 'f235b870-724b-44ac-8683-b665df0c0548', 'da2740c8-f7ac-460f-a8c2-46f0c6ec844f', 'd60f4939-4d88-4ded-bf4d-6d8cff4de5ae', 64, 'active', '2026-01-23 08:03:43', '2026-01-23 08:03:43'),
	('11c2de9b-e8f0-4ee0-a724-79ae3aede1ee', '64015ab4-f934-11f0-87db-c3c8a1ce2650', '349a5218-fed0-4305-ab16-e636501bb5df', 'f235b870-724b-44ac-8683-b665df0c0548', 'da2740c8-f7ac-460f-a8c2-46f0c6ec844f', 'd60f4939-4d88-4ded-bf4d-6d8cff4de5ae', 30, 'active', '2026-01-28 13:14:42', '2026-01-28 13:14:42'),
	('15390a96-caad-4690-8aef-406df36f73b7', '656dbbc6-f934-11f0-87db-c3c8a1ce2650', '349a5218-fed0-4305-ab16-e636501bb5df', 'f0ab19a5-efe2-4ceb-b177-57966249af04', 'da2740c8-f7ac-460f-a8c2-46f0c6ec844f', 'd60f4939-4d88-4ded-bf4d-6d8cff4de5ae', 46, 'active', '2026-01-28 13:14:48', '2026-01-28 13:14:48'),
	('19141411-b792-4ae5-b07b-6a828ae26438', '64c08cf0-f934-11f0-87db-c3c8a1ce2650', '5c95a503-4fd4-465f-9dd3-b08568181792', 'f235b870-724b-44ac-8683-b665df0c0548', 'da2740c8-f7ac-460f-a8c2-46f0c6ec844f', 'afbded2f-705c-480f-84d2-6962bcb4b2ef', 31, 'active', '2026-01-28 13:14:45', '2026-01-28 13:14:45'),
	('1a15fcaf-4459-40f7-b92d-4f8349d67afc', '63457f65-f934-11f0-87db-c3c8a1ce2650', '349a5218-fed0-4305-ab16-e636501bb5df', 'f0ab19a5-efe2-4ceb-b177-57966249af04', 'da2740c8-f7ac-460f-a8c2-46f0c6ec844f', 'd60f4939-4d88-4ded-bf4d-6d8cff4de5ae', 33, 'active', '2026-01-28 13:14:39', '2026-01-28 13:14:39'),
	('1b71dab9-518a-4ac5-9cd5-d1fc9d65a02c', '4a40793e-f935-11f0-87db-c3c8a1ce2650', '5c95a503-4fd4-465f-9dd3-b08568181792', 'f235b870-724b-44ac-8683-b665df0c0548', 'da2740c8-f7ac-460f-a8c2-46f0c6ec844f', 'd60f4939-4d88-4ded-bf4d-6d8cff4de5ae', 48, 'active', '2026-01-28 13:14:33', '2026-01-28 13:14:33'),
	('210c4035-79fc-4439-80cc-719fc30d2835', '64015ab4-f934-11f0-87db-c3c8a1ce2650', '94bf104d-8ef2-4dd0-a1b1-2d82b46a1bdc', 'd0ac100f-3a30-46bd-a986-17eec4274c86', '160f7979-706c-41bb-ba42-111186ad31ab', 'd60f4939-4d88-4ded-bf4d-6d8cff4de5ae', 43, 'active', '2026-01-28 13:14:42', '2026-01-28 13:14:42'),
	('2e171e2c-a7bb-4dbc-9c30-0c8c06b0ecbb', '64015ab4-f934-11f0-87db-c3c8a1ce2650', '94bf104d-8ef2-4dd0-a1b1-2d82b46a1bdc', 'f235b870-724b-44ac-8683-b665df0c0548', 'da2740c8-f7ac-460f-a8c2-46f0c6ec844f', 'd60f4939-4d88-4ded-bf4d-6d8cff4de5ae', 40, 'active', '2026-01-28 13:14:42', '2026-01-28 13:14:42'),
	('337b6138-7d49-4117-bc50-e5faa0941d0c', '66288818-f934-11f0-87db-c3c8a1ce2650', '94bf104d-8ef2-4dd0-a1b1-2d82b46a1bdc', 'f235b870-724b-44ac-8683-b665df0c0548', 'da2740c8-f7ac-460f-a8c2-46f0c6ec844f', 'd60f4939-4d88-4ded-bf4d-6d8cff4de5ae', 35, 'active', '2026-01-28 13:14:51', '2026-01-28 13:14:51'),
	('35218812-9600-406e-b3b2-8ee7ac74270c', '64c08cf0-f934-11f0-87db-c3c8a1ce2650', '94bf104d-8ef2-4dd0-a1b1-2d82b46a1bdc', 'f235b870-724b-44ac-8683-b665df0c0548', 'da2740c8-f7ac-460f-a8c2-46f0c6ec844f', 'd60f4939-4d88-4ded-bf4d-6d8cff4de5ae', 41, 'active', '2026-01-28 13:14:45', '2026-01-28 13:14:45'),
	('39042441-4a7c-4934-b33c-91b8ebf931ba', '656dbbc6-f934-11f0-87db-c3c8a1ce2650', '5c95a503-4fd4-465f-9dd3-b08568181792', 'f235b870-724b-44ac-8683-b665df0c0548', 'da2740c8-f7ac-460f-a8c2-46f0c6ec844f', 'd60f4939-4d88-4ded-bf4d-6d8cff4de5ae', 30, 'active', '2026-01-28 13:14:48', '2026-01-28 13:14:48'),
	('3c54e138-fc07-11f0-87db-c3c8a1ce2650', '670f9d9a-f934-11f0-87db-c3c8a1ce2650', '5c95a503-4fd4-465f-9dd3-b08568181792', 'f235b870-724b-44ac-8683-b665df0c0548', 'da2740c8-f7ac-460f-a8c2-46f0c6ec844f', 'd60f4939-4d88-4ded-bf4d-6d8cff4de5ae', 50, 'active', '2026-01-28 05:07:28', '2026-01-28 05:16:58'),
	('3c54e4c1-fc07-11f0-87db-c3c8a1ce2650', '670f9d9a-f934-11f0-87db-c3c8a1ce2650', '349a5218-fed0-4305-ab16-e636501bb5df', 'f235b870-724b-44ac-8683-b665df0c0548', 'da2740c8-f7ac-460f-a8c2-46f0c6ec844f', 'd60f4939-4d88-4ded-bf4d-6d8cff4de5ae', 50, 'active', '2026-01-28 05:07:28', '2026-01-28 05:17:00'),
	('3c54e53b-fc07-11f0-87db-c3c8a1ce2650', '670f9d9a-f934-11f0-87db-c3c8a1ce2650', '94bf104d-8ef2-4dd0-a1b1-2d82b46a1bdc', 'f235b870-724b-44ac-8683-b665df0c0548', 'da2740c8-f7ac-460f-a8c2-46f0c6ec844f', 'd60f4939-4d88-4ded-bf4d-6d8cff4de5ae', 30, 'active', '2026-01-28 05:07:28', '2026-01-28 05:17:02'),
	('3c54e595-fc07-11f0-87db-c3c8a1ce2650', '670f9d9a-f934-11f0-87db-c3c8a1ce2650', '5c95a503-4fd4-465f-9dd3-b08568181792', 'f0ab19a5-efe2-4ceb-b177-57966249af04', 'da2740c8-f7ac-460f-a8c2-46f0c6ec844f', 'd60f4939-4d88-4ded-bf4d-6d8cff4de5ae', 30, 'active', '2026-01-28 05:07:28', '2026-01-28 05:17:04'),
	('3c54e5e9-fc07-11f0-87db-c3c8a1ce2650', '670f9d9a-f934-11f0-87db-c3c8a1ce2650', '349a5218-fed0-4305-ab16-e636501bb5df', 'f0ab19a5-efe2-4ceb-b177-57966249af04', 'da2740c8-f7ac-460f-a8c2-46f0c6ec844f', 'd60f4939-4d88-4ded-bf4d-6d8cff4de5ae', 30, 'active', '2026-01-28 05:07:28', '2026-01-28 05:17:06'),
	('3d0f85ec-8ffb-4f5d-a339-efc8bba07377', '64c08cf0-f934-11f0-87db-c3c8a1ce2650', '5c95a503-4fd4-465f-9dd3-b08568181792', 'f235b870-724b-44ac-8683-b665df0c0548', 'da2740c8-f7ac-460f-a8c2-46f0c6ec844f', 'd60f4939-4d88-4ded-bf4d-6d8cff4de5ae', 58, 'active', '2026-01-28 13:14:45', '2026-01-28 13:14:45'),
	('3d7d8244-ae6d-46fa-bc65-8946e73277c7', 'f9272ae0-f76f-11f0-87db-c3c8a1ce2650', '94bf104d-8ef2-4dd0-a1b1-2d82b46a1bdc', 'd0ac100f-3a30-46bd-a986-17eec4274c86', '160f7979-706c-41bb-ba42-111186ad31ab', 'd60f4939-4d88-4ded-bf4d-6d8cff4de5ae', NULL, 'active', '2026-01-24 10:36:31', '2026-01-24 10:36:31'),
	('4a0f0f10-0359-4ec7-8f2f-de172c12a898', '656dbbc6-f934-11f0-87db-c3c8a1ce2650', '94bf104d-8ef2-4dd0-a1b1-2d82b46a1bdc', 'f235b870-724b-44ac-8683-b665df0c0548', 'da2740c8-f7ac-460f-a8c2-46f0c6ec844f', 'd60f4939-4d88-4ded-bf4d-6d8cff4de5ae', 35, 'active', '2026-01-28 13:14:48', '2026-01-28 13:14:48'),
	('4d4c5cfc-77e1-4e2a-97f4-c6b205356eea', '64c08cf0-f934-11f0-87db-c3c8a1ce2650', '94bf104d-8ef2-4dd0-a1b1-2d82b46a1bdc', 'd0ac100f-3a30-46bd-a986-17eec4274c86', '160f7979-706c-41bb-ba42-111186ad31ab', 'd60f4939-4d88-4ded-bf4d-6d8cff4de5ae', 46, 'active', '2026-01-28 13:14:45', '2026-01-28 13:14:45'),
	('4df85aaf-b0d0-48d1-abb4-2f369748f5d9', '66288818-f934-11f0-87db-c3c8a1ce2650', '5c95a503-4fd4-465f-9dd3-b08568181792', 'f0ab19a5-efe2-4ceb-b177-57966249af04', 'da2740c8-f7ac-460f-a8c2-46f0c6ec844f', 'd60f4939-4d88-4ded-bf4d-6d8cff4de5ae', 37, 'active', '2026-01-28 13:14:51', '2026-01-28 13:14:51'),
	('657f70bd-8739-45fa-ac68-afcedbe6f46a', '4a40793e-f935-11f0-87db-c3c8a1ce2650', '349a5218-fed0-4305-ab16-e636501bb5df', 'f235b870-724b-44ac-8683-b665df0c0548', 'da2740c8-f7ac-460f-a8c2-46f0c6ec844f', 'd60f4939-4d88-4ded-bf4d-6d8cff4de5ae', 42, 'active', '2026-01-28 13:14:33', '2026-01-28 13:14:33'),
	('6735daff-cdb9-4dde-87a1-16db35252be9', '66288818-f934-11f0-87db-c3c8a1ce2650', '349a5218-fed0-4305-ab16-e636501bb5df', 'f0ab19a5-efe2-4ceb-b177-57966249af04', 'da2740c8-f7ac-460f-a8c2-46f0c6ec844f', 'd60f4939-4d88-4ded-bf4d-6d8cff4de5ae', 58, 'active', '2026-01-28 13:14:51', '2026-01-28 13:14:51'),
	('7cdd9cfd-3119-45c7-850d-b6a9690ea301', '63457f65-f934-11f0-87db-c3c8a1ce2650', '349a5218-fed0-4305-ab16-e636501bb5df', 'f235b870-724b-44ac-8683-b665df0c0548', 'da2740c8-f7ac-460f-a8c2-46f0c6ec844f', 'd60f4939-4d88-4ded-bf4d-6d8cff4de5ae', 38, 'active', '2026-01-28 13:14:39', '2026-01-28 13:14:39'),
	('7e4fb752-5aed-41b8-9964-accb6a5a12f1', '66288818-f934-11f0-87db-c3c8a1ce2650', '5c95a503-4fd4-465f-9dd3-b08568181792', 'f235b870-724b-44ac-8683-b665df0c0548', 'da2740c8-f7ac-460f-a8c2-46f0c6ec844f', 'd60f4939-4d88-4ded-bf4d-6d8cff4de5ae', 46, 'active', '2026-01-28 13:14:51', '2026-01-28 13:14:51'),
	('8e312b72-9518-494e-81cb-c06c6240ec1d', '4b2a017e-f935-11f0-87db-c3c8a1ce2650', '94bf104d-8ef2-4dd0-a1b1-2d82b46a1bdc', 'f235b870-724b-44ac-8683-b665df0c0548', 'da2740c8-f7ac-460f-a8c2-46f0c6ec844f', 'd60f4939-4d88-4ded-bf4d-6d8cff4de5ae', 35, 'active', '2026-01-28 13:14:36', '2026-01-28 13:14:36'),
	('9b701d34-c7e6-40f2-bfed-704f7884393c', '63457f65-f934-11f0-87db-c3c8a1ce2650', '94bf104d-8ef2-4dd0-a1b1-2d82b46a1bdc', 'f235b870-724b-44ac-8683-b665df0c0548', 'da2740c8-f7ac-460f-a8c2-46f0c6ec844f', 'd60f4939-4d88-4ded-bf4d-6d8cff4de5ae', 43, 'active', '2026-01-28 13:14:39', '2026-01-28 13:14:39'),
	('9feb369c-ae51-4032-94b8-51d1bdbb6470', '4b2a017e-f935-11f0-87db-c3c8a1ce2650', '5c95a503-4fd4-465f-9dd3-b08568181792', 'f235b870-724b-44ac-8683-b665df0c0548', 'da2740c8-f7ac-460f-a8c2-46f0c6ec844f', 'afbded2f-705c-480f-84d2-6962bcb4b2ef', 38, 'active', '2026-01-28 13:14:37', '2026-01-28 13:14:37'),
	('a4081a7f-fd1b-421f-b38e-eace81ae1a9d', '4b2a017e-f935-11f0-87db-c3c8a1ce2650', '94bf104d-8ef2-4dd0-a1b1-2d82b46a1bdc', 'f235b870-724b-44ac-8683-b665df0c0548', 'da2740c8-f7ac-460f-a8c2-46f0c6ec844f', 'd60f4939-4d88-4ded-bf4d-6d8cff4de5ae', 43, 'active', '2026-01-28 13:14:37', '2026-01-28 13:14:37'),
	('a4391464-6da5-4a57-9a92-90465f76bd30', '4b2a017e-f935-11f0-87db-c3c8a1ce2650', '5c95a503-4fd4-465f-9dd3-b08568181792', 'f235b870-724b-44ac-8683-b665df0c0548', 'da2740c8-f7ac-460f-a8c2-46f0c6ec844f', 'd60f4939-4d88-4ded-bf4d-6d8cff4de5ae', 44, 'active', '2026-01-28 13:14:37', '2026-01-28 13:14:37'),
	('a8c35041-419c-4327-9a95-92b10df46e5a', '64015ab4-f934-11f0-87db-c3c8a1ce2650', '5c95a503-4fd4-465f-9dd3-b08568181792', 'f0ab19a5-efe2-4ceb-b177-57966249af04', 'da2740c8-f7ac-460f-a8c2-46f0c6ec844f', 'd60f4939-4d88-4ded-bf4d-6d8cff4de5ae', 51, 'active', '2026-01-28 13:14:42', '2026-01-28 13:14:42'),
	('ac0f70fc-f8fe-4687-bc26-d509206c3d01', '4b2a017e-f935-11f0-87db-c3c8a1ce2650', '5c95a503-4fd4-465f-9dd3-b08568181792', 'f0ab19a5-efe2-4ceb-b177-57966249af04', 'da2740c8-f7ac-460f-a8c2-46f0c6ec844f', 'd60f4939-4d88-4ded-bf4d-6d8cff4de5ae', 57, 'active', '2026-01-28 13:14:37', '2026-01-28 13:14:37'),
	('af55bb98-1edd-46b3-b0d8-87958444fd36', '63457f65-f934-11f0-87db-c3c8a1ce2650', '5c95a503-4fd4-465f-9dd3-b08568181792', 'f235b870-724b-44ac-8683-b665df0c0548', 'da2740c8-f7ac-460f-a8c2-46f0c6ec844f', 'd60f4939-4d88-4ded-bf4d-6d8cff4de5ae', 45, 'active', '2026-01-28 13:14:39', '2026-01-28 13:14:39'),
	('b30be72c-98ad-4d99-8313-34a1aae9d5a8', '64015ab4-f934-11f0-87db-c3c8a1ce2650', '94bf104d-8ef2-4dd0-a1b1-2d82b46a1bdc', 'f235b870-724b-44ac-8683-b665df0c0548', 'da2740c8-f7ac-460f-a8c2-46f0c6ec844f', 'd60f4939-4d88-4ded-bf4d-6d8cff4de5ae', 37, 'active', '2026-01-28 13:14:42', '2026-01-28 13:14:42'),
	('bc2a345b-5c4d-435e-92e2-b65285623460', '4b2a017e-f935-11f0-87db-c3c8a1ce2650', '349a5218-fed0-4305-ab16-e636501bb5df', 'f0ab19a5-efe2-4ceb-b177-57966249af04', 'da2740c8-f7ac-460f-a8c2-46f0c6ec844f', 'd60f4939-4d88-4ded-bf4d-6d8cff4de5ae', 49, 'active', '2026-01-28 13:14:37', '2026-01-28 13:14:37'),
	('c057501e-67d3-4463-8b77-939a25c4e5ba', '656dbbc6-f934-11f0-87db-c3c8a1ce2650', '5c95a503-4fd4-465f-9dd3-b08568181792', 'f235b870-724b-44ac-8683-b665df0c0548', 'da2740c8-f7ac-460f-a8c2-46f0c6ec844f', 'd60f4939-4d88-4ded-bf4d-6d8cff4de5ae', 41, 'active', '2026-01-28 13:14:48', '2026-01-28 13:14:48'),
	('c48233a7-a454-4429-bb19-5e14f160dfd5', '4a40793e-f935-11f0-87db-c3c8a1ce2650', '5c95a503-4fd4-465f-9dd3-b08568181792', 'f0ab19a5-efe2-4ceb-b177-57966249af04', 'da2740c8-f7ac-460f-a8c2-46f0c6ec844f', 'd60f4939-4d88-4ded-bf4d-6d8cff4de5ae', 43, 'active', '2026-01-28 13:14:33', '2026-01-28 13:14:33'),
	('dce74260-057d-4ca9-aa3e-ef865c068476', '63457f65-f934-11f0-87db-c3c8a1ce2650', '94bf104d-8ef2-4dd0-a1b1-2d82b46a1bdc', 'd0ac100f-3a30-46bd-a986-17eec4274c86', '160f7979-706c-41bb-ba42-111186ad31ab', 'd60f4939-4d88-4ded-bf4d-6d8cff4de5ae', 46, 'active', '2026-01-28 13:14:39', '2026-01-28 13:14:39'),
	('e5415c4d-a407-42e6-9aae-9e309f932bcb', '63457f65-f934-11f0-87db-c3c8a1ce2650', '5c95a503-4fd4-465f-9dd3-b08568181792', 'f235b870-724b-44ac-8683-b665df0c0548', 'da2740c8-f7ac-460f-a8c2-46f0c6ec844f', 'd60f4939-4d88-4ded-bf4d-6d8cff4de5ae', 33, 'active', '2026-01-28 13:14:39', '2026-01-28 13:14:39'),
	('f1503db6-7ed0-4ef1-9ef8-6922f4969748', '4a40793e-f935-11f0-87db-c3c8a1ce2650', '94bf104d-8ef2-4dd0-a1b1-2d82b46a1bdc', 'f235b870-724b-44ac-8683-b665df0c0548', 'da2740c8-f7ac-460f-a8c2-46f0c6ec844f', 'd60f4939-4d88-4ded-bf4d-6d8cff4de5ae', 43, 'active', '2026-01-28 13:14:33', '2026-01-28 13:14:33'),
	('f2c3062f-2f00-49ba-b2ad-d40a5d10d3fd', '4a40793e-f935-11f0-87db-c3c8a1ce2650', '94bf104d-8ef2-4dd0-a1b1-2d82b46a1bdc', 'f235b870-724b-44ac-8683-b665df0c0548', 'da2740c8-f7ac-460f-a8c2-46f0c6ec844f', 'd60f4939-4d88-4ded-bf4d-6d8cff4de5ae', 43, 'active', '2026-01-28 13:14:33', '2026-01-28 13:14:33'),
	('f41fe5ef-e2f8-4263-9d9a-ebcd3f34a9f3', '66288818-f934-11f0-87db-c3c8a1ce2650', '94bf104d-8ef2-4dd0-a1b1-2d82b46a1bdc', 'f235b870-724b-44ac-8683-b665df0c0548', 'da2740c8-f7ac-460f-a8c2-46f0c6ec844f', 'd60f4939-4d88-4ded-bf4d-6d8cff4de5ae', 45, 'active', '2026-01-28 13:14:51', '2026-01-28 13:14:51'),
	('f5f7e00d-7dae-4fcc-a9b5-d18cbc584596', '64c08cf0-f934-11f0-87db-c3c8a1ce2650', '5c95a503-4fd4-465f-9dd3-b08568181792', 'f235b870-724b-44ac-8683-b665df0c0548', 'da2740c8-f7ac-460f-a8c2-46f0c6ec844f', 'd60f4939-4d88-4ded-bf4d-6d8cff4de5ae', 41, 'active', '2026-01-28 13:14:45', '2026-01-28 13:14:45'),
	('fb6b2ba3-1de7-4efe-a35f-ddb71eadff4d', '4b2a017e-f935-11f0-87db-c3c8a1ce2650', '5c95a503-4fd4-465f-9dd3-b08568181792', 'f235b870-724b-44ac-8683-b665df0c0548', 'da2740c8-f7ac-460f-a8c2-46f0c6ec844f', 'd60f4939-4d88-4ded-bf4d-6d8cff4de5ae', 47, 'active', '2026-01-28 13:14:37', '2026-01-28 13:14:37'),
	('fd32bec8-f0d5-4200-85d5-06e9b1701076', '656dbbc6-f934-11f0-87db-c3c8a1ce2650', '94bf104d-8ef2-4dd0-a1b1-2d82b46a1bdc', 'd0ac100f-3a30-46bd-a986-17eec4274c86', '160f7979-706c-41bb-ba42-111186ad31ab', 'd60f4939-4d88-4ded-bf4d-6d8cff4de5ae', 36, 'active', '2026-01-28 13:14:48', '2026-01-28 13:14:48');

-- Dumping structure for table archeryhub.event_category_refs
CREATE TABLE IF NOT EXISTS `event_category_refs` (
  `uuid` varchar(36) NOT NULL,
  `name` varchar(200) NOT NULL,
  `bow_type_id` varchar(36) NOT NULL,
  `age_group_id` varchar(36) NOT NULL,
  `status` enum('active','inactive') NOT NULL DEFAULT 'active',
  `created_at` timestamp NOT NULL DEFAULT current_timestamp(),
  `updated_at` timestamp NOT NULL DEFAULT current_timestamp() ON UPDATE current_timestamp(),
  PRIMARY KEY (`uuid`)
) ENGINE=InnoDB DEFAULT CHARSET=utf8mb4 COLLATE=utf8mb4_unicode_ci;

-- Dumping data for table archeryhub.event_category_refs: ~0 rows (approximately)

-- Dumping structure for table archeryhub.event_images
CREATE TABLE IF NOT EXISTS `event_images` (
  `uuid` varchar(36) NOT NULL,
  `event_id` varchar(36) NOT NULL,
  `url` varchar(500) NOT NULL,
  `caption` varchar(255) DEFAULT NULL,
  `alt_text` varchar(255) DEFAULT NULL,
  `display_order` int(11) DEFAULT 0,
  `is_primary` tinyint(1) DEFAULT 0,
  `created_at` timestamp NOT NULL DEFAULT current_timestamp(),
  PRIMARY KEY (`uuid`),
  KEY `idx_event_images_event` (`event_id`),
  KEY `idx_event_images_order` (`event_id`,`display_order`),
  CONSTRAINT `fk_event_images_event` FOREIGN KEY (`event_id`) REFERENCES `events` (`uuid`) ON DELETE CASCADE
) ENGINE=InnoDB DEFAULT CHARSET=utf8mb4 COLLATE=utf8mb4_unicode_ci;

-- Dumping data for table archeryhub.event_images: ~5 rows (approximately)
INSERT INTO `event_images` (`uuid`, `event_id`, `url`, `caption`, `alt_text`, `display_order`, `is_primary`, `created_at`) VALUES
	('0760f5db-f770-11f0-87db-c3c8a1ce2650', 'f9272ae0-f76f-11f0-87db-c3c8a1ce2650', 'https://images.unsplash.com/photo-1578662996442-48f60103fc96?w=1920&h=1080&fit=crop', 'Main Banner - Indonesian Open Championship 2025', 'Archery competition banner', 0, 1, '2026-01-22 08:55:00'),
	('0760f864-f770-11f0-87db-c3c8a1ce2650', 'f9272ae0-f76f-11f0-87db-c3c8a1ce2650', 'https://images.unsplash.com/photo-1606107557195-0e29a4b5b4aa?w=400&h=400&fit=crop', 'Event Logo', 'IOC 2025 Logo', 1, 0, '2026-01-22 08:55:00'),
	('0760f947-f770-11f0-87db-c3c8a1ce2650', 'f9272ae0-f76f-11f0-87db-c3c8a1ce2650', 'https://images.unsplash.com/photo-1518611012118-696072aa579a?w=1200&h=800&fit=crop', 'Archery Field Setup', 'Competition field preparation', 2, 0, '2026-01-22 08:55:00'),
	('0760f9be-f770-11f0-87db-c3c8a1ce2650', 'f9272ae0-f76f-11f0-87db-c3c8a1ce2650', 'https://images.unsplash.com/photo-1606107557195-0e29a4b5b4aa?w=1200&h=800&fit=crop', 'Archers in Action', 'Competition action shot', 3, 0, '2026-01-22 08:55:00'),
	('0760fa31-f770-11f0-87db-c3c8a1ce2650', 'f9272ae0-f76f-11f0-87db-c3c8a1ce2650', 'https://images.unsplash.com/photo-1578662996442-48f60103fc96?w=1200&h=800&fit=crop', 'Award Ceremony', 'Previous year award ceremony', 4, 0, '2026-01-22 08:55:00');

-- Dumping structure for table archeryhub.event_participants
CREATE TABLE IF NOT EXISTS `event_participants` (
  `uuid` varchar(36) NOT NULL,
  `event_id` varchar(36) NOT NULL,
  `archer_id` varchar(36) NOT NULL,
  `category_id` varchar(36) DEFAULT NULL,
  `payment_amount` decimal(10,2) DEFAULT 0.00,
  `payment_proof_urls` text DEFAULT NULL,
  `status` enum('Menunggu Acc','Terdaftar') DEFAULT 'Menunggu Acc',
  `target_number` varchar(10) DEFAULT NULL,
  `session` int(11) DEFAULT NULL,
  `registration_date` timestamp NOT NULL DEFAULT current_timestamp(),
  `created_at` timestamp NOT NULL DEFAULT current_timestamp(),
  `updated_at` timestamp NOT NULL DEFAULT current_timestamp() ON UPDATE current_timestamp(),
  PRIMARY KEY (`uuid`),
  KEY `event_id` (`event_id`),
  KEY `event_category_id` (`category_id`),
  KEY `athlete_id` (`archer_id`),
  CONSTRAINT `event_participants_ibfk_1` FOREIGN KEY (`event_id`) REFERENCES `events` (`uuid`),
  CONSTRAINT `event_participants_ibfk_3` FOREIGN KEY (`archer_id`) REFERENCES `archers` (`uuid`)
) ENGINE=InnoDB DEFAULT CHARSET=utf8mb4 COLLATE=utf8mb4_unicode_ci;

-- Dumping data for table archeryhub.event_participants: ~581 rows (approximately)
INSERT INTO `event_participants` (`uuid`, `event_id`, `archer_id`, `category_id`, `payment_amount`, `payment_proof_urls`, `status`, `target_number`, `session`, `registration_date`, `created_at`, `updated_at`) VALUES
	('001ff485-de91-4ddb-a3a2-0d607d90e0ae', '4a40793e-f935-11f0-87db-c3c8a1ce2650', 'bd6873b8-f821-11f0-87db-c3c8a1ce2650', 'f1503db6-7ed0-4ef1-9ef8-6922f4969748', 250000.00, NULL, 'Terdaftar', '52A', 4, '2026-01-28 13:14:34', '2026-01-28 13:14:34', '2026-01-28 13:14:34'),
	('005233fb-d949-46fd-9e62-dbb1c003d5a9', '670f9d9a-f934-11f0-87db-c3c8a1ce2650', 'd3524a40-fb58-11f0-87db-c3c8a1ce2650', '3c54e53b-fc07-11f0-87db-c3c8a1ce2650', 500000.00, NULL, 'Terdaftar', '25A', 2, '2026-01-28 13:12:48', '2026-01-28 13:12:48', '2026-01-28 13:12:48'),
	('00cac387-ff26-45d1-ba32-3132452177dc', '670f9d9a-f934-11f0-87db-c3c8a1ce2650', 'b909a805-1338-4f14-9d75-fdbd0a57227b', '3c54e53b-fc07-11f0-87db-c3c8a1ce2650', 500000.00, NULL, 'Menunggu Acc', '03A', 1, '2026-01-28 13:12:45', '2026-01-28 13:12:45', '2026-01-28 13:12:45'),
	('00e10911-7055-40a1-aa7b-b418ec4e3183', '64c08cf0-f934-11f0-87db-c3c8a1ce2650', '8b67a784-fb59-11f0-87db-c3c8a1ce2650', '19141411-b792-4ae5-b07b-6a828ae26438', 200000.00, NULL, 'Terdaftar', '32A', 2, '2026-01-28 13:14:47', '2026-01-28 13:14:47', '2026-01-28 13:14:47'),
	('011074da-07d8-4c4b-a607-4798c04d726f', '64c08cf0-f934-11f0-87db-c3c8a1ce2650', 'd3523ac1-fb58-11f0-87db-c3c8a1ce2650', '3d0f85ec-8ffb-4f5d-a339-efc8bba07377', 200000.00, NULL, 'Menunggu Acc', '55A', 4, '2026-01-28 13:14:45', '2026-01-28 13:14:45', '2026-01-28 13:14:45'),
	('014d8860-58a1-44d9-b801-dd884d445975', '670f9d9a-f934-11f0-87db-c3c8a1ce2650', 'da7d0e15-17d7-4749-a5bd-da6217f31c44', '3c54e5e9-fc07-11f0-87db-c3c8a1ce2650', 500000.00, NULL, 'Terdaftar', '15A', 2, '2026-01-28 13:12:48', '2026-01-28 13:12:48', '2026-01-28 13:12:48'),
	('02ebe1f1-79fa-4849-b438-19f5887790ef', '63457f65-f934-11f0-87db-c3c8a1ce2650', 'bd6872ff-f821-11f0-87db-c3c8a1ce2650', 'dce74260-057d-4ca9-aa3e-ef865c068476', 300000.00, NULL, 'Terdaftar', '55A', 4, '2026-01-28 13:14:40', '2026-01-28 13:14:40', '2026-01-28 13:14:40'),
	('0304549b-2db2-4721-8a55-9aaee9a561cc', '64015ab4-f934-11f0-87db-c3c8a1ce2650', 'd3523f5a-fb58-11f0-87db-c3c8a1ce2650', '2e171e2c-a7bb-4dbc-9c30-0c8c06b0ecbb', 400000.00, NULL, 'Terdaftar', '13A', 3, '2026-01-28 13:14:43', '2026-01-28 13:14:43', '2026-01-28 13:14:43'),
	('03861e2d-7b5a-4ff6-a4bd-2f0ead00f72e', '63457f65-f934-11f0-87db-c3c8a1ce2650', 'b909a805-1338-4f14-9d75-fdbd0a57227b', 'dce74260-057d-4ca9-aa3e-ef865c068476', 300000.00, NULL, 'Terdaftar', '24A', 2, '2026-01-28 13:14:41', '2026-01-28 13:14:41', '2026-01-28 13:14:41'),
	('03da187b-1ced-4c62-985f-97b7e87dffa9', 'f9272ae0-f76f-11f0-87db-c3c8a1ce2650', '9c3d146a-1f6f-45d6-8dcc-441692b9c850', '0748ddc4-f832-11f0-87db-c3c8a1ce2650', 0.00, NULL, 'Menunggu Acc', NULL, NULL, '2026-01-23 14:02:02', '2026-01-23 14:02:02', '2026-01-23 14:02:02'),
	('03ec9d48-0c30-4fa0-b5f5-9c93b9cb5c20', '66288818-f934-11f0-87db-c3c8a1ce2650', 'be5c0d90-26f8-4463-bc23-46547797a8ac', '7e4fb752-5aed-41b8-9964-accb6a5a12f1', 250000.00, NULL, 'Terdaftar', '29A', 2, '2026-01-28 13:14:53', '2026-01-28 13:14:53', '2026-01-28 13:14:53'),
	('04328bf9-3f6f-4f90-bd33-d615dcb6ebe7', '656dbbc6-f934-11f0-87db-c3c8a1ce2650', '9c3d146a-1f6f-45d6-8dcc-441692b9c850', 'c057501e-67d3-4463-8b77-939a25c4e5ba', 350000.00, NULL, 'Terdaftar', '27A', 1, '2026-01-28 13:14:51', '2026-01-28 13:14:51', '2026-01-28 13:14:51'),
	('04ad6cf7-d08a-4773-855b-8f427dc908ae', 'f9272ae0-f76f-11f0-87db-c3c8a1ce2650', 'da7d0e15-17d7-4749-a5bd-da6217f31c44', '0748da0d-f832-11f0-87db-c3c8a1ce2650', 0.00, NULL, 'Menunggu Acc', NULL, NULL, '2026-01-23 13:49:33', '2026-01-23 13:49:33', '2026-01-23 13:49:33'),
	('05b210f4-ad23-41cd-a24c-7171ae12ddfb', '4b2a017e-f935-11f0-87db-c3c8a1ce2650', 'd3527031-fb58-11f0-87db-c3c8a1ce2650', 'a4391464-6da5-4a57-9a92-90465f76bd30', 500000.00, NULL, 'Terdaftar', '01A', 4, '2026-01-28 13:14:39', '2026-01-28 13:14:39', '2026-01-28 13:14:39'),
	('05e4fe34-0c49-4346-8396-fce6376e7597', '656dbbc6-f934-11f0-87db-c3c8a1ce2650', 'bd686067-f821-11f0-87db-c3c8a1ce2650', 'c057501e-67d3-4463-8b77-939a25c4e5ba', 350000.00, NULL, 'Terdaftar', '21A', 1, '2026-01-28 13:14:49', '2026-01-28 13:14:49', '2026-01-28 13:14:49'),
	('0698a387-eae0-4895-a97e-a4b213f9a9c1', '4a40793e-f935-11f0-87db-c3c8a1ce2650', 'd35243e5-fb58-11f0-87db-c3c8a1ce2650', '657f70bd-8739-45fa-ac68-afcedbe6f46a', 250000.00, NULL, 'Terdaftar', '20A', 2, '2026-01-28 13:14:36', '2026-01-28 13:14:36', '2026-01-28 13:14:36'),
	('06f48f22-affd-4d8e-824a-b1af5c018242', '66288818-f934-11f0-87db-c3c8a1ce2650', '8b67ab87-fb59-11f0-87db-c3c8a1ce2650', '6735daff-cdb9-4dde-87a1-16db35252be9', 250000.00, NULL, 'Terdaftar', '03A', 1, '2026-01-28 13:14:53', '2026-01-28 13:14:53', '2026-01-28 13:14:53'),
	('07040b58-704d-439a-b66e-b51107ff3006', '656dbbc6-f934-11f0-87db-c3c8a1ce2650', 'd3523cbe-fb58-11f0-87db-c3c8a1ce2650', '4a0f0f10-0359-4ec7-8f2f-de172c12a898', 350000.00, NULL, 'Terdaftar', '24A', 2, '2026-01-28 13:14:49', '2026-01-28 13:14:49', '2026-01-28 13:14:49'),
	('08c27b1f-4ce8-4952-b4f4-01d308faa65e', '670f9d9a-f934-11f0-87db-c3c8a1ce2650', 'd3525e8e-fb58-11f0-87db-c3c8a1ce2650', '3c54e595-fc07-11f0-87db-c3c8a1ce2650', 500000.00, NULL, 'Terdaftar', '15A', 2, '2026-01-28 13:12:47', '2026-01-28 13:12:47', '2026-01-28 13:12:47'),
	('08dd029d-8e38-4189-b24e-5c8fbd5c97f3', '656dbbc6-f934-11f0-87db-c3c8a1ce2650', 'd35252ec-fb58-11f0-87db-c3c8a1ce2650', '39042441-4a7c-4934-b33c-91b8ebf931ba', 350000.00, NULL, 'Terdaftar', '22A', 1, '2026-01-28 13:14:50', '2026-01-28 13:14:50', '2026-01-28 13:14:50'),
	('09ff7742-0c6c-4dd8-9ac2-4640b4d0c112', '4a40793e-f935-11f0-87db-c3c8a1ce2650', 'd3525de8-fb58-11f0-87db-c3c8a1ce2650', 'f1503db6-7ed0-4ef1-9ef8-6922f4969748', 250000.00, NULL, 'Terdaftar', '16A', 4, '2026-01-28 13:14:33', '2026-01-28 13:14:33', '2026-01-28 13:14:33'),
	('0a51689f-60c8-4b63-886a-29b516e0273c', '64c08cf0-f934-11f0-87db-c3c8a1ce2650', '08bdfd94-610a-4170-944a-13f902141721', '19141411-b792-4ae5-b07b-6a828ae26438', 200000.00, NULL, 'Terdaftar', '41A', 1, '2026-01-28 13:14:47', '2026-01-28 13:14:47', '2026-01-28 13:14:47'),
	('0b5f5685-0967-47a7-a075-b2f684ea19cc', '63457f65-f934-11f0-87db-c3c8a1ce2650', 'd3524dd8-fb58-11f0-87db-c3c8a1ce2650', '7cdd9cfd-3119-45c7-850d-b6a9690ea301', 300000.00, NULL, 'Terdaftar', '35A', 4, '2026-01-28 13:14:41', '2026-01-28 13:14:41', '2026-01-28 13:14:41'),
	('0b6f5c5c-0d2e-404e-9d77-fa8a2e2fdb51', 'f9272ae0-f76f-11f0-87db-c3c8a1ce2650', '1425c4ea-32da-4674-aa6b-df6e11cc492b', '0748ddc4-f832-11f0-87db-c3c8a1ce2650', 0.00, NULL, 'Menunggu Acc', NULL, NULL, '2026-01-23 14:02:02', '2026-01-23 14:02:02', '2026-01-23 14:02:02'),
	('0bf0f82e-3bf4-4f56-ab15-ebe130a915fe', '4b2a017e-f935-11f0-87db-c3c8a1ce2650', 'c7eb4bbf-05a9-4e8f-bf6a-18c1de893137', 'bc2a345b-5c4d-435e-92e2-b65285623460', 500000.00, NULL, 'Terdaftar', '34A', 1, '2026-01-28 13:14:39', '2026-01-28 13:14:39', '2026-01-28 13:14:39'),
	('0ce65112-37bb-4104-823e-3907adf57edc', '4b2a017e-f935-11f0-87db-c3c8a1ce2650', '1f5f8fe7-f85f-11f0-87db-c3c8a1ce2650', 'ac0f70fc-f8fe-4687-bc26-d509206c3d01', 500000.00, NULL, 'Terdaftar', '39A', 2, '2026-01-28 13:14:38', '2026-01-28 13:14:38', '2026-01-28 13:14:38'),
	('0d0c494b-d1b6-409c-bb73-f8af7e57a70e', '64c08cf0-f934-11f0-87db-c3c8a1ce2650', '8b679bc5-fb59-11f0-87db-c3c8a1ce2650', '35218812-9600-406e-b3b2-8ee7ac74270c', 200000.00, NULL, 'Terdaftar', '50A', 2, '2026-01-28 13:14:46', '2026-01-28 13:14:46', '2026-01-28 13:14:46'),
	('0d74181d-34af-4909-9e87-f8ec43da75ff', '670f9d9a-f934-11f0-87db-c3c8a1ce2650', 'd3524f0a-fb58-11f0-87db-c3c8a1ce2650', '3c54e5e9-fc07-11f0-87db-c3c8a1ce2650', 500000.00, NULL, 'Terdaftar', '18A', 1, '2026-01-28 13:12:46', '2026-01-28 13:12:46', '2026-01-28 13:12:46'),
	('0d964cd8-68cb-40e7-bbb0-05cd6817af02', '4a40793e-f935-11f0-87db-c3c8a1ce2650', '8b67a5b1-fb59-11f0-87db-c3c8a1ce2650', 'c48233a7-a454-4429-bb19-5e14f160dfd5', 250000.00, NULL, 'Terdaftar', '02A', 2, '2026-01-28 13:14:34', '2026-01-28 13:14:34', '2026-01-28 13:14:34'),
	('0de2d9ef-138e-4a84-b03f-6ef22f735c06', '4b2a017e-f935-11f0-87db-c3c8a1ce2650', 'd3526be1-fb58-11f0-87db-c3c8a1ce2650', '9feb369c-ae51-4032-94b8-51d1bdbb6470', 500000.00, NULL, 'Menunggu Acc', '41A', 4, '2026-01-28 13:14:38', '2026-01-28 13:14:38', '2026-01-28 13:14:38'),
	('0ea25b13-9c88-462c-bc14-ba0de0d3d308', '64015ab4-f934-11f0-87db-c3c8a1ce2650', 'd352414a-fb58-11f0-87db-c3c8a1ce2650', '11c2de9b-e8f0-4ee0-a724-79ae3aede1ee', 400000.00, NULL, 'Terdaftar', '24A', 4, '2026-01-28 13:14:43', '2026-01-28 13:14:43', '2026-01-28 13:14:43'),
	('0ebcab47-f770-11f0-87db-c3c8a1ce2650', 'f9272ae0-f76f-11f0-87db-c3c8a1ce2650', '0da70d11-8fb7-4bf4-8ae4-97caadfb6ed2', '0748da0d-f832-11f0-87db-c3c8a1ce2650', 350000.00, NULL, 'Menunggu Acc', '01', 1, '2026-01-22 08:55:13', '2026-01-22 08:55:13', '2026-01-23 13:21:13'),
	('0ebcae71-f770-11f0-87db-c3c8a1ce2650', 'f9272ae0-f76f-11f0-87db-c3c8a1ce2650', '8d22cac0-cee6-42db-888f-b634c8e921b5', '0748da0d-f832-11f0-87db-c3c8a1ce2650', 350000.00, NULL, 'Menunggu Acc', '02', 1, '2026-01-22 08:55:13', '2026-01-22 08:55:13', '2026-01-23 13:21:13'),
	('0ebcb19d-f770-11f0-87db-c3c8a1ce2650', 'f9272ae0-f76f-11f0-87db-c3c8a1ce2650', '0da70d11-8fb7-4bf4-8ae4-97caadfb6ed2', '0748da0d-f832-11f0-87db-c3c8a1ce2650', 350000.00, NULL, 'Menunggu Acc', '03', 2, '2026-01-22 08:55:13', '2026-01-22 08:55:13', '2026-01-23 13:21:13'),
	('0ef6e062-15b9-4118-b90f-083afb6950af', '4a40793e-f935-11f0-87db-c3c8a1ce2650', 'd3523435-fb58-11f0-87db-c3c8a1ce2650', '657f70bd-8739-45fa-ac68-afcedbe6f46a', 250000.00, NULL, 'Terdaftar', '15A', 4, '2026-01-28 13:14:36', '2026-01-28 13:14:36', '2026-01-28 13:14:36'),
	('0f05c3aa-74e9-4bad-a105-8594aad20ace', '4a40793e-f935-11f0-87db-c3c8a1ce2650', '1f5f8cfe-f85f-11f0-87db-c3c8a1ce2650', '657f70bd-8739-45fa-ac68-afcedbe6f46a', 250000.00, NULL, 'Menunggu Acc', '45A', 2, '2026-01-28 13:14:36', '2026-01-28 13:14:36', '2026-01-28 13:14:36'),
	('0f52d83d-ba16-4d8d-ad0a-36358ea83843', '4a40793e-f935-11f0-87db-c3c8a1ce2650', 'ea1c0ce4-91e6-4b64-b656-a5b6c96c663d', '657f70bd-8739-45fa-ac68-afcedbe6f46a', 250000.00, NULL, 'Terdaftar', '56A', 4, '2026-01-28 13:14:35', '2026-01-28 13:14:35', '2026-01-28 13:14:35'),
	('0fc564b9-805c-44b0-ab6d-52b23116fedc', '64c08cf0-f934-11f0-87db-c3c8a1ce2650', 'd3525427-fb58-11f0-87db-c3c8a1ce2650', 'f5f7e00d-7dae-4fcc-a9b5-d18cbc584596', 200000.00, NULL, 'Terdaftar', '32A', 4, '2026-01-28 13:14:46', '2026-01-28 13:14:46', '2026-01-28 13:14:46'),
	('0fcd1b5b-cd96-4c38-909f-0f90412b3259', '66288818-f934-11f0-87db-c3c8a1ce2650', '8b67a784-fb59-11f0-87db-c3c8a1ce2650', '7e4fb752-5aed-41b8-9964-accb6a5a12f1', 250000.00, NULL, 'Terdaftar', '59A', 3, '2026-01-28 13:14:54', '2026-01-28 13:14:54', '2026-01-28 13:14:54'),
	('0fed0812-167e-404c-927f-934920dba336', 'f9272ae0-f76f-11f0-87db-c3c8a1ce2650', '728a65f2-51bf-4d99-ab19-e202308d6f3a', '0748dc7a-f832-11f0-87db-c3c8a1ce2650', 0.00, NULL, 'Menunggu Acc', NULL, NULL, '2026-01-23 13:49:56', '2026-01-23 13:49:56', '2026-01-23 13:49:56'),
	('110080f0-a43b-4b08-b84b-d3c0c6c5ec76', '670f9d9a-f934-11f0-87db-c3c8a1ce2650', 'ea1c0ce4-91e6-4b64-b656-a5b6c96c663d', '3c54e138-fc07-11f0-87db-c3c8a1ce2650', 500000.00, NULL, 'Menunggu Acc', '06A', 3, '2026-01-28 13:12:44', '2026-01-28 13:12:44', '2026-01-28 13:12:44'),
	('11d6c120-4c6f-4818-bdd0-59322687aded', '4b2a017e-f935-11f0-87db-c3c8a1ce2650', 'a007bd15-2fe4-455b-a3dc-1b89d9e7e1fd', 'a4391464-6da5-4a57-9a92-90465f76bd30', 500000.00, NULL, 'Terdaftar', '60A', 2, '2026-01-28 13:14:38', '2026-01-28 13:14:38', '2026-01-28 13:14:38'),
	('124a6da9-f8b8-4249-b54d-7f2098e02a51', '63457f65-f934-11f0-87db-c3c8a1ce2650', 'd3523e10-fb58-11f0-87db-c3c8a1ce2650', '9b701d34-c7e6-40f2-bfed-704f7884393c', 300000.00, NULL, 'Terdaftar', '23A', 1, '2026-01-28 13:14:41', '2026-01-28 13:14:41', '2026-01-28 13:14:41'),
	('12a578a9-0a7f-4d8c-b351-ee9319f6ff14', '64015ab4-f934-11f0-87db-c3c8a1ce2650', 'd3525903-fb58-11f0-87db-c3c8a1ce2650', '2e171e2c-a7bb-4dbc-9c30-0c8c06b0ecbb', 400000.00, NULL, 'Menunggu Acc', '30A', 1, '2026-01-28 13:14:43', '2026-01-28 13:14:43', '2026-01-28 13:14:43'),
	('12bc5fc8-a23c-428a-bce2-27f04f86b23d', '66288818-f934-11f0-87db-c3c8a1ce2650', 'd352716c-fb58-11f0-87db-c3c8a1ce2650', '4df85aaf-b0d0-48d1-abb4-2f369748f5d9', 250000.00, NULL, 'Menunggu Acc', '37A', 2, '2026-01-28 13:14:52', '2026-01-28 13:14:52', '2026-01-28 13:14:52'),
	('1340cef6-2e99-42a1-bc7e-6886bc72b882', '4b2a017e-f935-11f0-87db-c3c8a1ce2650', 'e480742c-618d-4a72-bdbe-e5539c4a4754', '9feb369c-ae51-4032-94b8-51d1bdbb6470', 500000.00, NULL, 'Terdaftar', '37A', 2, '2026-01-28 13:14:39', '2026-01-28 13:14:39', '2026-01-28 13:14:39'),
	('1397acca-b9f7-4d12-9ba2-6e53bc3bdf31', 'f9272ae0-f76f-11f0-87db-c3c8a1ce2650', 'ed5bbe4b-59d2-4579-8431-30cb664ff712', '0748da0d-f832-11f0-87db-c3c8a1ce2650', 0.00, NULL, 'Menunggu Acc', NULL, NULL, '2026-01-23 13:49:39', '2026-01-23 13:49:39', '2026-01-23 13:49:39'),
	('139b940b-9a43-42ad-8566-8ab525e20f3a', '4a40793e-f935-11f0-87db-c3c8a1ce2650', 'cc94bb51-468f-4cb4-af8b-ded2956d365e', 'f2c3062f-2f00-49ba-b2ad-d40a5d10d3fd', 250000.00, NULL, 'Menunggu Acc', '26A', 4, '2026-01-28 13:14:35', '2026-01-28 13:14:35', '2026-01-28 13:14:35'),
	('147e966c-2c64-4ab1-8ab0-202312fd3968', '64015ab4-f934-11f0-87db-c3c8a1ce2650', 'f3fe528a-d121-457a-abea-1e84aa4ceb0e', '11c2de9b-e8f0-4ee0-a724-79ae3aede1ee', 400000.00, NULL, 'Menunggu Acc', '33A', 1, '2026-01-28 13:14:45', '2026-01-28 13:14:45', '2026-01-28 13:14:45'),
	('14eca043-f986-45c2-92c1-5c3df79b1a2f', '4b2a017e-f935-11f0-87db-c3c8a1ce2650', 'd3526c81-fb58-11f0-87db-c3c8a1ce2650', '9feb369c-ae51-4032-94b8-51d1bdbb6470', 500000.00, NULL, 'Terdaftar', '42A', 1, '2026-01-28 13:14:38', '2026-01-28 13:14:38', '2026-01-28 13:14:38'),
	('15156c27-56fd-4765-81b3-af26fa9f0428', '670f9d9a-f934-11f0-87db-c3c8a1ce2650', 'd35264c1-fb58-11f0-87db-c3c8a1ce2650', '3c54e5e9-fc07-11f0-87db-c3c8a1ce2650', 500000.00, NULL, 'Terdaftar', '21A', 3, '2026-01-28 13:12:48', '2026-01-28 13:12:48', '2026-01-28 13:12:48'),
	('1541914f-9f5d-4b7a-b9ba-a7481f1bae45', '4a40793e-f935-11f0-87db-c3c8a1ce2650', 'd352510c-fb58-11f0-87db-c3c8a1ce2650', 'c48233a7-a454-4429-bb19-5e14f160dfd5', 250000.00, NULL, 'Menunggu Acc', '33A', 4, '2026-01-28 13:14:36', '2026-01-28 13:14:36', '2026-01-28 13:14:36'),
	('15b27f87-f0df-4c24-9544-4717a84ada3f', 'f9272ae0-f76f-11f0-87db-c3c8a1ce2650', '8b67a997-fb59-11f0-87db-c3c8a1ce2650', '0748ddc4-f832-11f0-87db-c3c8a1ce2650', 150000.00, NULL, 'Menunggu Acc', '19A', 1, '2026-01-28 13:12:53', '2026-01-28 13:12:53', '2026-01-28 13:12:53'),
	('16611a0b-95f4-42f0-b9a5-b7093e17a294', '63457f65-f934-11f0-87db-c3c8a1ce2650', 'ea1c0ce4-91e6-4b64-b656-a5b6c96c663d', 'af55bb98-1edd-46b3-b0d8-87958444fd36', 300000.00, NULL, 'Terdaftar', '09A', 4, '2026-01-28 13:14:41', '2026-01-28 13:14:41', '2026-01-28 13:14:41'),
	('166df88e-bf4c-4b8c-8a69-045d77608e57', '656dbbc6-f934-11f0-87db-c3c8a1ce2650', 'b44d1475-dca0-4c16-a5dc-398e4c09c29b', 'c057501e-67d3-4463-8b77-939a25c4e5ba', 350000.00, NULL, 'Terdaftar', '13A', 3, '2026-01-28 13:14:49', '2026-01-28 13:14:49', '2026-01-28 13:14:49'),
	('166e180c-fcf9-426c-bd25-0953951ce18c', '63457f65-f934-11f0-87db-c3c8a1ce2650', '298c6e6d-f543-4c1d-b592-0cc8fb02c915', 'e5415c4d-a407-42e6-9aae-9e309f932bcb', 300000.00, NULL, 'Terdaftar', '32A', 1, '2026-01-28 13:14:41', '2026-01-28 13:14:41', '2026-01-28 13:14:41'),
	('16ce4071-1f84-4c13-b9c9-61c080d66763', '4a40793e-f935-11f0-87db-c3c8a1ce2650', 'd3526e59-fb58-11f0-87db-c3c8a1ce2650', 'f2c3062f-2f00-49ba-b2ad-d40a5d10d3fd', 250000.00, NULL, 'Terdaftar', '11A', 4, '2026-01-28 13:14:36', '2026-01-28 13:14:36', '2026-01-28 13:14:36'),
	('16ef1081-6f25-4929-b86a-effbb77740d0', '64015ab4-f934-11f0-87db-c3c8a1ce2650', 'd3526953-fb58-11f0-87db-c3c8a1ce2650', 'b30be72c-98ad-4d99-8313-34a1aae9d5a8', 400000.00, NULL, 'Terdaftar', '38A', 4, '2026-01-28 13:14:43', '2026-01-28 13:14:43', '2026-01-28 13:14:43'),
	('1716fcf8-8ec7-417b-8c22-e16d6e717b01', '670f9d9a-f934-11f0-87db-c3c8a1ce2650', 'd3524e70-fb58-11f0-87db-c3c8a1ce2650', '3c54e5e9-fc07-11f0-87db-c3c8a1ce2650', 500000.00, NULL, 'Terdaftar', '24A', 2, '2026-01-28 13:12:47', '2026-01-28 13:12:47', '2026-01-28 13:12:47'),
	('1718ab26-8ee0-4834-aeea-679cf2dcb64b', '670f9d9a-f934-11f0-87db-c3c8a1ce2650', 'bd686151-f821-11f0-87db-c3c8a1ce2650', '3c54e595-fc07-11f0-87db-c3c8a1ce2650', 500000.00, NULL, 'Terdaftar', '14A', 2, '2026-01-28 13:12:45', '2026-01-28 13:12:45', '2026-01-28 13:12:45'),
	('18a19be6-bfa3-42c6-b1ac-768f08c2e2c0', '66288818-f934-11f0-87db-c3c8a1ce2650', 'd3524ad9-fb58-11f0-87db-c3c8a1ce2650', 'f41fe5ef-e2f8-4263-9d9a-ebcd3f34a9f3', 250000.00, NULL, 'Terdaftar', '31A', 1, '2026-01-28 13:14:53', '2026-01-28 13:14:53', '2026-01-28 13:14:53'),
	('19202538-ca68-4f0f-acb2-d8342d181f5a', 'f9272ae0-f76f-11f0-87db-c3c8a1ce2650', '298c6e6d-f543-4c1d-b592-0cc8fb02c915', '0748ddc4-f832-11f0-87db-c3c8a1ce2650', 0.00, NULL, 'Menunggu Acc', NULL, NULL, '2026-01-23 14:02:02', '2026-01-23 14:02:02', '2026-01-23 14:02:02'),
	('1984cc7a-8f3a-4e79-86e0-e2cadce19707', 'f9272ae0-f76f-11f0-87db-c3c8a1ce2650', 'd3524001-fb58-11f0-87db-c3c8a1ce2650', '0748ddc4-f832-11f0-87db-c3c8a1ce2650', 150000.00, NULL, 'Terdaftar', '19A', 1, '2026-01-28 13:12:51', '2026-01-28 13:12:51', '2026-01-28 13:12:51'),
	('1a0342c4-2c9c-42be-ba56-9d9dd3672fef', '66288818-f934-11f0-87db-c3c8a1ce2650', '1f5f8fe7-f85f-11f0-87db-c3c8a1ce2650', '4df85aaf-b0d0-48d1-abb4-2f369748f5d9', 250000.00, NULL, 'Terdaftar', '32A', 1, '2026-01-28 13:14:53', '2026-01-28 13:14:53', '2026-01-28 13:14:53'),
	('1a834c8d-42a4-46f0-bc4b-d42f8040f4ce', '4b2a017e-f935-11f0-87db-c3c8a1ce2650', 'd3526804-fb58-11f0-87db-c3c8a1ce2650', 'a4391464-6da5-4a57-9a92-90465f76bd30', 500000.00, NULL, 'Terdaftar', '50A', 4, '2026-01-28 13:14:38', '2026-01-28 13:14:38', '2026-01-28 13:14:38'),
	('1b1969e8-5fc2-4eab-9e20-974ae5b330da', '656dbbc6-f934-11f0-87db-c3c8a1ce2650', 'bd686221-f821-11f0-87db-c3c8a1ce2650', 'c057501e-67d3-4463-8b77-939a25c4e5ba', 350000.00, NULL, 'Terdaftar', '39A', 4, '2026-01-28 13:14:49', '2026-01-28 13:14:49', '2026-01-28 13:14:49'),
	('1b7570a0-8ae9-46b8-b004-4be01b2ad653', '656dbbc6-f934-11f0-87db-c3c8a1ce2650', '8b679d97-fb59-11f0-87db-c3c8a1ce2650', 'c057501e-67d3-4463-8b77-939a25c4e5ba', 350000.00, NULL, 'Terdaftar', '14A', 4, '2026-01-28 13:14:49', '2026-01-28 13:14:49', '2026-01-28 13:14:49'),
	('1bbc1c8b-0ad3-4d6a-9283-21330848bb9c', '64015ab4-f934-11f0-87db-c3c8a1ce2650', 'd352429c-fb58-11f0-87db-c3c8a1ce2650', 'a8c35041-419c-4327-9a95-92b10df46e5a', 400000.00, NULL, 'Terdaftar', '14A', 3, '2026-01-28 13:14:44', '2026-01-28 13:14:44', '2026-01-28 13:14:44'),
	('1bd61a87-36ec-46fa-b2f6-8d9820f658d4', '656dbbc6-f934-11f0-87db-c3c8a1ce2650', 'd35247bf-fb58-11f0-87db-c3c8a1ce2650', '4a0f0f10-0359-4ec7-8f2f-de172c12a898', 350000.00, NULL, 'Terdaftar', '56A', 1, '2026-01-28 13:14:49', '2026-01-28 13:14:49', '2026-01-28 13:14:49'),
	('1d34a20a-08d2-45d7-ae67-31dca4d9eb44', '63457f65-f934-11f0-87db-c3c8a1ce2650', '1f5f9380-f85f-11f0-87db-c3c8a1ce2650', 'e5415c4d-a407-42e6-9aae-9e309f932bcb', 300000.00, NULL, 'Terdaftar', '20A', 3, '2026-01-28 13:14:41', '2026-01-28 13:14:41', '2026-01-28 13:14:41'),
	('1d739e19-fccd-46ff-bf19-2054366be1b9', '656dbbc6-f934-11f0-87db-c3c8a1ce2650', 'd3524f0a-fb58-11f0-87db-c3c8a1ce2650', '39042441-4a7c-4934-b33c-91b8ebf931ba', 350000.00, NULL, 'Menunggu Acc', '49A', 3, '2026-01-28 13:14:48', '2026-01-28 13:14:48', '2026-01-28 13:14:48'),
	('1e25ade4-f28c-43ea-ab83-c9a153044ae1', 'f9272ae0-f76f-11f0-87db-c3c8a1ce2650', 'd3524f0a-fb58-11f0-87db-c3c8a1ce2650', '0748dc7a-f832-11f0-87db-c3c8a1ce2650', 150000.00, NULL, 'Terdaftar', '18A', 1, '2026-01-28 13:12:52', '2026-01-28 13:12:52', '2026-01-28 13:12:52'),
	('1ed585fa-5de9-4209-a023-88a92045f25f', '64c08cf0-f934-11f0-87db-c3c8a1ce2650', 'd3526f94-fb58-11f0-87db-c3c8a1ce2650', 'f5f7e00d-7dae-4fcc-a9b5-d18cbc584596', 200000.00, NULL, 'Terdaftar', '19A', 1, '2026-01-28 13:14:47', '2026-01-28 13:14:47', '2026-01-28 13:14:47'),
	('1f5ac275-73e1-4004-8efe-2f1038ff2145', '63457f65-f934-11f0-87db-c3c8a1ce2650', '8b679a14-fb59-11f0-87db-c3c8a1ce2650', '9b701d34-c7e6-40f2-bfed-704f7884393c', 300000.00, NULL, 'Terdaftar', '60A', 3, '2026-01-28 13:14:41', '2026-01-28 13:14:41', '2026-01-28 13:14:41'),
	('1ffff104-e847-4379-821c-ee012f2c34ac', '670f9d9a-f934-11f0-87db-c3c8a1ce2650', 'd3527031-fb58-11f0-87db-c3c8a1ce2650', '3c54e53b-fc07-11f0-87db-c3c8a1ce2650', 500000.00, NULL, 'Terdaftar', '27A', 3, '2026-01-28 13:12:46', '2026-01-28 13:12:46', '2026-01-28 13:12:46'),
	('205c7b81-065c-48fe-a1e1-fbfc44acb503', '66288818-f934-11f0-87db-c3c8a1ce2650', 'd3524001-fb58-11f0-87db-c3c8a1ce2650', '4df85aaf-b0d0-48d1-abb4-2f369748f5d9', 250000.00, NULL, 'Terdaftar', '25A', 3, '2026-01-28 13:14:52', '2026-01-28 13:14:52', '2026-01-28 13:14:52'),
	('2095cae5-9e95-46ef-a4d2-8a859542ed48', '4a40793e-f935-11f0-87db-c3c8a1ce2650', '1f5f90ab-f85f-11f0-87db-c3c8a1ce2650', 'c48233a7-a454-4429-bb19-5e14f160dfd5', 250000.00, NULL, 'Terdaftar', '27A', 1, '2026-01-28 13:14:33', '2026-01-28 13:14:33', '2026-01-28 13:14:33'),
	('20dd7218-4aad-41d7-b4cf-14b0566caa78', '66288818-f934-11f0-87db-c3c8a1ce2650', 'd3526953-fb58-11f0-87db-c3c8a1ce2650', '4df85aaf-b0d0-48d1-abb4-2f369748f5d9', 250000.00, NULL, 'Terdaftar', '43A', 4, '2026-01-28 13:14:52', '2026-01-28 13:14:52', '2026-01-28 13:14:52'),
	('212f09a7-99f4-4df4-bc09-3165b90f3596', '656dbbc6-f934-11f0-87db-c3c8a1ce2650', 'd3526ef6-fb58-11f0-87db-c3c8a1ce2650', '15390a96-caad-4690-8aef-406df36f73b7', 350000.00, NULL, 'Terdaftar', '10A', 2, '2026-01-28 13:14:49', '2026-01-28 13:14:49', '2026-01-28 13:14:49'),
	('2140c7ab-6a1b-4a93-8037-c3d394fc8fd0', '4b2a017e-f935-11f0-87db-c3c8a1ce2650', '8b67a3ef-fb59-11f0-87db-c3c8a1ce2650', 'a4391464-6da5-4a57-9a92-90465f76bd30', 500000.00, NULL, 'Terdaftar', '15A', 2, '2026-01-28 13:14:39', '2026-01-28 13:14:39', '2026-01-28 13:14:39'),
	('2176d301-b951-4ce8-9c92-9f5bf62f23fd', '64c08cf0-f934-11f0-87db-c3c8a1ce2650', 'b44d1475-dca0-4c16-a5dc-398e4c09c29b', '3d0f85ec-8ffb-4f5d-a339-efc8bba07377', 200000.00, NULL, 'Terdaftar', '09A', 3, '2026-01-28 13:14:45', '2026-01-28 13:14:45', '2026-01-28 13:14:45'),
	('217df5f1-f720-45d2-ac12-792ff951fbce', '64015ab4-f934-11f0-87db-c3c8a1ce2650', '1f5f897a-f85f-11f0-87db-c3c8a1ce2650', '11c2de9b-e8f0-4ee0-a724-79ae3aede1ee', 400000.00, NULL, 'Menunggu Acc', '01A', 1, '2026-01-28 13:14:43', '2026-01-28 13:14:43', '2026-01-28 13:14:43'),
	('22ccfe7f-e432-4cc1-8951-a8d64996fab5', '64c08cf0-f934-11f0-87db-c3c8a1ce2650', 'da7d0e15-17d7-4749-a5bd-da6217f31c44', '3d0f85ec-8ffb-4f5d-a339-efc8bba07377', 200000.00, NULL, 'Menunggu Acc', '02A', 3, '2026-01-28 13:14:46', '2026-01-28 13:14:46', '2026-01-28 13:14:46'),
	('23711e03-0149-4753-a055-36eebced572e', '4a40793e-f935-11f0-87db-c3c8a1ce2650', '8b679bc5-fb59-11f0-87db-c3c8a1ce2650', 'c48233a7-a454-4429-bb19-5e14f160dfd5', 250000.00, NULL, 'Terdaftar', '43A', 4, '2026-01-28 13:14:36', '2026-01-28 13:14:36', '2026-01-28 13:14:36'),
	('2375e761-d948-4c95-89c0-c066f33bd61e', '66288818-f934-11f0-87db-c3c8a1ce2650', 'd3524d3e-fb58-11f0-87db-c3c8a1ce2650', '7e4fb752-5aed-41b8-9964-accb6a5a12f1', 250000.00, NULL, 'Terdaftar', '16A', 4, '2026-01-28 13:14:54', '2026-01-28 13:14:54', '2026-01-28 13:14:54'),
	('23b4df14-053f-4abe-bb32-e23b12ae6b21', '656dbbc6-f934-11f0-87db-c3c8a1ce2650', 'f61e71c5-0cce-437d-b887-aee03554d5e8', '4a0f0f10-0359-4ec7-8f2f-de172c12a898', 350000.00, NULL, 'Menunggu Acc', '21A', 4, '2026-01-28 13:14:49', '2026-01-28 13:14:49', '2026-01-28 13:14:49'),
	('23cda475-2f9b-4fd8-b36e-e81400bc033b', '656dbbc6-f934-11f0-87db-c3c8a1ce2650', 'd3523ac1-fb58-11f0-87db-c3c8a1ce2650', 'fd32bec8-f0d5-4200-85d5-06e9b1701076', 350000.00, NULL, 'Menunggu Acc', '39A', 1, '2026-01-28 13:14:50', '2026-01-28 13:14:50', '2026-01-28 13:14:50'),
	('241664d8-6322-40a0-b76c-33201f7daeb1', '63457f65-f934-11f0-87db-c3c8a1ce2650', '8b67a997-fb59-11f0-87db-c3c8a1ce2650', 'dce74260-057d-4ca9-aa3e-ef865c068476', 300000.00, NULL, 'Terdaftar', '35A', 1, '2026-01-28 13:14:40', '2026-01-28 13:14:40', '2026-01-28 13:14:40'),
	('2496041e-973d-422f-b393-8ec013db5422', '66288818-f934-11f0-87db-c3c8a1ce2650', 'bd68745a-f821-11f0-87db-c3c8a1ce2650', '4df85aaf-b0d0-48d1-abb4-2f369748f5d9', 250000.00, NULL, 'Terdaftar', '13A', 1, '2026-01-28 13:14:54', '2026-01-28 13:14:54', '2026-01-28 13:14:54'),
	('257dc66b-d974-43e1-9149-e10d454dce20', '670f9d9a-f934-11f0-87db-c3c8a1ce2650', 'bd686067-f821-11f0-87db-c3c8a1ce2650', '3c54e53b-fc07-11f0-87db-c3c8a1ce2650', 500000.00, NULL, 'Menunggu Acc', '30A', 2, '2026-01-28 13:12:45', '2026-01-28 13:12:45', '2026-01-28 13:12:45'),
	('26b2b88c-81e4-4b85-b71c-e96c37606f4b', 'f9272ae0-f76f-11f0-87db-c3c8a1ce2650', 'b9b132ca-8632-4210-b254-ec1335a21375', '0748dc7a-f832-11f0-87db-c3c8a1ce2650', 0.00, NULL, 'Menunggu Acc', NULL, NULL, '2026-01-23 13:49:54', '2026-01-23 13:49:54', '2026-01-23 13:49:54'),
	('26c05b39-3a72-4ce9-ab22-b75370078eaa', '4a40793e-f935-11f0-87db-c3c8a1ce2650', '1f5f8f19-f85f-11f0-87db-c3c8a1ce2650', 'f2c3062f-2f00-49ba-b2ad-d40a5d10d3fd', 250000.00, NULL, 'Menunggu Acc', '09A', 2, '2026-01-28 13:14:35', '2026-01-28 13:14:35', '2026-01-28 13:14:35'),
	('26e2a144-8008-4f87-834a-d784a6c5a973', 'f9272ae0-f76f-11f0-87db-c3c8a1ce2650', 'bd878d34-de5b-461f-949b-0498924c9ccc', '0748ddc4-f832-11f0-87db-c3c8a1ce2650', 0.00, NULL, 'Menunggu Acc', NULL, NULL, '2026-01-23 14:02:02', '2026-01-23 14:02:02', '2026-01-23 14:02:02'),
	('277a01a8-57c1-4bae-92e5-090832ee9f01', '66288818-f934-11f0-87db-c3c8a1ce2650', 'd3525225-fb58-11f0-87db-c3c8a1ce2650', '6735daff-cdb9-4dde-87a1-16db35252be9', 250000.00, NULL, 'Terdaftar', '38A', 4, '2026-01-28 13:14:53', '2026-01-28 13:14:53', '2026-01-28 13:14:53'),
	('27e88252-fee1-4c94-9b8f-6234691e3209', '4b2a017e-f935-11f0-87db-c3c8a1ce2650', '43ef36ad-980d-4747-897f-90635401992a', '9feb369c-ae51-4032-94b8-51d1bdbb6470', 500000.00, NULL, 'Menunggu Acc', '25A', 1, '2026-01-28 13:14:38', '2026-01-28 13:14:38', '2026-01-28 13:14:38'),
	('28df742b-f02d-4c88-ad3f-6727d72e1105', '4a40793e-f935-11f0-87db-c3c8a1ce2650', '8b67a3ef-fb59-11f0-87db-c3c8a1ce2650', 'f2c3062f-2f00-49ba-b2ad-d40a5d10d3fd', 250000.00, NULL, 'Terdaftar', '20A', 1, '2026-01-28 13:14:35', '2026-01-28 13:14:35', '2026-01-28 13:14:35'),
	('28f30e51-b3e9-4e7f-9d0c-856a74202f3b', '4b2a017e-f935-11f0-87db-c3c8a1ce2650', 'da7d0e15-17d7-4749-a5bd-da6217f31c44', '8e312b72-9518-494e-81cb-c06c6240ec1d', 500000.00, NULL, 'Terdaftar', '45A', 2, '2026-01-28 13:14:38', '2026-01-28 13:14:38', '2026-01-28 13:14:38'),
	('29b34589-d519-4b32-9fed-642110592f22', '4a40793e-f935-11f0-87db-c3c8a1ce2650', '78585c2f-f824-11f0-87db-c3c8a1ce2650', '657f70bd-8739-45fa-ac68-afcedbe6f46a', 250000.00, NULL, 'Menunggu Acc', '45A', 3, '2026-01-28 13:14:36', '2026-01-28 13:14:36', '2026-01-28 13:14:36'),
	('2a26d2fb-8fda-435b-bf69-e212abef1753', '656dbbc6-f934-11f0-87db-c3c8a1ce2650', 'd3523577-fb58-11f0-87db-c3c8a1ce2650', 'c057501e-67d3-4463-8b77-939a25c4e5ba', 350000.00, NULL, 'Terdaftar', '51A', 4, '2026-01-28 13:14:49', '2026-01-28 13:14:49', '2026-01-28 13:14:49'),
	('2a2f80dc-947d-42a1-a99a-b08cfa2799b2', '64c08cf0-f934-11f0-87db-c3c8a1ce2650', 'd352538d-fb58-11f0-87db-c3c8a1ce2650', 'f5f7e00d-7dae-4fcc-a9b5-d18cbc584596', 200000.00, NULL, 'Terdaftar', '49A', 1, '2026-01-28 13:14:47', '2026-01-28 13:14:47', '2026-01-28 13:14:47'),
	('2ad99ae7-b1bb-4d58-b982-6627584beead', '64015ab4-f934-11f0-87db-c3c8a1ce2650', 'd35268aa-fb58-11f0-87db-c3c8a1ce2650', 'a8c35041-419c-4327-9a95-92b10df46e5a', 400000.00, NULL, 'Terdaftar', '36A', 1, '2026-01-28 13:14:43', '2026-01-28 13:14:43', '2026-01-28 13:14:43'),
	('2b415c88-aea4-4305-b278-5e9e75d9b4be', '4b2a017e-f935-11f0-87db-c3c8a1ce2650', 'bd68745a-f821-11f0-87db-c3c8a1ce2650', 'a4391464-6da5-4a57-9a92-90465f76bd30', 500000.00, NULL, 'Menunggu Acc', '11A', 1, '2026-01-28 13:14:37', '2026-01-28 13:14:37', '2026-01-28 13:14:37'),
	('2b92c305-7bd7-4702-be74-7bb0d3ce783c', '4b2a017e-f935-11f0-87db-c3c8a1ce2650', 'bd6871db-f821-11f0-87db-c3c8a1ce2650', '8e312b72-9518-494e-81cb-c06c6240ec1d', 500000.00, NULL, 'Terdaftar', '53A', 4, '2026-01-28 13:14:39', '2026-01-28 13:14:39', '2026-01-28 13:14:39'),
	('2c625963-5a69-4daf-9daa-4b0172d9eb62', '63457f65-f934-11f0-87db-c3c8a1ce2650', 'bd685b28-f821-11f0-87db-c3c8a1ce2650', '9b701d34-c7e6-40f2-bfed-704f7884393c', 300000.00, NULL, 'Terdaftar', '54A', 1, '2026-01-28 13:14:42', '2026-01-28 13:14:42', '2026-01-28 13:14:42'),
	('2c814d20-90dd-42c2-a2a5-67ffb7cfa88c', '64015ab4-f934-11f0-87db-c3c8a1ce2650', 'd3524b72-fb58-11f0-87db-c3c8a1ce2650', '210c4035-79fc-4439-80cc-719fc30d2835', 400000.00, NULL, 'Terdaftar', '40A', 2, '2026-01-28 13:14:45', '2026-01-28 13:14:45', '2026-01-28 13:14:45'),
	('2d3a83ae-6e05-493e-8f45-0d853debd2a0', '66288818-f934-11f0-87db-c3c8a1ce2650', '1f5f92d2-f85f-11f0-87db-c3c8a1ce2650', '6735daff-cdb9-4dde-87a1-16db35252be9', 250000.00, NULL, 'Menunggu Acc', '57A', 1, '2026-01-28 13:14:53', '2026-01-28 13:14:53', '2026-01-28 13:14:53'),
	('2d85cb95-22fa-4817-9ed5-4e70d10b92c8', '64c08cf0-f934-11f0-87db-c3c8a1ce2650', '8b67ab87-fb59-11f0-87db-c3c8a1ce2650', 'f5f7e00d-7dae-4fcc-a9b5-d18cbc584596', 200000.00, NULL, 'Menunggu Acc', '04A', 1, '2026-01-28 13:14:47', '2026-01-28 13:14:47', '2026-01-28 13:14:47'),
	('2dae489a-83bf-4558-b039-666d22b60011', '64c08cf0-f934-11f0-87db-c3c8a1ce2650', 'd3522dca-fb58-11f0-87db-c3c8a1ce2650', 'f5f7e00d-7dae-4fcc-a9b5-d18cbc584596', 200000.00, NULL, 'Terdaftar', '22A', 1, '2026-01-28 13:14:47', '2026-01-28 13:14:47', '2026-01-28 13:14:47'),
	('2e14858b-a4a2-4432-b817-e5dd424d1584', 'f9272ae0-f76f-11f0-87db-c3c8a1ce2650', 'e2265fd4-eb75-45f7-8193-4bac9201c7e0', '0748ddc4-f832-11f0-87db-c3c8a1ce2650', 0.00, NULL, 'Menunggu Acc', NULL, NULL, '2026-01-23 14:02:02', '2026-01-23 14:02:02', '2026-01-23 14:02:02'),
	('2e5d14bb-7c2e-49c7-b215-f045f9299af2', '63457f65-f934-11f0-87db-c3c8a1ce2650', 'd3523b6a-fb58-11f0-87db-c3c8a1ce2650', '7cdd9cfd-3119-45c7-850d-b6a9690ea301', 300000.00, NULL, 'Terdaftar', '58A', 2, '2026-01-28 13:14:41', '2026-01-28 13:14:41', '2026-01-28 13:14:41'),
	('2e78f80d-1e12-497b-81be-4687b65d1b9c', '656dbbc6-f934-11f0-87db-c3c8a1ce2650', 'd3525a37-fb58-11f0-87db-c3c8a1ce2650', 'c057501e-67d3-4463-8b77-939a25c4e5ba', 350000.00, NULL, 'Menunggu Acc', '28A', 4, '2026-01-28 13:14:49', '2026-01-28 13:14:49', '2026-01-28 13:14:49'),
	('2eeca661-f85b-46ff-bb13-606aca1c9d32', 'f9272ae0-f76f-11f0-87db-c3c8a1ce2650', '1f5f9829-f85f-11f0-87db-c3c8a1ce2650', '0748da0d-f832-11f0-87db-c3c8a1ce2650', 150000.00, NULL, 'Terdaftar', '09A', 1, '2026-01-28 13:12:49', '2026-01-28 13:12:49', '2026-01-28 13:12:49'),
	('2f6ea571-673b-4772-99dd-6107cb2d447f', '670f9d9a-f934-11f0-87db-c3c8a1ce2650', '1f5f94e7-f85f-11f0-87db-c3c8a1ce2650', '3c54e5e9-fc07-11f0-87db-c3c8a1ce2650', 500000.00, NULL, 'Terdaftar', '19A', 3, '2026-01-28 13:12:46', '2026-01-28 13:12:46', '2026-01-28 13:12:46'),
	('2ff820f9-b05d-4813-babf-306c4d217609', 'f9272ae0-f76f-11f0-87db-c3c8a1ce2650', 'd3526b3c-fb58-11f0-87db-c3c8a1ce2650', '0748ddc4-f832-11f0-87db-c3c8a1ce2650', 150000.00, NULL, 'Menunggu Acc', '19A', 1, '2026-01-28 13:12:50', '2026-01-28 13:12:50', '2026-01-28 13:12:50'),
	('30666026-66a0-4eb7-b91a-a4f579b8d528', '4a40793e-f935-11f0-87db-c3c8a1ce2650', 'd3522f29-fb58-11f0-87db-c3c8a1ce2650', 'f2c3062f-2f00-49ba-b2ad-d40a5d10d3fd', 250000.00, NULL, 'Terdaftar', '33A', 4, '2026-01-28 13:14:35', '2026-01-28 13:14:35', '2026-01-28 13:14:35'),
	('30963110-bd22-4890-b603-086a5c6d506c', 'f9272ae0-f76f-11f0-87db-c3c8a1ce2650', '8b67a23f-fb59-11f0-87db-c3c8a1ce2650', '0748da0d-f832-11f0-87db-c3c8a1ce2650', 150000.00, NULL, 'Terdaftar', '27A', 3, '2026-01-28 13:12:49', '2026-01-28 13:12:49', '2026-01-28 13:12:49'),
	('30a5529b-5049-4b16-823e-975362000453', 'f9272ae0-f76f-11f0-87db-c3c8a1ce2650', '43ef36ad-980d-4747-897f-90635401992a', '0748dc7a-f832-11f0-87db-c3c8a1ce2650', 0.00, NULL, 'Menunggu Acc', NULL, NULL, '2026-01-23 13:49:56', '2026-01-23 13:49:56', '2026-01-23 13:49:56'),
	('3196f55b-6ab4-4a20-9421-22302f7d4fa2', '656dbbc6-f934-11f0-87db-c3c8a1ce2650', 'd3525693-fb58-11f0-87db-c3c8a1ce2650', 'fd32bec8-f0d5-4200-85d5-06e9b1701076', 350000.00, NULL, 'Terdaftar', '11A', 1, '2026-01-28 13:14:49', '2026-01-28 13:14:49', '2026-01-28 13:14:49'),
	('31bc6c86-907a-4f5e-8c0c-e8d7b8045f84', '4a40793e-f935-11f0-87db-c3c8a1ce2650', 'd3524e70-fb58-11f0-87db-c3c8a1ce2650', 'f1503db6-7ed0-4ef1-9ef8-6922f4969748', 250000.00, NULL, 'Terdaftar', '08A', 3, '2026-01-28 13:14:35', '2026-01-28 13:14:35', '2026-01-28 13:14:35'),
	('332e69cc-16cd-44b2-a7ee-566930efed2b', 'f9272ae0-f76f-11f0-87db-c3c8a1ce2650', 'd35245d3-fb58-11f0-87db-c3c8a1ce2650', '0748da0d-f832-11f0-87db-c3c8a1ce2650', 150000.00, NULL, 'Terdaftar', '30A', 3, '2026-01-28 13:12:50', '2026-01-28 13:12:50', '2026-01-28 13:12:50'),
	('3352f1b2-460b-49f3-b063-4de701d29eb8', '64c08cf0-f934-11f0-87db-c3c8a1ce2650', 'd35237ef-fb58-11f0-87db-c3c8a1ce2650', '19141411-b792-4ae5-b07b-6a828ae26438', 200000.00, NULL, 'Terdaftar', '32A', 2, '2026-01-28 13:14:47', '2026-01-28 13:14:47', '2026-01-28 13:14:47'),
	('33c3fdb0-9f6e-422c-b3c1-64cb0f3a2c39', '64c08cf0-f934-11f0-87db-c3c8a1ce2650', 'd3526dbc-fb58-11f0-87db-c3c8a1ce2650', 'f5f7e00d-7dae-4fcc-a9b5-d18cbc584596', 200000.00, NULL, 'Terdaftar', '47A', 1, '2026-01-28 13:14:46', '2026-01-28 13:14:46', '2026-01-28 13:14:46'),
	('33ca815e-cf0d-4fea-859b-85a70155d606', '64015ab4-f934-11f0-87db-c3c8a1ce2650', '1f5f9218-f85f-11f0-87db-c3c8a1ce2650', '11c2de9b-e8f0-4ee0-a724-79ae3aede1ee', 400000.00, NULL, 'Terdaftar', '40A', 1, '2026-01-28 13:14:45', '2026-01-28 13:14:45', '2026-01-28 13:14:45'),
	('33e791ad-6bb1-4be0-af87-4fc0afcdcf0b', '64c08cf0-f934-11f0-87db-c3c8a1ce2650', '1425c4ea-32da-4674-aa6b-df6e11cc492b', '35218812-9600-406e-b3b2-8ee7ac74270c', 200000.00, NULL, 'Terdaftar', '54A', 2, '2026-01-28 13:14:48', '2026-01-28 13:14:48', '2026-01-28 13:14:48'),
	('34ae0e91-e679-4e17-a468-94b9baaaf6a0', 'f9272ae0-f76f-11f0-87db-c3c8a1ce2650', 'd3524c0b-fb58-11f0-87db-c3c8a1ce2650', '0748da0d-f832-11f0-87db-c3c8a1ce2650', 150000.00, NULL, 'Menunggu Acc', '20A', 2, '2026-01-28 13:12:52', '2026-01-28 13:12:52', '2026-01-28 13:12:52'),
	('34b62b9b-aec8-4d3d-b4ee-0d50e3775a70', '66288818-f934-11f0-87db-c3c8a1ce2650', '08bdfd94-610a-4170-944a-13f902141721', '7e4fb752-5aed-41b8-9964-accb6a5a12f1', 250000.00, NULL, 'Menunggu Acc', '27A', 2, '2026-01-28 13:14:51', '2026-01-28 13:14:51', '2026-01-28 13:14:51'),
	('3500450b-4ffd-4411-aa96-12431d3752d1', '63457f65-f934-11f0-87db-c3c8a1ce2650', 'd3525903-fb58-11f0-87db-c3c8a1ce2650', 'dce74260-057d-4ca9-aa3e-ef865c068476', 300000.00, NULL, 'Terdaftar', '13A', 3, '2026-01-28 13:14:41', '2026-01-28 13:14:41', '2026-01-28 13:14:41'),
	('35ced09f-e1ff-4ca4-9dd9-c04835c0a8de', '64c08cf0-f934-11f0-87db-c3c8a1ce2650', 'e480742c-618d-4a72-bdbe-e5539c4a4754', '35218812-9600-406e-b3b2-8ee7ac74270c', 200000.00, NULL, 'Terdaftar', '09A', 2, '2026-01-28 13:14:46', '2026-01-28 13:14:46', '2026-01-28 13:14:46'),
	('35dc9fe0-d835-44ce-af33-312ecd4f4709', '66288818-f934-11f0-87db-c3c8a1ce2650', 'd35239cb-fb58-11f0-87db-c3c8a1ce2650', '6735daff-cdb9-4dde-87a1-16db35252be9', 250000.00, NULL, 'Terdaftar', '11A', 4, '2026-01-28 13:14:51', '2026-01-28 13:14:51', '2026-01-28 13:14:51'),
	('35f21312-6a2c-4786-8a19-d29e446d33ae', '656dbbc6-f934-11f0-87db-c3c8a1ce2650', '7174aca7-5c96-485f-b95f-300aa4996279', 'c057501e-67d3-4463-8b77-939a25c4e5ba', 350000.00, NULL, 'Terdaftar', '55A', 3, '2026-01-28 13:14:50', '2026-01-28 13:14:50', '2026-01-28 13:14:50'),
	('367b4ef6-b07e-4188-b481-58307d7333a8', '64015ab4-f934-11f0-87db-c3c8a1ce2650', '8b679a14-fb59-11f0-87db-c3c8a1ce2650', '11c2de9b-e8f0-4ee0-a724-79ae3aede1ee', 400000.00, NULL, 'Terdaftar', '59A', 2, '2026-01-28 13:14:43', '2026-01-28 13:14:43', '2026-01-28 13:14:43'),
	('36fce2f0-47f8-4b0a-b153-a3d6408580c7', '63457f65-f934-11f0-87db-c3c8a1ce2650', '1425c4ea-32da-4674-aa6b-df6e11cc492b', 'dce74260-057d-4ca9-aa3e-ef865c068476', 300000.00, NULL, 'Terdaftar', '08A', 4, '2026-01-28 13:14:41', '2026-01-28 13:14:41', '2026-01-28 13:14:41'),
	('37533586-bea5-47ed-9d26-6e16323e16a9', 'f9272ae0-f76f-11f0-87db-c3c8a1ce2650', '4dcd7bbb-3745-4ade-b49f-ec6a3b06e54d', '0748dc7a-f832-11f0-87db-c3c8a1ce2650', 0.00, NULL, 'Menunggu Acc', NULL, NULL, '2026-01-23 13:49:55', '2026-01-23 13:49:55', '2026-01-23 13:49:55'),
	('37c8cb91-7bb9-4000-8f42-18c493f9221e', '66288818-f934-11f0-87db-c3c8a1ce2650', 'd352641b-fb58-11f0-87db-c3c8a1ce2650', '6735daff-cdb9-4dde-87a1-16db35252be9', 250000.00, NULL, 'Terdaftar', '48A', 2, '2026-01-28 13:14:54', '2026-01-28 13:14:54', '2026-01-28 13:14:54'),
	('37dfceaf-2f1b-4052-92ae-5f505a2beb15', '4b2a017e-f935-11f0-87db-c3c8a1ce2650', 'b1fa32e6-a230-42ff-8f5a-c9cb4cb1480d', '8e312b72-9518-494e-81cb-c06c6240ec1d', 500000.00, NULL, 'Menunggu Acc', '20A', 2, '2026-01-28 13:14:39', '2026-01-28 13:14:39', '2026-01-28 13:14:39'),
	('3a5be6b9-d8a7-4610-8bd1-1db43470a0fd', '4a40793e-f935-11f0-87db-c3c8a1ce2650', 'd3526804-fb58-11f0-87db-c3c8a1ce2650', '1b71dab9-518a-4ac5-9cd5-d1fc9d65a02c', 250000.00, NULL, 'Menunggu Acc', '20A', 4, '2026-01-28 13:14:35', '2026-01-28 13:14:35', '2026-01-28 13:14:35'),
	('3a727caf-6e16-4faa-9370-c840a9f95f63', '64c08cf0-f934-11f0-87db-c3c8a1ce2650', 'd3525a37-fb58-11f0-87db-c3c8a1ce2650', '4d4c5cfc-77e1-4e2a-97f4-c6b205356eea', 200000.00, NULL, 'Menunggu Acc', '05A', 2, '2026-01-28 13:14:47', '2026-01-28 13:14:47', '2026-01-28 13:14:47'),
	('3a89d913-f766-4ede-a9e8-cbc2e787bb7a', '64015ab4-f934-11f0-87db-c3c8a1ce2650', '8b67a3ef-fb59-11f0-87db-c3c8a1ce2650', 'a8c35041-419c-4327-9a95-92b10df46e5a', 400000.00, NULL, 'Terdaftar', '14A', 2, '2026-01-28 13:14:43', '2026-01-28 13:14:43', '2026-01-28 13:14:43'),
	('3a913f43-7f4e-474a-a2ba-75ed37e94e8b', '64c08cf0-f934-11f0-87db-c3c8a1ce2650', 'd3523248-fb58-11f0-87db-c3c8a1ce2650', '3d0f85ec-8ffb-4f5d-a339-efc8bba07377', 200000.00, NULL, 'Terdaftar', '48A', 2, '2026-01-28 13:14:48', '2026-01-28 13:14:48', '2026-01-28 13:14:48'),
	('3ac32d87-3231-432f-ae29-9a1f19366241', '670f9d9a-f934-11f0-87db-c3c8a1ce2650', 'd9a0f67e-5ebf-4768-8967-08c423da4d30', '3c54e53b-fc07-11f0-87db-c3c8a1ce2650', 500000.00, NULL, 'Terdaftar', '24A', 3, '2026-01-28 13:12:48', '2026-01-28 13:12:48', '2026-01-28 13:12:48'),
	('3b5bcef1-d313-4da8-b16e-76327e4e3990', '4b2a017e-f935-11f0-87db-c3c8a1ce2650', '1f5f9781-f85f-11f0-87db-c3c8a1ce2650', 'fb6b2ba3-1de7-4efe-a35f-ddb71eadff4d', 500000.00, NULL, 'Terdaftar', '59A', 2, '2026-01-28 13:14:39', '2026-01-28 13:14:39', '2026-01-28 13:14:39'),
	('3b9b5b68-5d25-436e-a5c2-9d97d47d19b5', '64015ab4-f934-11f0-87db-c3c8a1ce2650', 'bd878d34-de5b-461f-949b-0498924c9ccc', 'b30be72c-98ad-4d99-8313-34a1aae9d5a8', 400000.00, NULL, 'Terdaftar', '46A', 2, '2026-01-28 13:14:44', '2026-01-28 13:14:44', '2026-01-28 13:14:44'),
	('3c5f47f3-23d7-4a7d-979e-5d573ad841f5', '656dbbc6-f934-11f0-87db-c3c8a1ce2650', 'd35236b0-fb58-11f0-87db-c3c8a1ce2650', '15390a96-caad-4690-8aef-406df36f73b7', 350000.00, NULL, 'Menunggu Acc', '40A', 4, '2026-01-28 13:14:49', '2026-01-28 13:14:49', '2026-01-28 13:14:49'),
	('3ccfb741-d7a2-4cad-a0d7-bdc4eb75888e', '64015ab4-f934-11f0-87db-c3c8a1ce2650', 'd3523435-fb58-11f0-87db-c3c8a1ce2650', '11c2de9b-e8f0-4ee0-a724-79ae3aede1ee', 400000.00, NULL, 'Terdaftar', '46A', 2, '2026-01-28 13:14:44', '2026-01-28 13:14:44', '2026-01-28 13:14:44'),
	('3cf36226-a828-4d7f-a176-135fbbb022dc', '4a40793e-f935-11f0-87db-c3c8a1ce2650', 'd3525735-fb58-11f0-87db-c3c8a1ce2650', 'f1503db6-7ed0-4ef1-9ef8-6922f4969748', 250000.00, NULL, 'Terdaftar', '46A', 3, '2026-01-28 13:14:36', '2026-01-28 13:14:36', '2026-01-28 13:14:36'),
	('3e43c66f-b4bc-4257-b5ee-ed6a5270ebc1', '64015ab4-f934-11f0-87db-c3c8a1ce2650', 'd3526dbc-fb58-11f0-87db-c3c8a1ce2650', '2e171e2c-a7bb-4dbc-9c30-0c8c06b0ecbb', 400000.00, NULL, 'Menunggu Acc', '08A', 1, '2026-01-28 13:14:45', '2026-01-28 13:14:45', '2026-01-28 13:14:45'),
	('3e9aa19b-76d0-4c1d-881d-61dbde3b2087', 'f9272ae0-f76f-11f0-87db-c3c8a1ce2650', 'd3523eb5-fb58-11f0-87db-c3c8a1ce2650', '3d7d8244-ae6d-46fa-bc65-8946e73277c7', 150000.00, NULL, 'Menunggu Acc', '21A', 1, '2026-01-28 13:12:50', '2026-01-28 13:12:50', '2026-01-28 13:12:50'),
	('3f345e6a-5115-4d57-978f-1216eac3ccb5', 'f9272ae0-f76f-11f0-87db-c3c8a1ce2650', '6045db89-b859-4c2f-8d02-19af3fa6f474', '0748dc7a-f832-11f0-87db-c3c8a1ce2650', 0.00, NULL, 'Menunggu Acc', NULL, NULL, '2026-01-23 13:49:43', '2026-01-23 13:49:43', '2026-01-23 13:49:43'),
	('3fe80ca9-b28c-42a1-8b54-ab37bd14df9b', '66288818-f934-11f0-87db-c3c8a1ce2650', '1425c4ea-32da-4674-aa6b-df6e11cc492b', 'f41fe5ef-e2f8-4263-9d9a-ebcd3f34a9f3', 250000.00, NULL, 'Terdaftar', '45A', 4, '2026-01-28 13:14:54', '2026-01-28 13:14:54', '2026-01-28 13:14:54'),
	('40544823-ac7b-4db6-afad-2c3c132ec99a', 'f9272ae0-f76f-11f0-87db-c3c8a1ce2650', 'be5c0d90-26f8-4463-bc23-46547797a8ac', '0748da0d-f832-11f0-87db-c3c8a1ce2650', 0.00, NULL, 'Menunggu Acc', NULL, NULL, '2026-01-23 13:49:41', '2026-01-23 13:49:41', '2026-01-23 13:49:41'),
	('40fa2105-267d-4318-9b71-081e454452a7', '63457f65-f934-11f0-87db-c3c8a1ce2650', 'd3526dbc-fb58-11f0-87db-c3c8a1ce2650', '9b701d34-c7e6-40f2-bfed-704f7884393c', 300000.00, NULL, 'Terdaftar', '10A', 3, '2026-01-28 13:14:40', '2026-01-28 13:14:40', '2026-01-28 13:14:40'),
	('4127c8af-12d9-4dac-b47b-d35696666f15', '4b2a017e-f935-11f0-87db-c3c8a1ce2650', '1425c4ea-32da-4674-aa6b-df6e11cc492b', '8e312b72-9518-494e-81cb-c06c6240ec1d', 500000.00, NULL, 'Terdaftar', '09A', 2, '2026-01-28 13:14:38', '2026-01-28 13:14:38', '2026-01-28 13:14:38'),
	('41ce1459-d610-401a-80d0-1502d0a0a7c4', '4b2a017e-f935-11f0-87db-c3c8a1ce2650', 'd352675d-fb58-11f0-87db-c3c8a1ce2650', 'a4081a7f-fd1b-421f-b38e-eace81ae1a9d', 500000.00, NULL, 'Menunggu Acc', '04A', 1, '2026-01-28 13:14:38', '2026-01-28 13:14:38', '2026-01-28 13:14:38'),
	('420b37ab-c3f5-468a-800d-a8a02c855419', '656dbbc6-f934-11f0-87db-c3c8a1ce2650', 'd3524dd8-fb58-11f0-87db-c3c8a1ce2650', '4a0f0f10-0359-4ec7-8f2f-de172c12a898', 350000.00, NULL, 'Menunggu Acc', '09A', 2, '2026-01-28 13:14:50', '2026-01-28 13:14:50', '2026-01-28 13:14:50'),
	('42a55eab-e992-491e-9732-57afab06bd88', 'f9272ae0-f76f-11f0-87db-c3c8a1ce2650', 'b909a805-1338-4f14-9d75-fdbd0a57227b', '0748da0d-f832-11f0-87db-c3c8a1ce2650', 0.00, NULL, 'Menunggu Acc', NULL, NULL, '2026-01-23 13:49:40', '2026-01-23 13:49:40', '2026-01-23 13:49:40'),
	('436f1c83-eb79-4204-ac71-d3066e057bea', '66288818-f934-11f0-87db-c3c8a1ce2650', 'd352660c-fb58-11f0-87db-c3c8a1ce2650', '337b6138-7d49-4117-bc50-e5faa0941d0c', 250000.00, NULL, 'Terdaftar', '45A', 1, '2026-01-28 13:14:51', '2026-01-28 13:14:51', '2026-01-28 13:14:51'),
	('43e7af8f-2952-4607-9c28-5c16b9a3ef9f', '63457f65-f934-11f0-87db-c3c8a1ce2650', 'd3522fcb-fb58-11f0-87db-c3c8a1ce2650', '7cdd9cfd-3119-45c7-850d-b6a9690ea301', 300000.00, NULL, 'Terdaftar', '29A', 1, '2026-01-28 13:14:41', '2026-01-28 13:14:41', '2026-01-28 13:14:41'),
	('446f8e79-e707-49a6-b453-ab3e56ea55f2', '66288818-f934-11f0-87db-c3c8a1ce2650', 'c7eb4bbf-05a9-4e8f-bf6a-18c1de893137', '7e4fb752-5aed-41b8-9964-accb6a5a12f1', 250000.00, NULL, 'Terdaftar', '50A', 2, '2026-01-28 13:14:52', '2026-01-28 13:14:52', '2026-01-28 13:14:52'),
	('44fe3a27-57b7-441b-8626-795fbf6bbd61', '63457f65-f934-11f0-87db-c3c8a1ce2650', 'd35241f3-fb58-11f0-87db-c3c8a1ce2650', '7cdd9cfd-3119-45c7-850d-b6a9690ea301', 300000.00, NULL, 'Terdaftar', '46A', 3, '2026-01-28 13:14:42', '2026-01-28 13:14:42', '2026-01-28 13:14:42'),
	('462aa77e-c56d-475b-81d0-69bc8c6d984d', '64015ab4-f934-11f0-87db-c3c8a1ce2650', '6045db89-b859-4c2f-8d02-19af3fa6f474', '11c2de9b-e8f0-4ee0-a724-79ae3aede1ee', 400000.00, NULL, 'Menunggu Acc', '55A', 2, '2026-01-28 13:14:44', '2026-01-28 13:14:44', '2026-01-28 13:14:44'),
	('466a4d36-bc0f-4ee9-829a-13f620f83026', '4a40793e-f935-11f0-87db-c3c8a1ce2650', 'd3524ad9-fb58-11f0-87db-c3c8a1ce2650', '657f70bd-8739-45fa-ac68-afcedbe6f46a', 250000.00, NULL, 'Terdaftar', '41A', 1, '2026-01-28 13:14:33', '2026-01-28 13:14:33', '2026-01-28 13:14:33'),
	('47d562dc-ec0f-4972-b76d-92059370bb86', '656dbbc6-f934-11f0-87db-c3c8a1ce2650', 'd352471c-fb58-11f0-87db-c3c8a1ce2650', 'c057501e-67d3-4463-8b77-939a25c4e5ba', 350000.00, NULL, 'Terdaftar', '53A', 1, '2026-01-28 13:14:49', '2026-01-28 13:14:49', '2026-01-28 13:14:49'),
	('47d9f7a7-6e42-43e9-8485-b3926f1a01a8', '670f9d9a-f934-11f0-87db-c3c8a1ce2650', 'd3525a37-fb58-11f0-87db-c3c8a1ce2650', '3c54e5e9-fc07-11f0-87db-c3c8a1ce2650', 500000.00, NULL, 'Terdaftar', '25A', 3, '2026-01-28 13:12:45', '2026-01-28 13:12:45', '2026-01-28 13:12:45'),
	('48e46c17-981f-433b-807b-a9e2383680d1', '66288818-f934-11f0-87db-c3c8a1ce2650', 'd35234d7-fb58-11f0-87db-c3c8a1ce2650', '337b6138-7d49-4117-bc50-e5faa0941d0c', 250000.00, NULL, 'Terdaftar', '03A', 1, '2026-01-28 13:14:54', '2026-01-28 13:14:54', '2026-01-28 13:14:54'),
	('48ea60e9-2790-419a-9795-a167731d9551', '64015ab4-f934-11f0-87db-c3c8a1ce2650', '1f5f8cfe-f85f-11f0-87db-c3c8a1ce2650', 'b30be72c-98ad-4d99-8313-34a1aae9d5a8', 400000.00, NULL, 'Terdaftar', '43A', 3, '2026-01-28 13:14:44', '2026-01-28 13:14:44', '2026-01-28 13:14:44'),
	('48ef7f9e-eae4-4648-b1fd-efd41dc0486f', '656dbbc6-f934-11f0-87db-c3c8a1ce2650', 'd3524a40-fb58-11f0-87db-c3c8a1ce2650', 'c057501e-67d3-4463-8b77-939a25c4e5ba', 350000.00, NULL, 'Terdaftar', '60A', 3, '2026-01-28 13:14:49', '2026-01-28 13:14:49', '2026-01-28 13:14:49'),
	('49b17d56-6181-48a4-aed2-c384b72bfccc', '63457f65-f934-11f0-87db-c3c8a1ce2650', '728a65f2-51bf-4d99-ab19-e202308d6f3a', 'af55bb98-1edd-46b3-b0d8-87958444fd36', 300000.00, NULL, 'Menunggu Acc', '44A', 2, '2026-01-28 13:14:40', '2026-01-28 13:14:40', '2026-01-28 13:14:40'),
	('4a15a57d-b0da-4ec7-a5d6-d93cf7a67e1c', '670f9d9a-f934-11f0-87db-c3c8a1ce2650', 'd352586a-fb58-11f0-87db-c3c8a1ce2650', '3c54e138-fc07-11f0-87db-c3c8a1ce2650', 500000.00, NULL, 'Terdaftar', '30A', 1, '2026-01-28 13:12:45', '2026-01-28 13:12:45', '2026-01-28 13:12:45'),
	('4a67d850-bf1e-4249-98e2-71a5269dafc0', '656dbbc6-f934-11f0-87db-c3c8a1ce2650', 'd35268aa-fb58-11f0-87db-c3c8a1ce2650', '4a0f0f10-0359-4ec7-8f2f-de172c12a898', 350000.00, NULL, 'Terdaftar', '28A', 4, '2026-01-28 13:14:50', '2026-01-28 13:14:50', '2026-01-28 13:14:50'),
	('4ae08aee-e4ac-4d4d-971d-b24c03434eda', '64c08cf0-f934-11f0-87db-c3c8a1ce2650', 'd3522e80-fb58-11f0-87db-c3c8a1ce2650', 'f5f7e00d-7dae-4fcc-a9b5-d18cbc584596', 200000.00, NULL, 'Terdaftar', '41A', 1, '2026-01-28 13:14:46', '2026-01-28 13:14:46', '2026-01-28 13:14:46'),
	('4b251a5d-43b8-489f-93a5-0d0ab8da4386', '63457f65-f934-11f0-87db-c3c8a1ce2650', 'b44d1475-dca0-4c16-a5dc-398e4c09c29b', 'dce74260-057d-4ca9-aa3e-ef865c068476', 300000.00, NULL, 'Terdaftar', '15A', 3, '2026-01-28 13:14:40', '2026-01-28 13:14:40', '2026-01-28 13:14:40'),
	('4b88a0c1-df9e-477c-89f9-bd4e4bd00083', '64015ab4-f934-11f0-87db-c3c8a1ce2650', 'd3526377-fb58-11f0-87db-c3c8a1ce2650', '2e171e2c-a7bb-4dbc-9c30-0c8c06b0ecbb', 400000.00, NULL, 'Terdaftar', '20A', 4, '2026-01-28 13:14:44', '2026-01-28 13:14:44', '2026-01-28 13:14:44'),
	('4b9342aa-5f42-40b4-8d43-7690f34105b2', '64015ab4-f934-11f0-87db-c3c8a1ce2650', 'd35262d3-fb58-11f0-87db-c3c8a1ce2650', '11c2de9b-e8f0-4ee0-a724-79ae3aede1ee', 400000.00, NULL, 'Menunggu Acc', '29A', 2, '2026-01-28 13:14:43', '2026-01-28 13:14:43', '2026-01-28 13:14:43'),
	('4c2812b4-fa74-467d-a82d-9471b47bdfde', 'f9272ae0-f76f-11f0-87db-c3c8a1ce2650', 'c7eb4bbf-05a9-4e8f-bf6a-18c1de893137', '0748dc7a-f832-11f0-87db-c3c8a1ce2650', 0.00, NULL, 'Menunggu Acc', NULL, NULL, '2026-01-23 13:49:52', '2026-01-23 13:49:52', '2026-01-23 13:49:52'),
	('4c5ba40b-3a53-4c3f-ad20-e3c45d6bdede', '66288818-f934-11f0-87db-c3c8a1ce2650', '8b679a14-fb59-11f0-87db-c3c8a1ce2650', '4df85aaf-b0d0-48d1-abb4-2f369748f5d9', 250000.00, NULL, 'Terdaftar', '07A', 4, '2026-01-28 13:14:54', '2026-01-28 13:14:54', '2026-01-28 13:14:54'),
	('4d15319f-caa0-4d59-8862-4c8b00d8f7f2', '4b2a017e-f935-11f0-87db-c3c8a1ce2650', 'd3522dca-fb58-11f0-87db-c3c8a1ce2650', 'bc2a345b-5c4d-435e-92e2-b65285623460', 500000.00, NULL, 'Terdaftar', '16A', 3, '2026-01-28 13:14:38', '2026-01-28 13:14:38', '2026-01-28 13:14:38'),
	('4d9eb8f9-42d6-4e5a-ac32-19f126eac186', '63457f65-f934-11f0-87db-c3c8a1ce2650', 'd3526ef6-fb58-11f0-87db-c3c8a1ce2650', '9b701d34-c7e6-40f2-bfed-704f7884393c', 300000.00, NULL, 'Terdaftar', '52A', 2, '2026-01-28 13:14:40', '2026-01-28 13:14:40', '2026-01-28 13:14:40'),
	('4dea5f65-cda1-4ba8-a172-ee0053407982', '64015ab4-f934-11f0-87db-c3c8a1ce2650', 'd3525d4c-fb58-11f0-87db-c3c8a1ce2650', '2e171e2c-a7bb-4dbc-9c30-0c8c06b0ecbb', 400000.00, NULL, 'Terdaftar', '50A', 1, '2026-01-28 13:14:43', '2026-01-28 13:14:43', '2026-01-28 13:14:43'),
	('4e6d6c74-3427-4f31-8de2-ffaa9cf6eab2', '64015ab4-f934-11f0-87db-c3c8a1ce2650', 'f61e71c5-0cce-437d-b887-aee03554d5e8', 'a8c35041-419c-4327-9a95-92b10df46e5a', 400000.00, NULL, 'Terdaftar', '59A', 1, '2026-01-28 13:14:42', '2026-01-28 13:14:42', '2026-01-28 13:14:42'),
	('4fff7f7c-a112-4ce7-9dfe-30bfde77069b', '64015ab4-f934-11f0-87db-c3c8a1ce2650', 'b9b132ca-8632-4210-b254-ec1335a21375', '11c2de9b-e8f0-4ee0-a724-79ae3aede1ee', 400000.00, NULL, 'Terdaftar', '47A', 4, '2026-01-28 13:14:42', '2026-01-28 13:14:42', '2026-01-28 13:14:42'),
	('503e7ce0-7c1f-499d-99af-910f2cd170bf', '670f9d9a-f934-11f0-87db-c3c8a1ce2650', 'd3526c81-fb58-11f0-87db-c3c8a1ce2650', '3c54e595-fc07-11f0-87db-c3c8a1ce2650', 500000.00, NULL, 'Terdaftar', '28A', 2, '2026-01-28 13:12:48', '2026-01-28 13:12:48', '2026-01-28 13:12:48'),
	('50539a37-fc07-11f0-87db-c3c8a1ce2650', '670f9d9a-f934-11f0-87db-c3c8a1ce2650', '02bd34db-384e-461a-926f-529c09801252', '3c54e138-fc07-11f0-87db-c3c8a1ce2650', 0.00, NULL, 'Terdaftar', NULL, NULL, '2026-01-28 05:08:01', '2026-01-28 05:08:01', '2026-01-28 05:08:01'),
	('50539dec-fc07-11f0-87db-c3c8a1ce2650', '670f9d9a-f934-11f0-87db-c3c8a1ce2650', '08bdfd94-610a-4170-944a-13f902141721', '3c54e138-fc07-11f0-87db-c3c8a1ce2650', 0.00, NULL, 'Terdaftar', NULL, NULL, '2026-01-28 05:08:01', '2026-01-28 05:08:01', '2026-01-28 05:08:01'),
	('50539ea7-fc07-11f0-87db-c3c8a1ce2650', '670f9d9a-f934-11f0-87db-c3c8a1ce2650', '0da70d11-8fb7-4bf4-8ae4-97caadfb6ed2', '3c54e4c1-fc07-11f0-87db-c3c8a1ce2650', 0.00, NULL, 'Terdaftar', NULL, NULL, '2026-01-28 05:08:01', '2026-01-28 05:08:01', '2026-01-28 05:08:01'),
	('50539f4d-fc07-11f0-87db-c3c8a1ce2650', '670f9d9a-f934-11f0-87db-c3c8a1ce2650', '1425c4ea-32da-4674-aa6b-df6e11cc492b', '3c54e4c1-fc07-11f0-87db-c3c8a1ce2650', 0.00, NULL, 'Menunggu Acc', NULL, NULL, '2026-01-28 05:08:01', '2026-01-28 05:08:01', '2026-01-28 05:08:01'),
	('50539ff0-fc07-11f0-87db-c3c8a1ce2650', '670f9d9a-f934-11f0-87db-c3c8a1ce2650', '1f5f897a-f85f-11f0-87db-c3c8a1ce2650', '3c54e53b-fc07-11f0-87db-c3c8a1ce2650', 0.00, NULL, 'Terdaftar', NULL, NULL, '2026-01-28 05:08:01', '2026-01-28 05:08:01', '2026-01-28 05:08:01'),
	('5053a07c-fc07-11f0-87db-c3c8a1ce2650', '670f9d9a-f934-11f0-87db-c3c8a1ce2650', '1f5f8cfe-f85f-11f0-87db-c3c8a1ce2650', '3c54e53b-fc07-11f0-87db-c3c8a1ce2650', 0.00, NULL, 'Menunggu Acc', NULL, NULL, '2026-01-28 05:08:01', '2026-01-28 05:08:01', '2026-01-28 05:08:01'),
	('505568bb-6e25-460d-806f-2a5f10865b66', '656dbbc6-f934-11f0-87db-c3c8a1ce2650', '8b679bc5-fb59-11f0-87db-c3c8a1ce2650', '39042441-4a7c-4934-b33c-91b8ebf931ba', 350000.00, NULL, 'Terdaftar', '08A', 2, '2026-01-28 13:14:51', '2026-01-28 13:14:51', '2026-01-28 13:14:51'),
	('50d3b51c-c1e1-4d5b-8b89-1369e94db432', '656dbbc6-f934-11f0-87db-c3c8a1ce2650', 'ea1c0ce4-91e6-4b64-b656-a5b6c96c663d', 'fd32bec8-f0d5-4200-85d5-06e9b1701076', 350000.00, NULL, 'Terdaftar', '28A', 2, '2026-01-28 13:14:49', '2026-01-28 13:14:49', '2026-01-28 13:14:49'),
	('50f1e4c5-f691-455e-9923-1216fd1b6e02', 'f9272ae0-f76f-11f0-87db-c3c8a1ce2650', 'a58e8cd0-4ad0-480f-9a37-ce21a60c2a57', '0748ddc4-f832-11f0-87db-c3c8a1ce2650', 0.00, NULL, 'Menunggu Acc', NULL, NULL, '2026-01-23 14:02:02', '2026-01-23 14:02:02', '2026-01-23 14:02:02'),
	('515806a5-d44e-41b8-9598-445999364e9a', '670f9d9a-f934-11f0-87db-c3c8a1ce2650', 'd3523ac1-fb58-11f0-87db-c3c8a1ce2650', '3c54e138-fc07-11f0-87db-c3c8a1ce2650', 500000.00, NULL, 'Terdaftar', '28A', 2, '2026-01-28 13:12:47', '2026-01-28 13:12:47', '2026-01-28 13:12:47'),
	('51d3e63f-9f26-4c9c-a679-e3e0cb980e48', '66288818-f934-11f0-87db-c3c8a1ce2650', '1f5f9380-f85f-11f0-87db-c3c8a1ce2650', 'f41fe5ef-e2f8-4263-9d9a-ebcd3f34a9f3', 250000.00, NULL, 'Terdaftar', '51A', 4, '2026-01-28 13:14:53', '2026-01-28 13:14:53', '2026-01-28 13:14:53'),
	('51f4175a-8ead-4c33-ae4c-1e2cb62de537', '64015ab4-f934-11f0-87db-c3c8a1ce2650', 'd3526e59-fb58-11f0-87db-c3c8a1ce2650', 'b30be72c-98ad-4d99-8313-34a1aae9d5a8', 400000.00, NULL, 'Terdaftar', '31A', 4, '2026-01-28 13:14:43', '2026-01-28 13:14:43', '2026-01-28 13:14:43'),
	('51fb40ad-8075-4e11-a96b-52898731f14f', 'f9272ae0-f76f-11f0-87db-c3c8a1ce2650', 'd9a0f67e-5ebf-4768-8967-08c423da4d30', '0748ddc4-f832-11f0-87db-c3c8a1ce2650', 0.00, NULL, 'Menunggu Acc', NULL, NULL, '2026-01-23 14:02:02', '2026-01-23 14:02:02', '2026-01-23 14:02:02'),
	('520fd8f2-b137-4a47-8dfe-70f66126d3dc', '670f9d9a-f934-11f0-87db-c3c8a1ce2650', '8b67ab87-fb59-11f0-87db-c3c8a1ce2650', '3c54e53b-fc07-11f0-87db-c3c8a1ce2650', 500000.00, NULL, 'Terdaftar', '26A', 3, '2026-01-28 13:12:46', '2026-01-28 13:12:46', '2026-01-28 13:12:46'),
	('52431a0c-c2a9-4fe0-973c-d4c5e738af0b', '4a40793e-f935-11f0-87db-c3c8a1ce2650', '1f5f8fe7-f85f-11f0-87db-c3c8a1ce2650', '657f70bd-8739-45fa-ac68-afcedbe6f46a', 250000.00, NULL, 'Terdaftar', '54A', 2, '2026-01-28 13:14:35', '2026-01-28 13:14:35', '2026-01-28 13:14:35'),
	('5437085d-9d4d-4ed5-8002-5d91e086d2a8', '64015ab4-f934-11f0-87db-c3c8a1ce2650', 'd3522cc6-fb58-11f0-87db-c3c8a1ce2650', '11c2de9b-e8f0-4ee0-a724-79ae3aede1ee', 400000.00, NULL, 'Terdaftar', '31A', 3, '2026-01-28 13:14:43', '2026-01-28 13:14:43', '2026-01-28 13:14:43'),
	('54e54c4b-7e1b-4ae1-bf86-0097b27f2f88', '4a40793e-f935-11f0-87db-c3c8a1ce2650', '43ef36ad-980d-4747-897f-90635401992a', '657f70bd-8739-45fa-ac68-afcedbe6f46a', 250000.00, NULL, 'Terdaftar', '06A', 4, '2026-01-28 13:14:36', '2026-01-28 13:14:36', '2026-01-28 13:14:36'),
	('551cfb39-6cd2-4daa-9905-0187773785d9', 'f9272ae0-f76f-11f0-87db-c3c8a1ce2650', 'd3524341-fb58-11f0-87db-c3c8a1ce2650', '3d7d8244-ae6d-46fa-bc65-8946e73277c7', 150000.00, NULL, 'Terdaftar', '18A', 2, '2026-01-28 13:12:49', '2026-01-28 13:12:49', '2026-01-28 13:12:49'),
	('55276af6-9f38-4494-ba33-78e8a54cc69f', '4a40793e-f935-11f0-87db-c3c8a1ce2650', 'd3523c18-fb58-11f0-87db-c3c8a1ce2650', 'f2c3062f-2f00-49ba-b2ad-d40a5d10d3fd', 250000.00, NULL, 'Terdaftar', '29A', 4, '2026-01-28 13:14:35', '2026-01-28 13:14:35', '2026-01-28 13:14:35'),
	('5606d430-a253-41f2-957b-7a10de3c29f7', '66288818-f934-11f0-87db-c3c8a1ce2650', 'd3524e70-fb58-11f0-87db-c3c8a1ce2650', '6735daff-cdb9-4dde-87a1-16db35252be9', 250000.00, NULL, 'Terdaftar', '37A', 1, '2026-01-28 13:14:53', '2026-01-28 13:14:53', '2026-01-28 13:14:53'),
	('56de6067-5420-4e54-8e59-495367a4e79f', '4b2a017e-f935-11f0-87db-c3c8a1ce2650', 'ed5bbe4b-59d2-4579-8431-30cb664ff712', '8e312b72-9518-494e-81cb-c06c6240ec1d', 500000.00, NULL, 'Menunggu Acc', '06A', 2, '2026-01-28 13:14:39', '2026-01-28 13:14:39', '2026-01-28 13:14:39'),
	('570563dc-1854-4f44-bf32-3b3e3c98ed5a', 'f9272ae0-f76f-11f0-87db-c3c8a1ce2650', 'f61e71c5-0cce-437d-b887-aee03554d5e8', '0748dc7a-f832-11f0-87db-c3c8a1ce2650', 0.00, NULL, 'Menunggu Acc', NULL, NULL, '2026-01-23 13:49:48', '2026-01-23 13:49:48', '2026-01-23 13:49:48'),
	('572ea87c-30f9-4245-9e2e-55c6c1593e89', '64c08cf0-f934-11f0-87db-c3c8a1ce2650', 'd3525735-fb58-11f0-87db-c3c8a1ce2650', 'f5f7e00d-7dae-4fcc-a9b5-d18cbc584596', 200000.00, NULL, 'Terdaftar', '19A', 2, '2026-01-28 13:14:45', '2026-01-28 13:14:45', '2026-01-28 13:14:45'),
	('57f1343d-7a7f-4c02-82a1-d62566aa13d6', '64c08cf0-f934-11f0-87db-c3c8a1ce2650', 'd3524a40-fb58-11f0-87db-c3c8a1ce2650', 'f5f7e00d-7dae-4fcc-a9b5-d18cbc584596', 200000.00, NULL, 'Terdaftar', '48A', 4, '2026-01-28 13:14:47', '2026-01-28 13:14:47', '2026-01-28 13:14:47'),
	('58760abc-5dc0-4eda-9879-06c4e9449191', 'f9272ae0-f76f-11f0-87db-c3c8a1ce2650', 'd35266b6-fb58-11f0-87db-c3c8a1ce2650', '0748dc7a-f832-11f0-87db-c3c8a1ce2650', 150000.00, NULL, 'Terdaftar', '16A', 3, '2026-01-28 13:12:53', '2026-01-28 13:12:53', '2026-01-28 13:12:53'),
	('58d6e163-98b6-4abd-b172-5fdb088678a4', '63457f65-f934-11f0-87db-c3c8a1ce2650', '8b67a3ef-fb59-11f0-87db-c3c8a1ce2650', 'af55bb98-1edd-46b3-b0d8-87958444fd36', 300000.00, NULL, 'Terdaftar', '40A', 3, '2026-01-28 13:14:41', '2026-01-28 13:14:41', '2026-01-28 13:14:41'),
	('5937f44b-055c-4270-b814-67f30788428d', '4b2a017e-f935-11f0-87db-c3c8a1ce2650', 'd3525903-fb58-11f0-87db-c3c8a1ce2650', 'bc2a345b-5c4d-435e-92e2-b65285623460', 500000.00, NULL, 'Terdaftar', '25A', 3, '2026-01-28 13:14:37', '2026-01-28 13:14:37', '2026-01-28 13:14:37'),
	('59dc971f-5ee6-49db-b60f-fd6aed60dee9', 'f9272ae0-f76f-11f0-87db-c3c8a1ce2650', 'd35234d7-fb58-11f0-87db-c3c8a1ce2650', '0748ddc4-f832-11f0-87db-c3c8a1ce2650', 150000.00, NULL, 'Terdaftar', '01A', 2, '2026-01-28 13:12:50', '2026-01-28 13:12:50', '2026-01-28 13:12:50'),
	('5a195162-295e-4b80-9f67-bf4dd7e9e4d0', '64c08cf0-f934-11f0-87db-c3c8a1ce2650', 'd35268aa-fb58-11f0-87db-c3c8a1ce2650', '19141411-b792-4ae5-b07b-6a828ae26438', 200000.00, NULL, 'Menunggu Acc', '28A', 3, '2026-01-28 13:14:45', '2026-01-28 13:14:45', '2026-01-28 13:14:45'),
	('5a246f88-11ab-414c-8b71-10e9e02d2540', '670f9d9a-f934-11f0-87db-c3c8a1ce2650', 'd3524001-fb58-11f0-87db-c3c8a1ce2650', '3c54e53b-fc07-11f0-87db-c3c8a1ce2650', 500000.00, NULL, 'Terdaftar', '05A', 3, '2026-01-28 13:12:45', '2026-01-28 13:12:45', '2026-01-28 13:12:45'),
	('5a44b4fa-fc06-4888-a3ef-5145b420c390', '4b2a017e-f935-11f0-87db-c3c8a1ce2650', 'bd686151-f821-11f0-87db-c3c8a1ce2650', '8e312b72-9518-494e-81cb-c06c6240ec1d', 500000.00, NULL, 'Menunggu Acc', '33A', 3, '2026-01-28 13:14:39', '2026-01-28 13:14:39', '2026-01-28 13:14:39'),
	('5a760779-6a61-4ba9-a248-a3a177abe417', '64c08cf0-f934-11f0-87db-c3c8a1ce2650', 'd9a0f67e-5ebf-4768-8967-08c423da4d30', '19141411-b792-4ae5-b07b-6a828ae26438', 200000.00, NULL, 'Terdaftar', '12A', 1, '2026-01-28 13:14:45', '2026-01-28 13:14:45', '2026-01-28 13:14:45'),
	('5abbdc7b-fedd-4fa4-93f8-8589b074f40e', '64c08cf0-f934-11f0-87db-c3c8a1ce2650', '8b67a23f-fb59-11f0-87db-c3c8a1ce2650', '19141411-b792-4ae5-b07b-6a828ae26438', 200000.00, NULL, 'Terdaftar', '07A', 1, '2026-01-28 13:14:46', '2026-01-28 13:14:46', '2026-01-28 13:14:46'),
	('5b1f91f3-4579-45e3-93e2-b0bc63d2549d', '4b2a017e-f935-11f0-87db-c3c8a1ce2650', 'a58e8cd0-4ad0-480f-9a37-ce21a60c2a57', '9feb369c-ae51-4032-94b8-51d1bdbb6470', 500000.00, NULL, 'Terdaftar', '20A', 2, '2026-01-28 13:14:39', '2026-01-28 13:14:39', '2026-01-28 13:14:39'),
	('5b7e7a36-bd0a-4fcc-939c-8cfc76214265', '66288818-f934-11f0-87db-c3c8a1ce2650', '1f5f96d3-f85f-11f0-87db-c3c8a1ce2650', '6735daff-cdb9-4dde-87a1-16db35252be9', 250000.00, NULL, 'Terdaftar', '13A', 4, '2026-01-28 13:14:54', '2026-01-28 13:14:54', '2026-01-28 13:14:54'),
	('5b818a20-2765-49ef-b767-5501c663859f', '4b2a017e-f935-11f0-87db-c3c8a1ce2650', '0da70d11-8fb7-4bf4-8ae4-97caadfb6ed2', '9feb369c-ae51-4032-94b8-51d1bdbb6470', 500000.00, NULL, 'Terdaftar', '33A', 3, '2026-01-28 13:14:38', '2026-01-28 13:14:38', '2026-01-28 13:14:38'),
	('5b9bd35e-d70b-4192-9a34-fd73fdf45105', '656dbbc6-f934-11f0-87db-c3c8a1ce2650', 'd3525005-fb58-11f0-87db-c3c8a1ce2650', '15390a96-caad-4690-8aef-406df36f73b7', 350000.00, NULL, 'Terdaftar', '01A', 1, '2026-01-28 13:14:49', '2026-01-28 13:14:49', '2026-01-28 13:14:49'),
	('5ba47e63-f7f1-4554-999b-88dc8d6b26d4', '656dbbc6-f934-11f0-87db-c3c8a1ce2650', 'e480742c-618d-4a72-bdbe-e5539c4a4754', 'c057501e-67d3-4463-8b77-939a25c4e5ba', 350000.00, NULL, 'Terdaftar', '35A', 3, '2026-01-28 13:14:49', '2026-01-28 13:14:49', '2026-01-28 13:14:49'),
	('5bb5f5dd-4bac-4c23-9dbe-7b6fe935b47a', 'f9272ae0-f76f-11f0-87db-c3c8a1ce2650', 'ea1c0ce4-91e6-4b64-b656-a5b6c96c663d', '0748ddc4-f832-11f0-87db-c3c8a1ce2650', 0.00, NULL, 'Terdaftar', NULL, NULL, '2026-01-23 14:02:02', '2026-01-23 14:02:02', '2026-01-25 09:13:35'),
	('5c8386ba-bccb-4cb8-92aa-69bbfcd131b8', '64015ab4-f934-11f0-87db-c3c8a1ce2650', 'd35270ce-fb58-11f0-87db-c3c8a1ce2650', 'b30be72c-98ad-4d99-8313-34a1aae9d5a8', 400000.00, NULL, 'Terdaftar', '39A', 2, '2026-01-28 13:14:43', '2026-01-28 13:14:43', '2026-01-28 13:14:43'),
	('5c88f74e-4d30-494a-8a89-1b2dd14d91d4', '4a40793e-f935-11f0-87db-c3c8a1ce2650', 'd3523577-fb58-11f0-87db-c3c8a1ce2650', '657f70bd-8739-45fa-ac68-afcedbe6f46a', 250000.00, NULL, 'Terdaftar', '59A', 4, '2026-01-28 13:14:34', '2026-01-28 13:14:34', '2026-01-28 13:14:34'),
	('5cf095eb-acb4-40d8-b00c-f120f402bd10', '66288818-f934-11f0-87db-c3c8a1ce2650', 'bd6872ff-f821-11f0-87db-c3c8a1ce2650', 'f41fe5ef-e2f8-4263-9d9a-ebcd3f34a9f3', 250000.00, NULL, 'Menunggu Acc', '28A', 1, '2026-01-28 13:14:52', '2026-01-28 13:14:52', '2026-01-28 13:14:52'),
	('5d15ed13-aaaa-4852-ba9b-fb6b3cf25c1e', '66288818-f934-11f0-87db-c3c8a1ce2650', 'd35266b6-fb58-11f0-87db-c3c8a1ce2650', 'f41fe5ef-e2f8-4263-9d9a-ebcd3f34a9f3', 250000.00, NULL, 'Terdaftar', '50A', 3, '2026-01-28 13:14:52', '2026-01-28 13:14:52', '2026-01-28 13:14:52'),
	('5eb2a4c0-af14-4a5a-a2e8-d057c7f89ed6', '63457f65-f934-11f0-87db-c3c8a1ce2650', '1f5f90ab-f85f-11f0-87db-c3c8a1ce2650', 'dce74260-057d-4ca9-aa3e-ef865c068476', 300000.00, NULL, 'Terdaftar', '56A', 3, '2026-01-28 13:14:40', '2026-01-28 13:14:40', '2026-01-28 13:14:40'),
	('5ecffb9a-cb1d-48ab-b17d-10b532aed82b', '66288818-f934-11f0-87db-c3c8a1ce2650', 'd3525b69-fb58-11f0-87db-c3c8a1ce2650', '6735daff-cdb9-4dde-87a1-16db35252be9', 250000.00, NULL, 'Menunggu Acc', '23A', 3, '2026-01-28 13:14:53', '2026-01-28 13:14:53', '2026-01-28 13:14:53'),
	('60161e4d-b76a-4d45-9912-92b2f2dd7d7c', '64c08cf0-f934-11f0-87db-c3c8a1ce2650', 'b1fa32e6-a230-42ff-8f5a-c9cb4cb1480d', '4d4c5cfc-77e1-4e2a-97f4-c6b205356eea', 200000.00, NULL, 'Terdaftar', '44A', 4, '2026-01-28 13:14:47', '2026-01-28 13:14:47', '2026-01-28 13:14:47'),
	('603de8ae-354f-424e-8136-d4ab685fd36a', '4b2a017e-f935-11f0-87db-c3c8a1ce2650', 'd3525427-fb58-11f0-87db-c3c8a1ce2650', 'a4391464-6da5-4a57-9a92-90465f76bd30', 500000.00, NULL, 'Terdaftar', '57A', 1, '2026-01-28 13:14:38', '2026-01-28 13:14:38', '2026-01-28 13:14:38'),
	('605e0586-4e63-4c1f-9766-4a9f1c0b2629', '4b2a017e-f935-11f0-87db-c3c8a1ce2650', '02bd34db-384e-461a-926f-529c09801252', 'bc2a345b-5c4d-435e-92e2-b65285623460', 500000.00, NULL, 'Menunggu Acc', '02A', 3, '2026-01-28 13:14:38', '2026-01-28 13:14:38', '2026-01-28 13:14:38'),
	('6081a089-b530-4b39-97d8-aae1496d4352', 'f9272ae0-f76f-11f0-87db-c3c8a1ce2650', '0da70d11-8fb7-4bf4-8ae4-97caadfb6ed2', '0748dc7a-f832-11f0-87db-c3c8a1ce2650', 350000.00, NULL, 'Menunggu Acc', NULL, NULL, '2026-01-23 12:06:23', '2026-01-23 12:06:23', '2026-01-23 12:06:23'),
	('60d667fb-c903-48b4-a3c9-2a1bf78f4ec7', '63457f65-f934-11f0-87db-c3c8a1ce2650', '6045db89-b859-4c2f-8d02-19af3fa6f474', 'dce74260-057d-4ca9-aa3e-ef865c068476', 300000.00, NULL, 'Terdaftar', '51A', 2, '2026-01-28 13:14:42', '2026-01-28 13:14:42', '2026-01-28 13:14:42'),
	('6125f42f-cd41-4a6d-a05f-836f14ff37f3', '66288818-f934-11f0-87db-c3c8a1ce2650', 'd352306c-fb58-11f0-87db-c3c8a1ce2650', '7e4fb752-5aed-41b8-9964-accb6a5a12f1', 250000.00, NULL, 'Terdaftar', '41A', 3, '2026-01-28 13:14:52', '2026-01-28 13:14:52', '2026-01-28 13:14:52'),
	('614d4888-5c86-47ca-acde-1e70b310f966', '64c08cf0-f934-11f0-87db-c3c8a1ce2650', 'b9b132ca-8632-4210-b254-ec1335a21375', 'f5f7e00d-7dae-4fcc-a9b5-d18cbc584596', 200000.00, NULL, 'Terdaftar', '35A', 1, '2026-01-28 13:14:45', '2026-01-28 13:14:45', '2026-01-28 13:14:45'),
	('6154e7b7-f402-476b-a629-f40a4b5f2e04', '66288818-f934-11f0-87db-c3c8a1ce2650', '1f5f8f19-f85f-11f0-87db-c3c8a1ce2650', '4df85aaf-b0d0-48d1-abb4-2f369748f5d9', 250000.00, NULL, 'Terdaftar', '21A', 4, '2026-01-28 13:14:53', '2026-01-28 13:14:53', '2026-01-28 13:14:53'),
	('61c67740-d5d5-49ab-a866-43459e73edcb', 'f9272ae0-f76f-11f0-87db-c3c8a1ce2650', 'f3fe528a-d121-457a-abea-1e84aa4ceb0e', '0748ddc4-f832-11f0-87db-c3c8a1ce2650', 0.00, NULL, 'Menunggu Acc', NULL, NULL, '2026-01-23 14:02:02', '2026-01-23 14:02:02', '2026-01-23 14:02:02'),
	('621865c5-8c84-4f9b-abd7-26d9203a4331', '4a40793e-f935-11f0-87db-c3c8a1ce2650', 'd3526189-fb58-11f0-87db-c3c8a1ce2650', 'c48233a7-a454-4429-bb19-5e14f160dfd5', 250000.00, NULL, 'Menunggu Acc', '52A', 2, '2026-01-28 13:14:35', '2026-01-28 13:14:35', '2026-01-28 13:14:35'),
	('6220e020-dea4-49e8-80b8-26004d2dafb5', '670f9d9a-f934-11f0-87db-c3c8a1ce2650', 'd35262d3-fb58-11f0-87db-c3c8a1ce2650', '3c54e138-fc07-11f0-87db-c3c8a1ce2650', 500000.00, NULL, 'Terdaftar', '21A', 3, '2026-01-28 13:12:46', '2026-01-28 13:12:46', '2026-01-28 13:12:46'),
	('62c9d588-855e-4ad9-b300-db5b71dea18d', '64c08cf0-f934-11f0-87db-c3c8a1ce2650', '8b67a061-fb59-11f0-87db-c3c8a1ce2650', '19141411-b792-4ae5-b07b-6a828ae26438', 200000.00, NULL, 'Terdaftar', '04A', 4, '2026-01-28 13:14:46', '2026-01-28 13:14:46', '2026-01-28 13:14:46'),
	('63295104-e13a-4fe8-9723-13fe9eb602d7', '670f9d9a-f934-11f0-87db-c3c8a1ce2650', 'd35269f7-fb58-11f0-87db-c3c8a1ce2650', '3c54e595-fc07-11f0-87db-c3c8a1ce2650', 500000.00, NULL, 'Terdaftar', '07A', 2, '2026-01-28 13:12:48', '2026-01-28 13:12:48', '2026-01-28 13:12:48'),
	('636d805a-b9da-4373-9ee8-105b505bddc1', '656dbbc6-f934-11f0-87db-c3c8a1ce2650', '8b67a997-fb59-11f0-87db-c3c8a1ce2650', '4a0f0f10-0359-4ec7-8f2f-de172c12a898', 350000.00, NULL, 'Menunggu Acc', '41A', 4, '2026-01-28 13:14:51', '2026-01-28 13:14:51', '2026-01-28 13:14:51'),
	('63a20124-7e73-4f64-91f0-437b24535b5e', '64015ab4-f934-11f0-87db-c3c8a1ce2650', 'd3522f29-fb58-11f0-87db-c3c8a1ce2650', 'a8c35041-419c-4327-9a95-92b10df46e5a', 400000.00, NULL, 'Terdaftar', '11A', 3, '2026-01-28 13:14:44', '2026-01-28 13:14:44', '2026-01-28 13:14:44'),
	('641ac6f1-fb15-42dc-833e-a790a49bb1e3', 'f9272ae0-f76f-11f0-87db-c3c8a1ce2650', 'd3523435-fb58-11f0-87db-c3c8a1ce2650', '0748da0d-f832-11f0-87db-c3c8a1ce2650', 150000.00, NULL, 'Menunggu Acc', '02A', 3, '2026-01-28 13:12:51', '2026-01-28 13:12:51', '2026-01-28 13:12:51'),
	('646f83b3-da0f-4f46-bbd2-4591e43dd755', '64015ab4-f934-11f0-87db-c3c8a1ce2650', 'ed5bbe4b-59d2-4579-8431-30cb664ff712', 'a8c35041-419c-4327-9a95-92b10df46e5a', 400000.00, NULL, 'Terdaftar', '17A', 3, '2026-01-28 13:14:43', '2026-01-28 13:14:43', '2026-01-28 13:14:43'),
	('64d6fd0a-650d-4cf3-98bf-19d2b03d228e', '63457f65-f934-11f0-87db-c3c8a1ce2650', 'd3524c0b-fb58-11f0-87db-c3c8a1ce2650', '7cdd9cfd-3119-45c7-850d-b6a9690ea301', 300000.00, NULL, 'Terdaftar', '44A', 3, '2026-01-28 13:14:41', '2026-01-28 13:14:41', '2026-01-28 13:14:41'),
	('6506e529-969d-4e9a-bf83-7268ca38f534', '64c08cf0-f934-11f0-87db-c3c8a1ce2650', 'd35260d5-fb58-11f0-87db-c3c8a1ce2650', '4d4c5cfc-77e1-4e2a-97f4-c6b205356eea', 200000.00, NULL, 'Terdaftar', '16A', 1, '2026-01-28 13:14:45', '2026-01-28 13:14:45', '2026-01-28 13:14:45'),
	('65bfc9d6-e0d3-4176-a036-5c3a3f06b217', '670f9d9a-f934-11f0-87db-c3c8a1ce2650', 'd35239cb-fb58-11f0-87db-c3c8a1ce2650', '3c54e5e9-fc07-11f0-87db-c3c8a1ce2650', 500000.00, NULL, 'Terdaftar', '10A', 1, '2026-01-28 13:12:49', '2026-01-28 13:12:49', '2026-01-28 13:12:49'),
	('65ccc306-25c6-4e00-aed6-ad2bc9f9825c', 'f9272ae0-f76f-11f0-87db-c3c8a1ce2650', '0da70d11-8fb7-4bf4-8ae4-97caadfb6ed2', '0748ddc4-f832-11f0-87db-c3c8a1ce2650', 350000.00, NULL, 'Menunggu Acc', NULL, NULL, '2026-01-23 12:03:32', '2026-01-23 12:03:32', '2026-01-23 12:03:32'),
	('65dbf977-c397-4220-98cb-30906e35c442', '64c08cf0-f934-11f0-87db-c3c8a1ce2650', 'd3523cbe-fb58-11f0-87db-c3c8a1ce2650', '3d0f85ec-8ffb-4f5d-a339-efc8bba07377', 200000.00, NULL, 'Menunggu Acc', '42A', 4, '2026-01-28 13:14:46', '2026-01-28 13:14:46', '2026-01-28 13:14:46'),
	('65fdc0fc-4712-4d5c-b868-df964f3236c6', 'f9272ae0-f76f-11f0-87db-c3c8a1ce2650', '08bdfd94-610a-4170-944a-13f902141721', '0748da0d-f832-11f0-87db-c3c8a1ce2650', 0.00, NULL, 'Menunggu Acc', NULL, NULL, '2026-01-23 13:49:31', '2026-01-23 13:49:31', '2026-01-23 13:49:31'),
	('66103730-ca68-45aa-a1e0-05220338efcb', '656dbbc6-f934-11f0-87db-c3c8a1ce2650', '1f5f90ab-f85f-11f0-87db-c3c8a1ce2650', 'fd32bec8-f0d5-4200-85d5-06e9b1701076', 350000.00, NULL, 'Terdaftar', '42A', 2, '2026-01-28 13:14:49', '2026-01-28 13:14:49', '2026-01-28 13:14:49'),
	('670cd066-36a7-420f-ab1a-2e89c7e15eb8', '4a40793e-f935-11f0-87db-c3c8a1ce2650', 'e2265fd4-eb75-45f7-8193-4bac9201c7e0', 'c48233a7-a454-4429-bb19-5e14f160dfd5', 250000.00, NULL, 'Menunggu Acc', '25A', 2, '2026-01-28 13:14:36', '2026-01-28 13:14:36', '2026-01-28 13:14:36'),
	('6728ba8d-a304-47ee-8f21-701478ea3fe3', '656dbbc6-f934-11f0-87db-c3c8a1ce2650', 'd3523c18-fb58-11f0-87db-c3c8a1ce2650', '39042441-4a7c-4934-b33c-91b8ebf931ba', 350000.00, NULL, 'Terdaftar', '45A', 2, '2026-01-28 13:14:49', '2026-01-28 13:14:49', '2026-01-28 13:14:49'),
	('68825642-6aef-4aa6-84cf-af5a70d2ce89', '4a40793e-f935-11f0-87db-c3c8a1ce2650', 'd35269f7-fb58-11f0-87db-c3c8a1ce2650', 'c48233a7-a454-4429-bb19-5e14f160dfd5', 250000.00, NULL, 'Menunggu Acc', '44A', 4, '2026-01-28 13:14:36', '2026-01-28 13:14:36', '2026-01-28 13:14:36'),
	('68da27ec-6e05-455d-829a-2ded96c21afb', '4a40793e-f935-11f0-87db-c3c8a1ce2650', 'd3524c0b-fb58-11f0-87db-c3c8a1ce2650', 'f2c3062f-2f00-49ba-b2ad-d40a5d10d3fd', 250000.00, NULL, 'Terdaftar', '22A', 4, '2026-01-28 13:14:35', '2026-01-28 13:14:35', '2026-01-28 13:14:35'),
	('6aa4dbb0-25b2-40ea-9647-32bf368c4bef', '63457f65-f934-11f0-87db-c3c8a1ce2650', '1f5f8de7-f85f-11f0-87db-c3c8a1ce2650', '1a15fcaf-4459-40f7-b92d-4f8349d67afc', 300000.00, NULL, 'Menunggu Acc', '22A', 1, '2026-01-28 13:14:40', '2026-01-28 13:14:40', '2026-01-28 13:14:40'),
	('6ad3ad26-ac40-4f4c-af7a-ff61ce123c6d', '64015ab4-f934-11f0-87db-c3c8a1ce2650', 'be5c0d90-26f8-4463-bc23-46547797a8ac', '11c2de9b-e8f0-4ee0-a724-79ae3aede1ee', 400000.00, NULL, 'Terdaftar', '52A', 3, '2026-01-28 13:14:44', '2026-01-28 13:14:44', '2026-01-28 13:14:44'),
	('6c697554-b1a7-4908-912c-20c536cae50f', '670f9d9a-f934-11f0-87db-c3c8a1ce2650', '6045db89-b859-4c2f-8d02-19af3fa6f474', '3c54e138-fc07-11f0-87db-c3c8a1ce2650', 500000.00, NULL, 'Menunggu Acc', '06A', 2, '2026-01-28 13:12:47', '2026-01-28 13:12:47', '2026-01-28 13:12:47'),
	('6c74b302-5a2d-4f96-9aec-974455f3854e', '64c08cf0-f934-11f0-87db-c3c8a1ce2650', 'f3fe528a-d121-457a-abea-1e84aa4ceb0e', '4d4c5cfc-77e1-4e2a-97f4-c6b205356eea', 200000.00, NULL, 'Terdaftar', '49A', 2, '2026-01-28 13:14:46', '2026-01-28 13:14:46', '2026-01-28 13:14:46'),
	('6d162c2b-1cf4-4b9a-8e39-adf4e6d21de6', '4a40793e-f935-11f0-87db-c3c8a1ce2650', 'd35268aa-fb58-11f0-87db-c3c8a1ce2650', 'f2c3062f-2f00-49ba-b2ad-d40a5d10d3fd', 250000.00, NULL, 'Terdaftar', '53A', 4, '2026-01-28 13:14:36', '2026-01-28 13:14:36', '2026-01-28 13:14:36'),
	('6d5d7eee-a625-459c-b66d-8701d588f679', '4b2a017e-f935-11f0-87db-c3c8a1ce2650', 'd3526189-fb58-11f0-87db-c3c8a1ce2650', 'fb6b2ba3-1de7-4efe-a35f-ddb71eadff4d', 500000.00, NULL, 'Terdaftar', '52A', 1, '2026-01-28 13:14:39', '2026-01-28 13:14:39', '2026-01-28 13:14:39'),
	('6ddc7ddc-4b75-4809-b436-978f2da52b59', '656dbbc6-f934-11f0-87db-c3c8a1ce2650', '1f5f94e7-f85f-11f0-87db-c3c8a1ce2650', '4a0f0f10-0359-4ec7-8f2f-de172c12a898', 350000.00, NULL, 'Terdaftar', '16A', 1, '2026-01-28 13:14:51', '2026-01-28 13:14:51', '2026-01-28 13:14:51'),
	('6e264e81-45da-4e87-a584-52fa3b78a7a8', '63457f65-f934-11f0-87db-c3c8a1ce2650', 'd35254c4-fb58-11f0-87db-c3c8a1ce2650', '7cdd9cfd-3119-45c7-850d-b6a9690ea301', 300000.00, NULL, 'Terdaftar', '48A', 3, '2026-01-28 13:14:41', '2026-01-28 13:14:41', '2026-01-28 13:14:41'),
	('6e80d023-02c5-4b6b-be77-2c126af67bfe', '64015ab4-f934-11f0-87db-c3c8a1ce2650', 'd3525f32-fb58-11f0-87db-c3c8a1ce2650', '210c4035-79fc-4439-80cc-719fc30d2835', 400000.00, NULL, 'Terdaftar', '31A', 1, '2026-01-28 13:14:43', '2026-01-28 13:14:43', '2026-01-28 13:14:43'),
	('6e91fc88-fcdf-47d8-9e1d-a52de931bd88', '64015ab4-f934-11f0-87db-c3c8a1ce2650', 'd3525225-fb58-11f0-87db-c3c8a1ce2650', '11c2de9b-e8f0-4ee0-a724-79ae3aede1ee', 400000.00, NULL, 'Terdaftar', '27A', 3, '2026-01-28 13:14:45', '2026-01-28 13:14:45', '2026-01-28 13:14:45'),
	('6ec9483d-b575-4608-b97b-b42fe227805f', '63457f65-f934-11f0-87db-c3c8a1ce2650', 'bd686221-f821-11f0-87db-c3c8a1ce2650', '1a15fcaf-4459-40f7-b92d-4f8349d67afc', 300000.00, NULL, 'Terdaftar', '08A', 3, '2026-01-28 13:14:40', '2026-01-28 13:14:40', '2026-01-28 13:14:40'),
	('6fb867d5-013f-4f82-938a-b2f0fe80c5f9', '4b2a017e-f935-11f0-87db-c3c8a1ce2650', '1f5f8cfe-f85f-11f0-87db-c3c8a1ce2650', '9feb369c-ae51-4032-94b8-51d1bdbb6470', 500000.00, NULL, 'Menunggu Acc', '09A', 1, '2026-01-28 13:14:38', '2026-01-28 13:14:38', '2026-01-28 13:14:38'),
	('6fd5d978-325f-444d-9c15-17d0e31cf90a', '66288818-f934-11f0-87db-c3c8a1ce2650', 'ea1c0ce4-91e6-4b64-b656-a5b6c96c663d', 'f41fe5ef-e2f8-4263-9d9a-ebcd3f34a9f3', 250000.00, NULL, 'Menunggu Acc', '42A', 4, '2026-01-28 13:14:52', '2026-01-28 13:14:52', '2026-01-28 13:14:52'),
	('7019c588-ba37-4010-ab8e-4e6216e6d616', 'f9272ae0-f76f-11f0-87db-c3c8a1ce2650', 'b44d1475-dca0-4c16-a5dc-398e4c09c29b', '0748ddc4-f832-11f0-87db-c3c8a1ce2650', 0.00, NULL, 'Menunggu Acc', NULL, NULL, '2026-01-23 14:02:02', '2026-01-23 14:02:02', '2026-01-23 14:02:02'),
	('709bf1eb-24d9-4256-955e-cbf30084ebc7', '64c08cf0-f934-11f0-87db-c3c8a1ce2650', 'd3523eb5-fb58-11f0-87db-c3c8a1ce2650', '35218812-9600-406e-b3b2-8ee7ac74270c', 200000.00, NULL, 'Terdaftar', '07A', 1, '2026-01-28 13:14:45', '2026-01-28 13:14:45', '2026-01-28 13:14:45'),
	('70d724e9-8adf-4466-9b11-3f705dc2c5ef', '64015ab4-f934-11f0-87db-c3c8a1ce2650', 'd35247bf-fb58-11f0-87db-c3c8a1ce2650', '2e171e2c-a7bb-4dbc-9c30-0c8c06b0ecbb', 400000.00, NULL, 'Menunggu Acc', '10A', 3, '2026-01-28 13:14:43', '2026-01-28 13:14:43', '2026-01-28 13:14:43'),
	('71a19d13-3e7e-4672-85ee-edb6cd97b348', '64015ab4-f934-11f0-87db-c3c8a1ce2650', 'd3525acf-fb58-11f0-87db-c3c8a1ce2650', '210c4035-79fc-4439-80cc-719fc30d2835', 400000.00, NULL, 'Terdaftar', '05A', 1, '2026-01-28 13:14:44', '2026-01-28 13:14:44', '2026-01-28 13:14:44'),
	('71b47e8e-a5a2-46b1-ac3a-11b9e0c4e7ce', '63457f65-f934-11f0-87db-c3c8a1ce2650', 'd35260d5-fb58-11f0-87db-c3c8a1ce2650', '7cdd9cfd-3119-45c7-850d-b6a9690ea301', 300000.00, NULL, 'Terdaftar', '10A', 2, '2026-01-28 13:14:41', '2026-01-28 13:14:41', '2026-01-28 13:14:41'),
	('71c11fe2-6806-4c9c-bde8-e41114ab9af8', '656dbbc6-f934-11f0-87db-c3c8a1ce2650', 'bd6872ff-f821-11f0-87db-c3c8a1ce2650', 'c057501e-67d3-4463-8b77-939a25c4e5ba', 350000.00, NULL, 'Menunggu Acc', '26A', 3, '2026-01-28 13:14:49', '2026-01-28 13:14:49', '2026-01-28 13:14:49'),
	('71d28be1-3f20-4993-be9a-a280a503ea0f', 'f9272ae0-f76f-11f0-87db-c3c8a1ce2650', 'd3525b69-fb58-11f0-87db-c3c8a1ce2650', '0748ddc4-f832-11f0-87db-c3c8a1ce2650', 150000.00, NULL, 'Menunggu Acc', '22A', 2, '2026-01-28 13:12:50', '2026-01-28 13:12:50', '2026-01-28 13:12:50'),
	('71fecfdf-f483-4c23-b31e-834fd719294a', '64c08cf0-f934-11f0-87db-c3c8a1ce2650', 'd352586a-fb58-11f0-87db-c3c8a1ce2650', '3d0f85ec-8ffb-4f5d-a339-efc8bba07377', 200000.00, NULL, 'Menunggu Acc', '14A', 2, '2026-01-28 13:14:47', '2026-01-28 13:14:47', '2026-01-28 13:14:47'),
	('72629238-d8ae-4030-a366-ad9a1c29e167', '63457f65-f934-11f0-87db-c3c8a1ce2650', 'd3525427-fb58-11f0-87db-c3c8a1ce2650', 'af55bb98-1edd-46b3-b0d8-87958444fd36', 300000.00, NULL, 'Terdaftar', '08A', 4, '2026-01-28 13:14:40', '2026-01-28 13:14:40', '2026-01-28 13:14:40'),
	('7278c1b8-2f0d-4439-9caa-b5196683c20a', '4a40793e-f935-11f0-87db-c3c8a1ce2650', 'c7eb4bbf-05a9-4e8f-bf6a-18c1de893137', '1b71dab9-518a-4ac5-9cd5-d1fc9d65a02c', 250000.00, NULL, 'Terdaftar', '56A', 4, '2026-01-28 13:14:34', '2026-01-28 13:14:34', '2026-01-28 13:14:34'),
	('731384cb-e37f-4b08-b769-c81e7f32ae7d', '63457f65-f934-11f0-87db-c3c8a1ce2650', 'bd68745a-f821-11f0-87db-c3c8a1ce2650', '9b701d34-c7e6-40f2-bfed-704f7884393c', 300000.00, NULL, 'Menunggu Acc', '26A', 2, '2026-01-28 13:14:40', '2026-01-28 13:14:40', '2026-01-28 13:14:40'),
	('73584a80-cb83-4845-8371-50bc5a1254aa', '656dbbc6-f934-11f0-87db-c3c8a1ce2650', 'd3527031-fb58-11f0-87db-c3c8a1ce2650', '15390a96-caad-4690-8aef-406df36f73b7', 350000.00, NULL, 'Menunggu Acc', '05A', 3, '2026-01-28 13:14:49', '2026-01-28 13:14:49', '2026-01-28 13:14:49'),
	('73edea6c-e678-4cd9-8046-eedbfab1c858', '64015ab4-f934-11f0-87db-c3c8a1ce2650', 'd3523eb5-fb58-11f0-87db-c3c8a1ce2650', '210c4035-79fc-4439-80cc-719fc30d2835', 400000.00, NULL, 'Terdaftar', '52A', 3, '2026-01-28 13:14:42', '2026-01-28 13:14:42', '2026-01-28 13:14:42'),
	('75bcac62-4d98-4afb-8051-0c5565bd9494', '66288818-f934-11f0-87db-c3c8a1ce2650', 'd3523e10-fb58-11f0-87db-c3c8a1ce2650', '6735daff-cdb9-4dde-87a1-16db35252be9', 250000.00, NULL, 'Terdaftar', '33A', 3, '2026-01-28 13:14:52', '2026-01-28 13:14:52', '2026-01-28 13:14:52'),
	('7638380b-3973-415f-b21a-81121ff8abec', '4b2a017e-f935-11f0-87db-c3c8a1ce2650', 'd35247bf-fb58-11f0-87db-c3c8a1ce2650', 'a4391464-6da5-4a57-9a92-90465f76bd30', 500000.00, NULL, 'Terdaftar', '09A', 2, '2026-01-28 13:14:38', '2026-01-28 13:14:38', '2026-01-28 13:14:38'),
	('764ffd41-3cd9-4218-a4ca-fdc2c1d2e1e1', '64015ab4-f934-11f0-87db-c3c8a1ce2650', 'd352310a-fb58-11f0-87db-c3c8a1ce2650', 'a8c35041-419c-4327-9a95-92b10df46e5a', 400000.00, NULL, 'Terdaftar', '46A', 2, '2026-01-28 13:14:44', '2026-01-28 13:14:44', '2026-01-28 13:14:44'),
	('7798248f-2ae9-469d-b78f-5faf7a50f581', 'f9272ae0-f76f-11f0-87db-c3c8a1ce2650', '803289c5-550e-4640-aa31-04eb415990d8', '0748dc7a-f832-11f0-87db-c3c8a1ce2650', 0.00, NULL, 'Menunggu Acc', NULL, NULL, '2026-01-23 13:49:46', '2026-01-23 13:49:46', '2026-01-23 13:49:46'),
	('77d2452f-279e-4388-809e-79b16a01fde9', '64015ab4-f934-11f0-87db-c3c8a1ce2650', 'd352374e-fb58-11f0-87db-c3c8a1ce2650', '210c4035-79fc-4439-80cc-719fc30d2835', 400000.00, NULL, 'Terdaftar', '48A', 1, '2026-01-28 13:14:44', '2026-01-28 13:14:44', '2026-01-28 13:14:44'),
	('78302443-e244-43a9-83db-7590d2090d3e', '656dbbc6-f934-11f0-87db-c3c8a1ce2650', 'd352429c-fb58-11f0-87db-c3c8a1ce2650', '15390a96-caad-4690-8aef-406df36f73b7', 350000.00, NULL, 'Terdaftar', '20A', 3, '2026-01-28 13:14:51', '2026-01-28 13:14:51', '2026-01-28 13:14:51'),
	('78ad1702-a450-4604-9df5-f82066e192a7', '66288818-f934-11f0-87db-c3c8a1ce2650', 'd3522fcb-fb58-11f0-87db-c3c8a1ce2650', '7e4fb752-5aed-41b8-9964-accb6a5a12f1', 250000.00, NULL, 'Menunggu Acc', '23A', 3, '2026-01-28 13:14:52', '2026-01-28 13:14:52', '2026-01-28 13:14:52'),
	('78e808d2-0386-481e-aa38-8cb51e6a3035', '670f9d9a-f934-11f0-87db-c3c8a1ce2650', 'e2265fd4-eb75-45f7-8193-4bac9201c7e0', '3c54e5e9-fc07-11f0-87db-c3c8a1ce2650', 500000.00, NULL, 'Terdaftar', '12A', 2, '2026-01-28 13:12:49', '2026-01-28 13:12:49', '2026-01-28 13:12:49'),
	('7972969a-2fe8-4366-88d9-9a8e9e811c42', '670f9d9a-f934-11f0-87db-c3c8a1ce2650', 'd352622d-fb58-11f0-87db-c3c8a1ce2650', '3c54e595-fc07-11f0-87db-c3c8a1ce2650', 500000.00, NULL, 'Terdaftar', '08A', 3, '2026-01-28 13:12:47', '2026-01-28 13:12:47', '2026-01-28 13:12:47'),
	('79e42d91-f824-11f0-87db-c3c8a1ce2650', 'f9272ae0-f76f-11f0-87db-c3c8a1ce2650', '78585c2f-f824-11f0-87db-c3c8a1ce2650', '0748ddc4-f832-11f0-87db-c3c8a1ce2650', 500000.00, NULL, 'Menunggu Acc', NULL, NULL, '2026-01-23 06:26:42', '2026-01-23 06:26:42', '2026-01-23 13:21:14'),
	('7a159ec0-f050-4936-8629-e0819522994a', '63457f65-f934-11f0-87db-c3c8a1ce2650', 'd3525225-fb58-11f0-87db-c3c8a1ce2650', 'dce74260-057d-4ca9-aa3e-ef865c068476', 300000.00, NULL, 'Terdaftar', '45A', 3, '2026-01-28 13:14:41', '2026-01-28 13:14:41', '2026-01-28 13:14:41'),
	('7b56027e-f2b8-42b5-850b-8f1724120510', '4a40793e-f935-11f0-87db-c3c8a1ce2650', '2c206cce-fd6f-452d-943f-cc3d43542e6d', 'f2c3062f-2f00-49ba-b2ad-d40a5d10d3fd', 250000.00, NULL, 'Terdaftar', '39A', 2, '2026-01-28 13:14:36', '2026-01-28 13:14:36', '2026-01-28 13:14:36'),
	('7be705d6-1630-4e7e-a7fc-89df3bf43270', '64c08cf0-f934-11f0-87db-c3c8a1ce2650', 'bd686067-f821-11f0-87db-c3c8a1ce2650', 'f5f7e00d-7dae-4fcc-a9b5-d18cbc584596', 200000.00, NULL, 'Menunggu Acc', '56A', 1, '2026-01-28 13:14:48', '2026-01-28 13:14:48', '2026-01-28 13:14:48'),
	('7c2fce50-0428-4036-91c5-ddc75c13db4d', '656dbbc6-f934-11f0-87db-c3c8a1ce2650', 'd3524676-fb58-11f0-87db-c3c8a1ce2650', '15390a96-caad-4690-8aef-406df36f73b7', 350000.00, NULL, 'Terdaftar', '60A', 4, '2026-01-28 13:14:49', '2026-01-28 13:14:49', '2026-01-28 13:14:49'),
	('7c329170-b190-42bd-8adf-537535e5c68c', 'f9272ae0-f76f-11f0-87db-c3c8a1ce2650', '02bd34db-384e-461a-926f-529c09801252', '0748ddc4-f832-11f0-87db-c3c8a1ce2650', 0.00, NULL, 'Menunggu Acc', NULL, NULL, '2026-01-23 14:02:02', '2026-01-23 14:02:02', '2026-01-23 14:02:02'),
	('7c99a043-2efe-403f-9c99-5ae67bbf00d2', '64c08cf0-f934-11f0-87db-c3c8a1ce2650', '8b67a3ef-fb59-11f0-87db-c3c8a1ce2650', '35218812-9600-406e-b3b2-8ee7ac74270c', 200000.00, NULL, 'Menunggu Acc', '33A', 4, '2026-01-28 13:14:47', '2026-01-28 13:14:47', '2026-01-28 13:14:47'),
	('7d2dcd4c-af97-4849-bee9-5cc5e5ac4f8d', '63457f65-f934-11f0-87db-c3c8a1ce2650', 'b9b132ca-8632-4210-b254-ec1335a21375', '7cdd9cfd-3119-45c7-850d-b6a9690ea301', 300000.00, NULL, 'Terdaftar', '49A', 4, '2026-01-28 13:14:41', '2026-01-28 13:14:41', '2026-01-28 13:14:41'),
	('7ec03dc5-37a8-4f19-84d8-98c6012e7f67', '4a40793e-f935-11f0-87db-c3c8a1ce2650', '1f5f9a17-f85f-11f0-87db-c3c8a1ce2650', 'f1503db6-7ed0-4ef1-9ef8-6922f4969748', 250000.00, NULL, 'Terdaftar', '09A', 3, '2026-01-28 13:14:34', '2026-01-28 13:14:34', '2026-01-28 13:14:34'),
	('7eeb3acf-dc9d-4660-80f2-e5e7e0cb48e2', '4b2a017e-f935-11f0-87db-c3c8a1ce2650', 'd35243e5-fb58-11f0-87db-c3c8a1ce2650', '8e312b72-9518-494e-81cb-c06c6240ec1d', 500000.00, NULL, 'Terdaftar', '26A', 2, '2026-01-28 13:14:39', '2026-01-28 13:14:39', '2026-01-28 13:14:39'),
	('7f33ae12-1bc9-4e16-8209-244fa9cddff5', '656dbbc6-f934-11f0-87db-c3c8a1ce2650', 'd35241f3-fb58-11f0-87db-c3c8a1ce2650', 'fd32bec8-f0d5-4200-85d5-06e9b1701076', 350000.00, NULL, 'Terdaftar', '47A', 3, '2026-01-28 13:14:49', '2026-01-28 13:14:49', '2026-01-28 13:14:49'),
	('7f7f1e56-1c13-4102-8a30-bde9bfce33b1', '4b2a017e-f935-11f0-87db-c3c8a1ce2650', 'd3523e10-fb58-11f0-87db-c3c8a1ce2650', '8e312b72-9518-494e-81cb-c06c6240ec1d', 500000.00, NULL, 'Terdaftar', '11A', 2, '2026-01-28 13:14:38', '2026-01-28 13:14:38', '2026-01-28 13:14:38'),
	('7fc4e19a-2684-4a5c-9242-983ba50ff5ae', '4a40793e-f935-11f0-87db-c3c8a1ce2650', 'd3522cc6-fb58-11f0-87db-c3c8a1ce2650', 'f1503db6-7ed0-4ef1-9ef8-6922f4969748', 250000.00, NULL, 'Terdaftar', '36A', 3, '2026-01-28 13:14:33', '2026-01-28 13:14:33', '2026-01-28 13:14:33'),
	('7fd5ae7d-ae12-49aa-adea-b6b1116dde0f', '66288818-f934-11f0-87db-c3c8a1ce2650', 'd3526b3c-fb58-11f0-87db-c3c8a1ce2650', '6735daff-cdb9-4dde-87a1-16db35252be9', 250000.00, NULL, 'Terdaftar', '55A', 2, '2026-01-28 13:14:52', '2026-01-28 13:14:52', '2026-01-28 13:14:52'),
	('80805955-948a-40e3-849e-2b46b6b8ef81', '4b2a017e-f935-11f0-87db-c3c8a1ce2650', 'd3526953-fb58-11f0-87db-c3c8a1ce2650', 'bc2a345b-5c4d-435e-92e2-b65285623460', 500000.00, NULL, 'Terdaftar', '55A', 3, '2026-01-28 13:14:37', '2026-01-28 13:14:37', '2026-01-28 13:14:37'),
	('8080aadb-4980-4c1e-9408-5e993abfbc06', '4b2a017e-f935-11f0-87db-c3c8a1ce2650', 'd3524f0a-fb58-11f0-87db-c3c8a1ce2650', 'fb6b2ba3-1de7-4efe-a35f-ddb71eadff4d', 500000.00, NULL, 'Menunggu Acc', '29A', 4, '2026-01-28 13:14:39', '2026-01-28 13:14:39', '2026-01-28 13:14:39'),
	('81796802-f7fa-4a01-9f65-78b259f93a45', '64015ab4-f934-11f0-87db-c3c8a1ce2650', '1f5f9380-f85f-11f0-87db-c3c8a1ce2650', '11c2de9b-e8f0-4ee0-a724-79ae3aede1ee', 400000.00, NULL, 'Terdaftar', '02A', 2, '2026-01-28 13:14:44', '2026-01-28 13:14:44', '2026-01-28 13:14:44'),
	('81a31a83-9f38-493f-ad04-101837010393', '63457f65-f934-11f0-87db-c3c8a1ce2650', 'd35236b0-fb58-11f0-87db-c3c8a1ce2650', 'e5415c4d-a407-42e6-9aae-9e309f932bcb', 300000.00, NULL, 'Menunggu Acc', '11A', 1, '2026-01-28 13:14:40', '2026-01-28 13:14:40', '2026-01-28 13:14:40'),
	('81d5da35-5d57-475b-a09f-5c6981114b7c', '64015ab4-f934-11f0-87db-c3c8a1ce2650', 'd35269f7-fb58-11f0-87db-c3c8a1ce2650', '210c4035-79fc-4439-80cc-719fc30d2835', 400000.00, NULL, 'Terdaftar', '47A', 3, '2026-01-28 13:14:44', '2026-01-28 13:14:44', '2026-01-28 13:14:44'),
	('824aaed8-4c1b-4cbe-9e15-99f00f501a7e', '64c08cf0-f934-11f0-87db-c3c8a1ce2650', '78585c2f-f824-11f0-87db-c3c8a1ce2650', '3d0f85ec-8ffb-4f5d-a339-efc8bba07377', 200000.00, NULL, 'Menunggu Acc', '20A', 2, '2026-01-28 13:14:46', '2026-01-28 13:14:46', '2026-01-28 13:14:46'),
	('829d5bf2-a820-4a75-9b2e-6c43dea4f005', '4b2a017e-f935-11f0-87db-c3c8a1ce2650', 'd3523435-fb58-11f0-87db-c3c8a1ce2650', 'bc2a345b-5c4d-435e-92e2-b65285623460', 500000.00, NULL, 'Terdaftar', '12A', 3, '2026-01-28 13:14:38', '2026-01-28 13:14:38', '2026-01-28 13:14:38'),
	('82b1631b-074e-46f1-a742-1226e3415947', '4b2a017e-f935-11f0-87db-c3c8a1ce2650', 'd3524676-fb58-11f0-87db-c3c8a1ce2650', 'a4081a7f-fd1b-421f-b38e-eace81ae1a9d', 500000.00, NULL, 'Terdaftar', '18A', 2, '2026-01-28 13:14:38', '2026-01-28 13:14:38', '2026-01-28 13:14:38'),
	('82d9c800-8cac-4ad7-9be3-fa0fcb108479', '4a40793e-f935-11f0-87db-c3c8a1ce2650', 'd35237ef-fb58-11f0-87db-c3c8a1ce2650', 'f1503db6-7ed0-4ef1-9ef8-6922f4969748', 250000.00, NULL, 'Terdaftar', '24A', 3, '2026-01-28 13:14:33', '2026-01-28 13:14:33', '2026-01-28 13:14:33'),
	('832a9566-0417-4219-a488-664426e64996', '4a40793e-f935-11f0-87db-c3c8a1ce2650', 'd3523b6a-fb58-11f0-87db-c3c8a1ce2650', 'f1503db6-7ed0-4ef1-9ef8-6922f4969748', 250000.00, NULL, 'Terdaftar', '21A', 2, '2026-01-28 13:14:36', '2026-01-28 13:14:36', '2026-01-28 13:14:36'),
	('837c52a1-7e92-4089-953e-215f50454028', '66288818-f934-11f0-87db-c3c8a1ce2650', 'd3524c0b-fb58-11f0-87db-c3c8a1ce2650', 'f41fe5ef-e2f8-4263-9d9a-ebcd3f34a9f3', 250000.00, NULL, 'Terdaftar', '01A', 4, '2026-01-28 13:14:52', '2026-01-28 13:14:52', '2026-01-28 13:14:52'),
	('839d452e-2274-46ba-819c-c2219e5993c9', '4a40793e-f935-11f0-87db-c3c8a1ce2650', 'd3525b69-fb58-11f0-87db-c3c8a1ce2650', 'f2c3062f-2f00-49ba-b2ad-d40a5d10d3fd', 250000.00, NULL, 'Terdaftar', '48A', 3, '2026-01-28 13:14:36', '2026-01-28 13:14:36', '2026-01-28 13:14:36'),
	('83be352d-07c5-454c-afad-c5ebbcec5b51', '64015ab4-f934-11f0-87db-c3c8a1ce2650', '9c8308c4-9c51-40d4-9d11-b5d40f70b718', '2e171e2c-a7bb-4dbc-9c30-0c8c06b0ecbb', 400000.00, NULL, 'Terdaftar', '15A', 1, '2026-01-28 13:14:43', '2026-01-28 13:14:43', '2026-01-28 13:14:43'),
	('84237df4-e4f0-46dd-b1a6-7928b79ca69c', '4a40793e-f935-11f0-87db-c3c8a1ce2650', '8b67ab87-fb59-11f0-87db-c3c8a1ce2650', 'c48233a7-a454-4429-bb19-5e14f160dfd5', 250000.00, NULL, 'Menunggu Acc', '04A', 2, '2026-01-28 13:14:36', '2026-01-28 13:14:36', '2026-01-28 13:14:36'),
	('853af065-a24e-428a-8ca6-d1b415a3deb5', '4a40793e-f935-11f0-87db-c3c8a1ce2650', 'd3526f94-fb58-11f0-87db-c3c8a1ce2650', '657f70bd-8739-45fa-ac68-afcedbe6f46a', 250000.00, NULL, 'Menunggu Acc', '14A', 3, '2026-01-28 13:14:36', '2026-01-28 13:14:36', '2026-01-28 13:14:36'),
	('8699c838-fbc1-4f2c-bfe0-080809ec50da', '4b2a017e-f935-11f0-87db-c3c8a1ce2650', '8b67a23f-fb59-11f0-87db-c3c8a1ce2650', 'bc2a345b-5c4d-435e-92e2-b65285623460', 500000.00, NULL, 'Menunggu Acc', '59A', 4, '2026-01-28 13:14:38', '2026-01-28 13:14:38', '2026-01-28 13:14:38'),
	('869ba590-8fe6-4cff-971a-9f2e72123b9a', '66288818-f934-11f0-87db-c3c8a1ce2650', 'd3524867-fb58-11f0-87db-c3c8a1ce2650', '7e4fb752-5aed-41b8-9964-accb6a5a12f1', 250000.00, NULL, 'Menunggu Acc', '44A', 1, '2026-01-28 13:14:53', '2026-01-28 13:14:53', '2026-01-28 13:14:53'),
	('86b93f82-2ede-4f4f-b594-d374b817d182', '656dbbc6-f934-11f0-87db-c3c8a1ce2650', '1f5f9437-f85f-11f0-87db-c3c8a1ce2650', 'fd32bec8-f0d5-4200-85d5-06e9b1701076', 350000.00, NULL, 'Menunggu Acc', '15A', 3, '2026-01-28 13:14:49', '2026-01-28 13:14:49', '2026-01-28 13:14:49'),
	('86cf0071-729a-4ead-a35f-6d97b45ef7d9', '4a40793e-f935-11f0-87db-c3c8a1ce2650', 'd352538d-fb58-11f0-87db-c3c8a1ce2650', 'c48233a7-a454-4429-bb19-5e14f160dfd5', 250000.00, NULL, 'Terdaftar', '01A', 3, '2026-01-28 13:14:36', '2026-01-28 13:14:36', '2026-01-28 13:14:36'),
	('86d73f18-2e91-4b09-bf22-4110e076071b', '64c08cf0-f934-11f0-87db-c3c8a1ce2650', '1f5f90ab-f85f-11f0-87db-c3c8a1ce2650', '4d4c5cfc-77e1-4e2a-97f4-c6b205356eea', 200000.00, NULL, 'Terdaftar', '15A', 1, '2026-01-28 13:14:47', '2026-01-28 13:14:47', '2026-01-28 13:14:47'),
	('86f5495c-c320-4c9e-a4db-5d0420de930d', '64015ab4-f934-11f0-87db-c3c8a1ce2650', 'd3524676-fb58-11f0-87db-c3c8a1ce2650', '11c2de9b-e8f0-4ee0-a724-79ae3aede1ee', 400000.00, NULL, 'Terdaftar', '27A', 1, '2026-01-28 13:14:43', '2026-01-28 13:14:43', '2026-01-28 13:14:43'),
	('873320d1-fc73-4ced-8b2f-434bdd3f60a7', '66288818-f934-11f0-87db-c3c8a1ce2650', '2c206cce-fd6f-452d-943f-cc3d43542e6d', 'f41fe5ef-e2f8-4263-9d9a-ebcd3f34a9f3', 250000.00, NULL, 'Menunggu Acc', '35A', 3, '2026-01-28 13:14:53', '2026-01-28 13:14:53', '2026-01-28 13:14:53'),
	('8810d5f0-f8a2-4992-85c9-9d757388f000', '66288818-f934-11f0-87db-c3c8a1ce2650', '1f5f98d1-f85f-11f0-87db-c3c8a1ce2650', '337b6138-7d49-4117-bc50-e5faa0941d0c', 250000.00, NULL, 'Terdaftar', '51A', 4, '2026-01-28 13:14:54', '2026-01-28 13:14:54', '2026-01-28 13:14:54'),
	('88ce362b-aa08-4cce-8876-63310b3c9d96', '670f9d9a-f934-11f0-87db-c3c8a1ce2650', 'd352452f-fb58-11f0-87db-c3c8a1ce2650', '3c54e53b-fc07-11f0-87db-c3c8a1ce2650', 500000.00, NULL, 'Menunggu Acc', '05A', 1, '2026-01-28 13:12:49', '2026-01-28 13:12:49', '2026-01-28 13:12:49'),
	('8ba33741-d011-49a8-950c-c285816da909', '4a40793e-f935-11f0-87db-c3c8a1ce2650', 'bd685b28-f821-11f0-87db-c3c8a1ce2650', '657f70bd-8739-45fa-ac68-afcedbe6f46a', 250000.00, NULL, 'Terdaftar', '31A', 4, '2026-01-28 13:14:34', '2026-01-28 13:14:34', '2026-01-28 13:14:34'),
	('8bff6eaa-4730-487c-9884-13dcd7e4794a', '670f9d9a-f934-11f0-87db-c3c8a1ce2650', 'd35247bf-fb58-11f0-87db-c3c8a1ce2650', '3c54e53b-fc07-11f0-87db-c3c8a1ce2650', 500000.00, NULL, 'Terdaftar', '16A', 3, '2026-01-28 13:12:48', '2026-01-28 13:12:48', '2026-01-28 13:12:48'),
	('8c3f4211-a2ae-4b35-a7a7-648e393a38d4', '64c08cf0-f934-11f0-87db-c3c8a1ce2650', 'd3525d4c-fb58-11f0-87db-c3c8a1ce2650', 'f5f7e00d-7dae-4fcc-a9b5-d18cbc584596', 200000.00, NULL, 'Terdaftar', '04A', 4, '2026-01-28 13:14:47', '2026-01-28 13:14:47', '2026-01-28 13:14:47'),
	('8c52130a-69af-444b-823a-456f804fb123', '63457f65-f934-11f0-87db-c3c8a1ce2650', 'd35231a9-fb58-11f0-87db-c3c8a1ce2650', 'e5415c4d-a407-42e6-9aae-9e309f932bcb', 300000.00, NULL, 'Terdaftar', '42A', 2, '2026-01-28 13:14:41', '2026-01-28 13:14:41', '2026-01-28 13:14:41'),
	('8c75cf8e-f8b6-478c-9f4d-cc26ed67f0f1', '64015ab4-f934-11f0-87db-c3c8a1ce2650', '4dcd7bbb-3745-4ade-b49f-ec6a3b06e54d', 'a8c35041-419c-4327-9a95-92b10df46e5a', 400000.00, NULL, 'Menunggu Acc', '05A', 4, '2026-01-28 13:14:44', '2026-01-28 13:14:44', '2026-01-28 13:14:44'),
	('8d06ef63-0648-4ec1-b73b-d2918d527856', '4b2a017e-f935-11f0-87db-c3c8a1ce2650', 'd3525e8e-fb58-11f0-87db-c3c8a1ce2650', 'fb6b2ba3-1de7-4efe-a35f-ddb71eadff4d', 500000.00, NULL, 'Terdaftar', '48A', 1, '2026-01-28 13:14:39', '2026-01-28 13:14:39', '2026-01-28 13:14:39'),
	('8e875df2-3b50-464b-bdb4-ed65cebcc99a', '64015ab4-f934-11f0-87db-c3c8a1ce2650', '1f5f9437-f85f-11f0-87db-c3c8a1ce2650', '210c4035-79fc-4439-80cc-719fc30d2835', 400000.00, NULL, 'Terdaftar', '58A', 1, '2026-01-28 13:14:44', '2026-01-28 13:14:44', '2026-01-28 13:14:44'),
	('8fda5c52-8b6c-4e0d-b4ec-621d72563b24', '4a40793e-f935-11f0-87db-c3c8a1ce2650', 'f61e71c5-0cce-437d-b887-aee03554d5e8', 'c48233a7-a454-4429-bb19-5e14f160dfd5', 250000.00, NULL, 'Terdaftar', '11A', 3, '2026-01-28 13:14:36', '2026-01-28 13:14:36', '2026-01-28 13:14:36'),
	('8fdc94fa-6273-48e7-b25a-a9b477443a07', '656dbbc6-f934-11f0-87db-c3c8a1ce2650', '1f5f8de7-f85f-11f0-87db-c3c8a1ce2650', '15390a96-caad-4690-8aef-406df36f73b7', 350000.00, NULL, 'Menunggu Acc', '45A', 2, '2026-01-28 13:14:48', '2026-01-28 13:14:48', '2026-01-28 13:14:48'),
	('8fe7eaf7-2a6a-43be-9c85-90d868e96e7f', '4a40793e-f935-11f0-87db-c3c8a1ce2650', 'bd6871db-f821-11f0-87db-c3c8a1ce2650', 'f1503db6-7ed0-4ef1-9ef8-6922f4969748', 250000.00, NULL, 'Terdaftar', '52A', 2, '2026-01-28 13:14:33', '2026-01-28 13:14:33', '2026-01-28 13:14:33'),
	('9067a3cd-0602-4f88-8ae3-b70f28c6a257', '4b2a017e-f935-11f0-87db-c3c8a1ce2650', 'd3525005-fb58-11f0-87db-c3c8a1ce2650', 'a4391464-6da5-4a57-9a92-90465f76bd30', 500000.00, NULL, 'Terdaftar', '50A', 2, '2026-01-28 13:14:39', '2026-01-28 13:14:39', '2026-01-28 13:14:39'),
	('908435cd-e7aa-45c3-a0d3-a6800aaa232a', '656dbbc6-f934-11f0-87db-c3c8a1ce2650', '8b67a3ef-fb59-11f0-87db-c3c8a1ce2650', '4a0f0f10-0359-4ec7-8f2f-de172c12a898', 350000.00, NULL, 'Terdaftar', '03A', 3, '2026-01-28 13:14:49', '2026-01-28 13:14:49', '2026-01-28 13:14:49'),
	('908fa917-e2d6-46c0-9101-a98be36e591a', '670f9d9a-f934-11f0-87db-c3c8a1ce2650', 'd3525acf-fb58-11f0-87db-c3c8a1ce2650', '3c54e138-fc07-11f0-87db-c3c8a1ce2650', 500000.00, NULL, 'Terdaftar', '05A', 3, '2026-01-28 13:12:47', '2026-01-28 13:12:47', '2026-01-28 13:12:47'),
	('913af681-c1a6-4961-aa95-a328059c5173', '656dbbc6-f934-11f0-87db-c3c8a1ce2650', 'd3524ca5-fb58-11f0-87db-c3c8a1ce2650', '4a0f0f10-0359-4ec7-8f2f-de172c12a898', 350000.00, NULL, 'Terdaftar', '24A', 4, '2026-01-28 13:14:49', '2026-01-28 13:14:49', '2026-01-28 13:14:49'),
	('92b8b5ee-02f3-4b0e-90ca-85065c9b50cb', '63457f65-f934-11f0-87db-c3c8a1ce2650', '8b67a5b1-fb59-11f0-87db-c3c8a1ce2650', '1a15fcaf-4459-40f7-b92d-4f8349d67afc', 300000.00, NULL, 'Terdaftar', '59A', 3, '2026-01-28 13:14:40', '2026-01-28 13:14:40', '2026-01-28 13:14:40'),
	('937be9f5-a375-42c3-a546-514229f7a3b2', '63457f65-f934-11f0-87db-c3c8a1ce2650', 'd3525acf-fb58-11f0-87db-c3c8a1ce2650', 'af55bb98-1edd-46b3-b0d8-87958444fd36', 300000.00, NULL, 'Menunggu Acc', '44A', 2, '2026-01-28 13:14:40', '2026-01-28 13:14:40', '2026-01-28 13:14:40'),
	('93b66d7d-c683-4069-9faf-1b72ffb9b5dd', '4b2a017e-f935-11f0-87db-c3c8a1ce2650', '1f5f9218-f85f-11f0-87db-c3c8a1ce2650', 'bc2a345b-5c4d-435e-92e2-b65285623460', 500000.00, NULL, 'Terdaftar', '52A', 1, '2026-01-28 13:14:37', '2026-01-28 13:14:37', '2026-01-28 13:14:37'),
	('93c8dd4b-8d58-412b-ae40-ad91ea895b37', '63457f65-f934-11f0-87db-c3c8a1ce2650', 'd3523ac1-fb58-11f0-87db-c3c8a1ce2650', 'af55bb98-1edd-46b3-b0d8-87958444fd36', 300000.00, NULL, 'Terdaftar', '36A', 3, '2026-01-28 13:14:41', '2026-01-28 13:14:41', '2026-01-28 13:14:41'),
	('93ef4236-b644-4226-8048-57a18da2669a', '4b2a017e-f935-11f0-87db-c3c8a1ce2650', '1f5f92d2-f85f-11f0-87db-c3c8a1ce2650', 'bc2a345b-5c4d-435e-92e2-b65285623460', 500000.00, NULL, 'Terdaftar', '28A', 3, '2026-01-28 13:14:37', '2026-01-28 13:14:37', '2026-01-28 13:14:37'),
	('94bbe838-0599-435b-9e2f-f8280e31aba8', '64c08cf0-f934-11f0-87db-c3c8a1ce2650', 'd3525693-fb58-11f0-87db-c3c8a1ce2650', '4d4c5cfc-77e1-4e2a-97f4-c6b205356eea', 200000.00, NULL, 'Terdaftar', '10A', 1, '2026-01-28 13:14:48', '2026-01-28 13:14:48', '2026-01-28 13:14:48'),
	('954f2030-2e4f-4aea-bbd8-d7b9d812bfd9', '670f9d9a-f934-11f0-87db-c3c8a1ce2650', '8b679d97-fb59-11f0-87db-c3c8a1ce2650', '3c54e4c1-fc07-11f0-87db-c3c8a1ce2650', 500000.00, NULL, 'Terdaftar', '30A', 2, '2026-01-28 13:12:47', '2026-01-28 13:12:47', '2026-01-28 13:12:47'),
	('959dd7c6-02dd-4aee-b658-b9597cc29d76', '670f9d9a-f934-11f0-87db-c3c8a1ce2650', '1f5f9380-f85f-11f0-87db-c3c8a1ce2650', '3c54e5e9-fc07-11f0-87db-c3c8a1ce2650', 500000.00, NULL, 'Terdaftar', '23A', 3, '2026-01-28 13:12:44', '2026-01-28 13:12:44', '2026-01-28 13:12:44'),
	('959f883c-4105-4797-a29c-03f8036f7ade', 'f9272ae0-f76f-11f0-87db-c3c8a1ce2650', 'd3525903-fb58-11f0-87db-c3c8a1ce2650', '0748ddc4-f832-11f0-87db-c3c8a1ce2650', 150000.00, NULL, 'Terdaftar', '13A', 1, '2026-01-28 13:12:52', '2026-01-28 13:12:52', '2026-01-28 13:12:52'),
	('95c6acd7-abbf-456a-b404-366bb8a72efb', '4b2a017e-f935-11f0-87db-c3c8a1ce2650', 'bd686221-f821-11f0-87db-c3c8a1ce2650', 'fb6b2ba3-1de7-4efe-a35f-ddb71eadff4d', 500000.00, NULL, 'Menunggu Acc', '12A', 1, '2026-01-28 13:14:39', '2026-01-28 13:14:39', '2026-01-28 13:14:39'),
	('969fddf5-3b03-4d50-86bb-8bd4a7ee3e3c', '656dbbc6-f934-11f0-87db-c3c8a1ce2650', '8b67a784-fb59-11f0-87db-c3c8a1ce2650', '15390a96-caad-4690-8aef-406df36f73b7', 350000.00, NULL, 'Menunggu Acc', '55A', 4, '2026-01-28 13:14:51', '2026-01-28 13:14:51', '2026-01-28 13:14:51'),
	('9792ccbb-d092-4f1d-8600-584719e2c948', '4b2a017e-f935-11f0-87db-c3c8a1ce2650', 'd35232ea-fb58-11f0-87db-c3c8a1ce2650', '9feb369c-ae51-4032-94b8-51d1bdbb6470', 500000.00, NULL, 'Terdaftar', '28A', 2, '2026-01-28 13:14:38', '2026-01-28 13:14:38', '2026-01-28 13:14:38'),
	('97f44f1a-ce9c-4a17-93e8-c6562300359b', 'f9272ae0-f76f-11f0-87db-c3c8a1ce2650', '2c206cce-fd6f-452d-943f-cc3d43542e6d', '0748ddc4-f832-11f0-87db-c3c8a1ce2650', 0.00, NULL, 'Menunggu Acc', NULL, NULL, '2026-01-23 14:02:02', '2026-01-23 14:02:02', '2026-01-23 14:02:02'),
	('9984175e-d14c-430a-ab7c-bb316c546643', '670f9d9a-f934-11f0-87db-c3c8a1ce2650', '8b67a784-fb59-11f0-87db-c3c8a1ce2650', '3c54e4c1-fc07-11f0-87db-c3c8a1ce2650', 500000.00, NULL, 'Terdaftar', '10A', 2, '2026-01-28 13:12:46', '2026-01-28 13:12:46', '2026-01-28 13:12:46'),
	('9ac6b927-1df6-4d0b-9732-c09fc22ad289', '4a40793e-f935-11f0-87db-c3c8a1ce2650', 'd35249a4-fb58-11f0-87db-c3c8a1ce2650', '657f70bd-8739-45fa-ac68-afcedbe6f46a', 250000.00, NULL, 'Terdaftar', '16A', 2, '2026-01-28 13:14:36', '2026-01-28 13:14:36', '2026-01-28 13:14:36'),
	('9b1ac201-6df0-4be7-92be-61accd44ce08', '66288818-f934-11f0-87db-c3c8a1ce2650', '1f5f8cfe-f85f-11f0-87db-c3c8a1ce2650', '6735daff-cdb9-4dde-87a1-16db35252be9', 250000.00, NULL, 'Menunggu Acc', '29A', 4, '2026-01-28 13:14:54', '2026-01-28 13:14:54', '2026-01-28 13:14:54'),
	('9b463a93-b7a6-4b3d-a00b-818033d8f4c9', '66288818-f934-11f0-87db-c3c8a1ce2650', 'd3525a37-fb58-11f0-87db-c3c8a1ce2650', '6735daff-cdb9-4dde-87a1-16db35252be9', 250000.00, NULL, 'Terdaftar', '26A', 1, '2026-01-28 13:14:53', '2026-01-28 13:14:53', '2026-01-28 13:14:53'),
	('9b5da7df-d987-49b8-99e5-9ab34346120c', '64015ab4-f934-11f0-87db-c3c8a1ce2650', 'd3525cae-fb58-11f0-87db-c3c8a1ce2650', '2e171e2c-a7bb-4dbc-9c30-0c8c06b0ecbb', 400000.00, NULL, 'Terdaftar', '21A', 1, '2026-01-28 13:14:44', '2026-01-28 13:14:44', '2026-01-28 13:14:44'),
	('9b655ce4-a70d-40df-a6b3-6efb3329df07', '64c08cf0-f934-11f0-87db-c3c8a1ce2650', '1f5f9218-f85f-11f0-87db-c3c8a1ce2650', '4d4c5cfc-77e1-4e2a-97f4-c6b205356eea', 200000.00, NULL, 'Menunggu Acc', '21A', 3, '2026-01-28 13:14:47', '2026-01-28 13:14:47', '2026-01-28 13:14:47'),
	('9c327965-3eeb-4c45-849b-c279bef4e417', '64c08cf0-f934-11f0-87db-c3c8a1ce2650', 'bd6873b8-f821-11f0-87db-c3c8a1ce2650', '19141411-b792-4ae5-b07b-6a828ae26438', 200000.00, NULL, 'Terdaftar', '47A', 1, '2026-01-28 13:14:46', '2026-01-28 13:14:46', '2026-01-28 13:14:46'),
	('9c3e830d-8ef8-4d40-85bf-4e5fffb0789e', '64c08cf0-f934-11f0-87db-c3c8a1ce2650', 'd35266b6-fb58-11f0-87db-c3c8a1ce2650', '19141411-b792-4ae5-b07b-6a828ae26438', 200000.00, NULL, 'Terdaftar', '52A', 3, '2026-01-28 13:14:47', '2026-01-28 13:14:47', '2026-01-28 13:14:47'),
	('9c796664-43ed-4f65-abc0-f0360c964609', '66288818-f934-11f0-87db-c3c8a1ce2650', 'd3522cc6-fb58-11f0-87db-c3c8a1ce2650', 'f41fe5ef-e2f8-4263-9d9a-ebcd3f34a9f3', 250000.00, NULL, 'Terdaftar', '58A', 1, '2026-01-28 13:14:53', '2026-01-28 13:14:53', '2026-01-28 13:14:53'),
	('9dbb45a8-9125-48cc-a630-6e175f9f53fd', '64015ab4-f934-11f0-87db-c3c8a1ce2650', 'd352448a-fb58-11f0-87db-c3c8a1ce2650', 'a8c35041-419c-4327-9a95-92b10df46e5a', 400000.00, NULL, 'Terdaftar', '38A', 1, '2026-01-28 13:14:43', '2026-01-28 13:14:43', '2026-01-28 13:14:43'),
	('9ea08097-87c1-40aa-a0b6-c89d006d8d3b', '656dbbc6-f934-11f0-87db-c3c8a1ce2650', 'd3526d1e-fb58-11f0-87db-c3c8a1ce2650', 'c057501e-67d3-4463-8b77-939a25c4e5ba', 350000.00, NULL, 'Menunggu Acc', '10A', 3, '2026-01-28 13:14:48', '2026-01-28 13:14:48', '2026-01-28 13:14:48'),
	('9ec0fca1-c50f-434b-9500-526c90a32777', '66288818-f934-11f0-87db-c3c8a1ce2650', 'd352622d-fb58-11f0-87db-c3c8a1ce2650', 'f41fe5ef-e2f8-4263-9d9a-ebcd3f34a9f3', 250000.00, NULL, 'Menunggu Acc', '05A', 2, '2026-01-28 13:14:54', '2026-01-28 13:14:54', '2026-01-28 13:14:54'),
	('9ee16ae1-8848-4b45-a625-495e6ce0b100', '64c08cf0-f934-11f0-87db-c3c8a1ce2650', 'd352374e-fb58-11f0-87db-c3c8a1ce2650', 'f5f7e00d-7dae-4fcc-a9b5-d18cbc584596', 200000.00, NULL, 'Terdaftar', '24A', 1, '2026-01-28 13:14:46', '2026-01-28 13:14:46', '2026-01-28 13:14:46'),
	('9f270959-532a-44b4-b7ab-475adac6db22', 'f9272ae0-f76f-11f0-87db-c3c8a1ce2650', 'd3526804-fb58-11f0-87db-c3c8a1ce2650', '3d7d8244-ae6d-46fa-bc65-8946e73277c7', 150000.00, NULL, 'Terdaftar', '28A', 1, '2026-01-28 13:12:49', '2026-01-28 13:12:49', '2026-01-28 13:12:49'),
	('a010f228-f2f4-46ad-89a2-60be0dd7e897', '4b2a017e-f935-11f0-87db-c3c8a1ce2650', 'd35262d3-fb58-11f0-87db-c3c8a1ce2650', 'ac0f70fc-f8fe-4687-bc26-d509206c3d01', 500000.00, NULL, 'Terdaftar', '28A', 1, '2026-01-28 13:14:37', '2026-01-28 13:14:37', '2026-01-28 13:14:37'),
	('a0923e6b-3a54-4877-954d-c6cb2c0ed6d9', '656dbbc6-f934-11f0-87db-c3c8a1ce2650', '1f5f9380-f85f-11f0-87db-c3c8a1ce2650', '15390a96-caad-4690-8aef-406df36f73b7', 350000.00, NULL, 'Terdaftar', '30A', 1, '2026-01-28 13:14:50', '2026-01-28 13:14:50', '2026-01-28 13:14:50'),
	('a0e6de96-ab1d-4c50-a56b-7d3848e1c649', '64c08cf0-f934-11f0-87db-c3c8a1ce2650', 'd3523f5a-fb58-11f0-87db-c3c8a1ce2650', '4d4c5cfc-77e1-4e2a-97f4-c6b205356eea', 200000.00, NULL, 'Terdaftar', '44A', 4, '2026-01-28 13:14:46', '2026-01-28 13:14:46', '2026-01-28 13:14:46'),
	('a1951647-4b24-44a5-83f2-029e76c03d7b', '4b2a017e-f935-11f0-87db-c3c8a1ce2650', 'd3526f94-fb58-11f0-87db-c3c8a1ce2650', 'fb6b2ba3-1de7-4efe-a35f-ddb71eadff4d', 500000.00, NULL, 'Terdaftar', '43A', 3, '2026-01-28 13:14:38', '2026-01-28 13:14:38', '2026-01-28 13:14:38'),
	('a259eba7-2ab6-4902-8b1c-1e36f2bc1d76', '4b2a017e-f935-11f0-87db-c3c8a1ce2650', 'd3523eb5-fb58-11f0-87db-c3c8a1ce2650', 'bc2a345b-5c4d-435e-92e2-b65285623460', 500000.00, NULL, 'Terdaftar', '48A', 2, '2026-01-28 13:14:37', '2026-01-28 13:14:37', '2026-01-28 13:14:37'),
	('a2e9e078-4e87-445a-901f-44390a3af61f', 'f9272ae0-f76f-11f0-87db-c3c8a1ce2650', 'd3527031-fb58-11f0-87db-c3c8a1ce2650', '0748ddc4-f832-11f0-87db-c3c8a1ce2650', 150000.00, NULL, 'Terdaftar', '20A', 1, '2026-01-28 13:12:51', '2026-01-28 13:12:51', '2026-01-28 13:12:51'),
	('a3887bfc-2ef6-4828-b084-19a891ebe361', 'f9272ae0-f76f-11f0-87db-c3c8a1ce2650', '9c8308c4-9c51-40d4-9d11-b5d40f70b718', '0748dc7a-f832-11f0-87db-c3c8a1ce2650', 0.00, NULL, 'Menunggu Acc', NULL, NULL, '2026-01-23 13:49:44', '2026-01-23 13:49:44', '2026-01-23 13:49:44'),
	('a3991e27-b029-4a31-a541-40ed52ede5da', '64015ab4-f934-11f0-87db-c3c8a1ce2650', '8d22cac0-cee6-42db-888f-b634c8e921b5', 'b30be72c-98ad-4d99-8313-34a1aae9d5a8', 400000.00, NULL, 'Terdaftar', '46A', 2, '2026-01-28 13:14:43', '2026-01-28 13:14:43', '2026-01-28 13:14:43'),
	('a49e63d9-0420-48ce-8530-05ee4336dc01', '63457f65-f934-11f0-87db-c3c8a1ce2650', 'bd878d34-de5b-461f-949b-0498924c9ccc', 'e5415c4d-a407-42e6-9aae-9e309f932bcb', 300000.00, NULL, 'Terdaftar', '05A', 2, '2026-01-28 13:14:41', '2026-01-28 13:14:41', '2026-01-28 13:14:41'),
	('a5013e99-ee52-475c-8849-8db41a4b2f1f', 'f9272ae0-f76f-11f0-87db-c3c8a1ce2650', 'd3526189-fb58-11f0-87db-c3c8a1ce2650', '0748da0d-f832-11f0-87db-c3c8a1ce2650', 150000.00, NULL, 'Terdaftar', '07A', 3, '2026-01-28 13:12:52', '2026-01-28 13:12:52', '2026-01-28 13:12:52'),
	('a50f8bcd-51a0-47ce-8066-6773bc1b6c07', 'f9272ae0-f76f-11f0-87db-c3c8a1ce2650', 'd3526566-fb58-11f0-87db-c3c8a1ce2650', '0748ddc4-f832-11f0-87db-c3c8a1ce2650', 150000.00, NULL, 'Terdaftar', '10A', 1, '2026-01-28 13:12:49', '2026-01-28 13:12:49', '2026-01-28 13:12:49'),
	('a523e548-3ca9-45e5-a30d-0701f759b6b9', '63457f65-f934-11f0-87db-c3c8a1ce2650', '7b1abd24-0747-4d03-a315-fcaea4f05dd8', '1a15fcaf-4459-40f7-b92d-4f8349d67afc', 300000.00, NULL, 'Menunggu Acc', '18A', 2, '2026-01-28 13:14:41', '2026-01-28 13:14:41', '2026-01-28 13:14:41'),
	('a5589c87-7637-4fc2-955c-daae84a084ab', '4a40793e-f935-11f0-87db-c3c8a1ce2650', 'd35260d5-fb58-11f0-87db-c3c8a1ce2650', '1b71dab9-518a-4ac5-9cd5-d1fc9d65a02c', 250000.00, NULL, 'Terdaftar', '44A', 3, '2026-01-28 13:14:34', '2026-01-28 13:14:34', '2026-01-28 13:14:34'),
	('a5c03195-6fea-4ec7-be9f-f56678126115', '4a40793e-f935-11f0-87db-c3c8a1ce2650', '1f5f9437-f85f-11f0-87db-c3c8a1ce2650', 'f1503db6-7ed0-4ef1-9ef8-6922f4969748', 250000.00, NULL, 'Terdaftar', '50A', 1, '2026-01-28 13:14:36', '2026-01-28 13:14:36', '2026-01-28 13:14:36'),
	('a616348d-bea3-4eb2-ac8d-41240fd4dc7c', '656dbbc6-f934-11f0-87db-c3c8a1ce2650', '0da70d11-8fb7-4bf4-8ae4-97caadfb6ed2', '39042441-4a7c-4934-b33c-91b8ebf931ba', 350000.00, NULL, 'Terdaftar', '26A', 1, '2026-01-28 13:14:49', '2026-01-28 13:14:49', '2026-01-28 13:14:49'),
	('a65f4656-7b8e-4e22-8fcc-a06e526a4969', 'f9272ae0-f76f-11f0-87db-c3c8a1ce2650', 'd3526377-fb58-11f0-87db-c3c8a1ce2650', '0748da0d-f832-11f0-87db-c3c8a1ce2650', 150000.00, NULL, 'Terdaftar', '16A', 1, '2026-01-28 13:12:51', '2026-01-28 13:12:51', '2026-01-28 13:12:51'),
	('a7423ca8-a23c-43ad-b8b8-57283aa05be7', '4a40793e-f935-11f0-87db-c3c8a1ce2650', 'd3525acf-fb58-11f0-87db-c3c8a1ce2650', 'f2c3062f-2f00-49ba-b2ad-d40a5d10d3fd', 250000.00, NULL, 'Terdaftar', '47A', 3, '2026-01-28 13:14:35', '2026-01-28 13:14:35', '2026-01-28 13:14:35'),
	('a7fa5e0d-56d2-4124-8e5e-2199fb902f54', '66288818-f934-11f0-87db-c3c8a1ce2650', 'd352599b-fb58-11f0-87db-c3c8a1ce2650', '337b6138-7d49-4117-bc50-e5faa0941d0c', 250000.00, NULL, 'Terdaftar', '52A', 4, '2026-01-28 13:14:53', '2026-01-28 13:14:53', '2026-01-28 13:14:53'),
	('a9859dc0-9c5c-4dd5-bdc8-36b742749cc5', '63457f65-f934-11f0-87db-c3c8a1ce2650', 'd3523f5a-fb58-11f0-87db-c3c8a1ce2650', 'af55bb98-1edd-46b3-b0d8-87958444fd36', 300000.00, NULL, 'Menunggu Acc', '01A', 3, '2026-01-28 13:14:41', '2026-01-28 13:14:41', '2026-01-28 13:14:41'),
	('a9a208f7-3ec9-464b-b9be-abd6860da671', '64c08cf0-f934-11f0-87db-c3c8a1ce2650', 'd3524b72-fb58-11f0-87db-c3c8a1ce2650', '35218812-9600-406e-b3b2-8ee7ac74270c', 200000.00, NULL, 'Terdaftar', '01A', 2, '2026-01-28 13:14:45', '2026-01-28 13:14:45', '2026-01-28 13:14:45'),
	('ab99195e-dd68-482b-834b-147f18df2486', 'f9272ae0-f76f-11f0-87db-c3c8a1ce2650', 'a007bd15-2fe4-455b-a3dc-1b89d9e7e1fd', '0748ddc4-f832-11f0-87db-c3c8a1ce2650', 0.00, NULL, 'Menunggu Acc', NULL, NULL, '2026-01-23 13:49:34', '2026-01-23 13:49:34', '2026-01-23 13:49:34'),
	('ab9dba47-e39c-4c1e-a83a-3ef7bc10c7e9', '4a40793e-f935-11f0-87db-c3c8a1ce2650', 'bd68745a-f821-11f0-87db-c3c8a1ce2650', 'c48233a7-a454-4429-bb19-5e14f160dfd5', 250000.00, NULL, 'Terdaftar', '58A', 1, '2026-01-28 13:14:36', '2026-01-28 13:14:36', '2026-01-28 13:14:36'),
	('abcabd82-60f4-4cd6-957d-8cc443e7eee7', 'f9272ae0-f76f-11f0-87db-c3c8a1ce2650', 'd352586a-fb58-11f0-87db-c3c8a1ce2650', '3d7d8244-ae6d-46fa-bc65-8946e73277c7', 150000.00, NULL, 'Menunggu Acc', '11A', 3, '2026-01-28 13:12:51', '2026-01-28 13:12:51', '2026-01-28 13:12:51'),
	('ac092cd9-f3a2-4358-a57f-4674a64b20ab', '656dbbc6-f934-11f0-87db-c3c8a1ce2650', 'd3526dbc-fb58-11f0-87db-c3c8a1ce2650', 'c057501e-67d3-4463-8b77-939a25c4e5ba', 350000.00, NULL, 'Terdaftar', '21A', 1, '2026-01-28 13:14:49', '2026-01-28 13:14:49', '2026-01-28 13:14:49'),
	('ad719485-886e-4f2d-9857-75be48700a87', '4a40793e-f935-11f0-87db-c3c8a1ce2650', 'd35232ea-fb58-11f0-87db-c3c8a1ce2650', 'f2c3062f-2f00-49ba-b2ad-d40a5d10d3fd', 250000.00, NULL, 'Terdaftar', '36A', 1, '2026-01-28 13:14:34', '2026-01-28 13:14:34', '2026-01-28 13:14:34'),
	('ade55f9c-5bb3-478b-a682-a509c71e71c2', '64c08cf0-f934-11f0-87db-c3c8a1ce2650', 'bd6872ff-f821-11f0-87db-c3c8a1ce2650', '19141411-b792-4ae5-b07b-6a828ae26438', 200000.00, NULL, 'Terdaftar', '27A', 2, '2026-01-28 13:14:48', '2026-01-28 13:14:48', '2026-01-28 13:14:48'),
	('ae0d6576-7700-4e14-85ad-68e55ec6facf', '670f9d9a-f934-11f0-87db-c3c8a1ce2650', 'd3523cbe-fb58-11f0-87db-c3c8a1ce2650', '3c54e138-fc07-11f0-87db-c3c8a1ce2650', 500000.00, NULL, 'Terdaftar', '27A', 2, '2026-01-28 13:12:48', '2026-01-28 13:12:48', '2026-01-28 13:12:48'),
	('ae40cfb7-614f-45e2-a2fd-6a692829d0bf', '64c08cf0-f934-11f0-87db-c3c8a1ce2650', 'd3524ca5-fb58-11f0-87db-c3c8a1ce2650', '3d0f85ec-8ffb-4f5d-a339-efc8bba07377', 200000.00, NULL, 'Terdaftar', '14A', 1, '2026-01-28 13:14:47', '2026-01-28 13:14:47', '2026-01-28 13:14:47'),
	('afa5b723-4ac3-4f29-8de8-c9916b266084', '656dbbc6-f934-11f0-87db-c3c8a1ce2650', '1f5f92d2-f85f-11f0-87db-c3c8a1ce2650', '39042441-4a7c-4934-b33c-91b8ebf931ba', 350000.00, NULL, 'Terdaftar', '03A', 3, '2026-01-28 13:14:50', '2026-01-28 13:14:50', '2026-01-28 13:14:50'),
	('afb8ce6b-4986-4a74-80ea-fedc3ebfdd74', 'f9272ae0-f76f-11f0-87db-c3c8a1ce2650', '8b67a3ef-fb59-11f0-87db-c3c8a1ce2650', '0748dc7a-f832-11f0-87db-c3c8a1ce2650', 150000.00, NULL, 'Terdaftar', '17A', 3, '2026-01-28 13:12:50', '2026-01-28 13:12:50', '2026-01-28 13:12:50'),
	('afde8828-2fa0-4d2f-8594-bae1f87e88a6', '64c08cf0-f934-11f0-87db-c3c8a1ce2650', 'd352448a-fb58-11f0-87db-c3c8a1ce2650', '19141411-b792-4ae5-b07b-6a828ae26438', 200000.00, NULL, 'Terdaftar', '14A', 3, '2026-01-28 13:14:46', '2026-01-28 13:14:46', '2026-01-28 13:14:46'),
	('b058f6cb-4fd2-47b1-9bdc-81b6257a6612', 'f9272ae0-f76f-11f0-87db-c3c8a1ce2650', '6d60bf4f-d463-488d-9335-4d99a94695b6', '0748dc7a-f832-11f0-87db-c3c8a1ce2650', 0.00, NULL, 'Menunggu Acc', NULL, NULL, '2026-01-23 13:49:45', '2026-01-23 13:49:45', '2026-01-23 13:49:45'),
	('b1045657-04ba-48d0-a865-1a28c2983792', '4b2a017e-f935-11f0-87db-c3c8a1ce2650', 'bd685b28-f821-11f0-87db-c3c8a1ce2650', '9feb369c-ae51-4032-94b8-51d1bdbb6470', 500000.00, NULL, 'Menunggu Acc', '03A', 1, '2026-01-28 13:14:38', '2026-01-28 13:14:38', '2026-01-28 13:14:38'),
	('b2fc85b6-158e-44b9-97a5-06a99d04dec9', '4b2a017e-f935-11f0-87db-c3c8a1ce2650', '9c3d146a-1f6f-45d6-8dcc-441692b9c850', 'fb6b2ba3-1de7-4efe-a35f-ddb71eadff4d', 500000.00, NULL, 'Terdaftar', '05A', 3, '2026-01-28 13:14:38', '2026-01-28 13:14:38', '2026-01-28 13:14:38'),
	('b30ce689-e178-4041-b04a-d06ad4bb6521', '64c08cf0-f934-11f0-87db-c3c8a1ce2650', 'd3523577-fb58-11f0-87db-c3c8a1ce2650', '19141411-b792-4ae5-b07b-6a828ae26438', 200000.00, NULL, 'Terdaftar', '35A', 3, '2026-01-28 13:14:47', '2026-01-28 13:14:47', '2026-01-28 13:14:47'),
	('b36d5b51-403c-4ac5-8700-9e6ea41a13c1', '64c08cf0-f934-11f0-87db-c3c8a1ce2650', '1f5f92d2-f85f-11f0-87db-c3c8a1ce2650', '4d4c5cfc-77e1-4e2a-97f4-c6b205356eea', 200000.00, NULL, 'Terdaftar', '24A', 1, '2026-01-28 13:14:45', '2026-01-28 13:14:45', '2026-01-28 13:14:45'),
	('b3ec2ee3-01dc-4b23-974d-387949ff0e7a', '64015ab4-f934-11f0-87db-c3c8a1ce2650', 'd35234d7-fb58-11f0-87db-c3c8a1ce2650', '210c4035-79fc-4439-80cc-719fc30d2835', 400000.00, NULL, 'Terdaftar', '04A', 3, '2026-01-28 13:14:45', '2026-01-28 13:14:45', '2026-01-28 13:14:45'),
	('b4840656-b15f-4eea-b348-d306cfdd6a20', 'f9272ae0-f76f-11f0-87db-c3c8a1ce2650', 'd35237ef-fb58-11f0-87db-c3c8a1ce2650', '0748ddc4-f832-11f0-87db-c3c8a1ce2650', 150000.00, NULL, 'Terdaftar', '16A', 1, '2026-01-28 13:12:49', '2026-01-28 13:12:49', '2026-01-28 13:12:49'),
	('b5f03119-9165-4b5c-812c-4bdf3c4ea046', '670f9d9a-f934-11f0-87db-c3c8a1ce2650', '1f5f8f19-f85f-11f0-87db-c3c8a1ce2650', '3c54e5e9-fc07-11f0-87db-c3c8a1ce2650', 500000.00, NULL, 'Terdaftar', '12A', 2, '2026-01-28 13:12:47', '2026-01-28 13:12:47', '2026-01-28 13:12:47'),
	('b71018d1-ef21-4078-9afc-4cfe7abc8d6a', '4b2a017e-f935-11f0-87db-c3c8a1ce2650', 'd35231a9-fb58-11f0-87db-c3c8a1ce2650', 'ac0f70fc-f8fe-4687-bc26-d509206c3d01', 500000.00, NULL, 'Terdaftar', '22A', 4, '2026-01-28 13:14:37', '2026-01-28 13:14:37', '2026-01-28 13:14:37'),
	('b767e9f3-69c5-4438-99fe-a2fa99706ab4', '64c08cf0-f934-11f0-87db-c3c8a1ce2650', 'd35247bf-fb58-11f0-87db-c3c8a1ce2650', 'f5f7e00d-7dae-4fcc-a9b5-d18cbc584596', 200000.00, NULL, 'Menunggu Acc', '49A', 1, '2026-01-28 13:14:46', '2026-01-28 13:14:46', '2026-01-28 13:14:46'),
	('b9f13d77-6549-4122-9498-dbe2ed8433a0', 'f9272ae0-f76f-11f0-87db-c3c8a1ce2650', '7b1abd24-0747-4d03-a315-fcaea4f05dd8', '0748da0d-f832-11f0-87db-c3c8a1ce2650', 0.00, NULL, 'Menunggu Acc', NULL, NULL, '2026-01-23 13:49:42', '2026-01-23 13:49:42', '2026-01-23 13:49:42'),
	('ba3c5b63-b58a-4c0e-8196-06563e085417', '66288818-f934-11f0-87db-c3c8a1ce2650', 'd352510c-fb58-11f0-87db-c3c8a1ce2650', '7e4fb752-5aed-41b8-9964-accb6a5a12f1', 250000.00, NULL, 'Terdaftar', '39A', 4, '2026-01-28 13:14:53', '2026-01-28 13:14:53', '2026-01-28 13:14:53'),
	('bad19d5b-01bc-44b5-8b92-8cb718120379', '64c08cf0-f934-11f0-87db-c3c8a1ce2650', '1f5f9a17-f85f-11f0-87db-c3c8a1ce2650', 'f5f7e00d-7dae-4fcc-a9b5-d18cbc584596', 200000.00, NULL, 'Terdaftar', '07A', 1, '2026-01-28 13:14:47', '2026-01-28 13:14:47', '2026-01-28 13:14:47'),
	('bb441700-12ea-4284-8b17-26255d644642', '64015ab4-f934-11f0-87db-c3c8a1ce2650', 'd3526a99-fb58-11f0-87db-c3c8a1ce2650', '11c2de9b-e8f0-4ee0-a724-79ae3aede1ee', 400000.00, NULL, 'Terdaftar', '35A', 2, '2026-01-28 13:14:43', '2026-01-28 13:14:43', '2026-01-28 13:14:43'),
	('bc411adb-e79a-4369-939f-7aa4bb5ea728', 'f9272ae0-f76f-11f0-87db-c3c8a1ce2650', 'd3526ef6-fb58-11f0-87db-c3c8a1ce2650', '0748ddc4-f832-11f0-87db-c3c8a1ce2650', 150000.00, NULL, 'Terdaftar', '22A', 3, '2026-01-28 13:12:49', '2026-01-28 13:12:49', '2026-01-28 13:12:49'),
	('bc5dbb3f-adc7-4e2e-9d3b-22524c27c0eb', '656dbbc6-f934-11f0-87db-c3c8a1ce2650', 'd352510c-fb58-11f0-87db-c3c8a1ce2650', 'c057501e-67d3-4463-8b77-939a25c4e5ba', 350000.00, NULL, 'Terdaftar', '57A', 3, '2026-01-28 13:14:49', '2026-01-28 13:14:49', '2026-01-28 13:14:49'),
	('bd261c0e-02d9-4016-9826-3915189531ac', 'f9272ae0-f76f-11f0-87db-c3c8a1ce2650', '1f5f9781-f85f-11f0-87db-c3c8a1ce2650', '0748da0d-f832-11f0-87db-c3c8a1ce2650', 150000.00, NULL, 'Terdaftar', '11A', 1, '2026-01-28 13:12:51', '2026-01-28 13:12:51', '2026-01-28 13:12:51'),
	('bdc21155-d75f-46de-8151-dc522e38cb7f', 'f9272ae0-f76f-11f0-87db-c3c8a1ce2650', '84208c3a-c656-45cf-8aa9-d6490263bdfc', '0748ddc4-f832-11f0-87db-c3c8a1ce2650', 0.00, NULL, 'Menunggu Acc', NULL, NULL, '2026-01-23 14:02:02', '2026-01-23 14:02:02', '2026-01-23 14:02:02'),
	('be0b110c-a90c-4885-bf9a-ca292e267053', '63457f65-f934-11f0-87db-c3c8a1ce2650', 'd3525d4c-fb58-11f0-87db-c3c8a1ce2650', 'af55bb98-1edd-46b3-b0d8-87958444fd36', 300000.00, NULL, 'Terdaftar', '01A', 4, '2026-01-28 13:14:40', '2026-01-28 13:14:40', '2026-01-28 13:14:40'),
	('be692c2e-9dab-42c6-98ae-7ff9999e1638', '656dbbc6-f934-11f0-87db-c3c8a1ce2650', 'bd68745a-f821-11f0-87db-c3c8a1ce2650', 'fd32bec8-f0d5-4200-85d5-06e9b1701076', 350000.00, NULL, 'Terdaftar', '11A', 2, '2026-01-28 13:14:48', '2026-01-28 13:14:48', '2026-01-28 13:14:48'),
	('bfb634cc-9dcf-46dc-83c0-9f3b6d86af8c', '64c08cf0-f934-11f0-87db-c3c8a1ce2650', 'd352510c-fb58-11f0-87db-c3c8a1ce2650', '19141411-b792-4ae5-b07b-6a828ae26438', 200000.00, NULL, 'Menunggu Acc', '16A', 3, '2026-01-28 13:14:45', '2026-01-28 13:14:45', '2026-01-28 13:14:45'),
	('c005ba0f-8f2c-49dc-b7b6-c7049e9d0b25', '64c08cf0-f934-11f0-87db-c3c8a1ce2650', 'd3524e70-fb58-11f0-87db-c3c8a1ce2650', '3d0f85ec-8ffb-4f5d-a339-efc8bba07377', 200000.00, NULL, 'Menunggu Acc', '13A', 3, '2026-01-28 13:14:45', '2026-01-28 13:14:45', '2026-01-28 13:14:45'),
	('c093e4d7-0a34-43be-a07e-944e38099ab7', '63457f65-f934-11f0-87db-c3c8a1ce2650', 'bd685e4b-f821-11f0-87db-c3c8a1ce2650', '9b701d34-c7e6-40f2-bfed-704f7884393c', 300000.00, NULL, 'Terdaftar', '14A', 2, '2026-01-28 13:14:40', '2026-01-28 13:14:40', '2026-01-28 13:14:40'),
	('c0b6731e-4646-47b4-a112-f33834987a62', 'f9272ae0-f76f-11f0-87db-c3c8a1ce2650', 'b1fa32e6-a230-42ff-8f5a-c9cb4cb1480d', '0748dc7a-f832-11f0-87db-c3c8a1ce2650', 0.00, NULL, 'Menunggu Acc', NULL, NULL, '2026-01-23 13:49:48', '2026-01-23 13:49:48', '2026-01-23 13:49:48'),
	('c11816c3-d4d6-482e-80c9-b211d4be1f0c', '66288818-f934-11f0-87db-c3c8a1ce2650', '02bd34db-384e-461a-926f-529c09801252', '337b6138-7d49-4117-bc50-e5faa0941d0c', 250000.00, NULL, 'Menunggu Acc', '57A', 3, '2026-01-28 13:14:54', '2026-01-28 13:14:54', '2026-01-28 13:14:54'),
	('c1183ff7-2750-4528-b74c-c188d748aa0a', '4b2a017e-f935-11f0-87db-c3c8a1ce2650', '1f5f897a-f85f-11f0-87db-c3c8a1ce2650', 'fb6b2ba3-1de7-4efe-a35f-ddb71eadff4d', 500000.00, NULL, 'Terdaftar', '15A', 1, '2026-01-28 13:14:38', '2026-01-28 13:14:38', '2026-01-28 13:14:38'),
	('c12db7a5-8558-4ed3-befd-3301e3264a4f', '64015ab4-f934-11f0-87db-c3c8a1ce2650', 'd352586a-fb58-11f0-87db-c3c8a1ce2650', 'a8c35041-419c-4327-9a95-92b10df46e5a', 400000.00, NULL, 'Menunggu Acc', '11A', 4, '2026-01-28 13:14:43', '2026-01-28 13:14:43', '2026-01-28 13:14:43'),
	('c143b2ed-f240-49a5-9a0d-01d3e350b869', '4b2a017e-f935-11f0-87db-c3c8a1ce2650', 'd3526566-fb58-11f0-87db-c3c8a1ce2650', 'a4391464-6da5-4a57-9a92-90465f76bd30', 500000.00, NULL, 'Terdaftar', '52A', 3, '2026-01-28 13:14:38', '2026-01-28 13:14:38', '2026-01-28 13:14:38'),
	('c148f61a-5445-42e1-a1e9-e561748c05b5', '63457f65-f934-11f0-87db-c3c8a1ce2650', 'd3523393-fb58-11f0-87db-c3c8a1ce2650', '1a15fcaf-4459-40f7-b92d-4f8349d67afc', 300000.00, NULL, 'Menunggu Acc', '38A', 1, '2026-01-28 13:14:41', '2026-01-28 13:14:41', '2026-01-28 13:14:41'),
	('c2109f9d-32e1-4d09-9158-8e51fc3c8ecd', '4b2a017e-f935-11f0-87db-c3c8a1ce2650', 'd3524001-fb58-11f0-87db-c3c8a1ce2650', '8e312b72-9518-494e-81cb-c06c6240ec1d', 500000.00, NULL, 'Menunggu Acc', '13A', 1, '2026-01-28 13:14:38', '2026-01-28 13:14:38', '2026-01-28 13:14:38'),
	('c274baec-d558-4fe3-9a35-04d4be0bbdad', '66288818-f934-11f0-87db-c3c8a1ce2650', '7b1abd24-0747-4d03-a315-fcaea4f05dd8', '337b6138-7d49-4117-bc50-e5faa0941d0c', 250000.00, NULL, 'Menunggu Acc', '29A', 4, '2026-01-28 13:14:54', '2026-01-28 13:14:54', '2026-01-28 13:14:54'),
	('c2ed3c61-8144-4a07-96a0-d19448317ea7', '64c08cf0-f934-11f0-87db-c3c8a1ce2650', 'd35270ce-fb58-11f0-87db-c3c8a1ce2650', '3d0f85ec-8ffb-4f5d-a339-efc8bba07377', 200000.00, NULL, 'Terdaftar', '46A', 3, '2026-01-28 13:14:46', '2026-01-28 13:14:46', '2026-01-28 13:14:46'),
	('c3845c3a-0bfb-4e35-a7c2-949add31a20f', '4b2a017e-f935-11f0-87db-c3c8a1ce2650', 'bd685e4b-f821-11f0-87db-c3c8a1ce2650', '9feb369c-ae51-4032-94b8-51d1bdbb6470', 500000.00, NULL, 'Terdaftar', '34A', 1, '2026-01-28 13:14:38', '2026-01-28 13:14:38', '2026-01-28 13:14:38'),
	('c3d0106e-31c1-4088-85fb-c92f201f1975', '64015ab4-f934-11f0-87db-c3c8a1ce2650', '6d60bf4f-d463-488d-9335-4d99a94695b6', '210c4035-79fc-4439-80cc-719fc30d2835', 400000.00, NULL, 'Terdaftar', '31A', 4, '2026-01-28 13:14:45', '2026-01-28 13:14:45', '2026-01-28 13:14:45'),
	('c3fa5dd4-83a3-46e7-a422-5f42b2e6c3de', '656dbbc6-f934-11f0-87db-c3c8a1ce2650', 'd3525b69-fb58-11f0-87db-c3c8a1ce2650', '4a0f0f10-0359-4ec7-8f2f-de172c12a898', 350000.00, NULL, 'Menunggu Acc', '02A', 2, '2026-01-28 13:14:49', '2026-01-28 13:14:49', '2026-01-28 13:14:49'),
	('c47e29a8-ba65-4b07-824b-4dcd150c1c71', '4a40793e-f935-11f0-87db-c3c8a1ce2650', 'd3524ca5-fb58-11f0-87db-c3c8a1ce2650', 'f1503db6-7ed0-4ef1-9ef8-6922f4969748', 250000.00, NULL, 'Terdaftar', '55A', 3, '2026-01-28 13:14:36', '2026-01-28 13:14:36', '2026-01-28 13:14:36'),
	('c485b6e7-fc89-42f8-b9d3-40157e524176', '4b2a017e-f935-11f0-87db-c3c8a1ce2650', 'd352555e-fb58-11f0-87db-c3c8a1ce2650', 'bc2a345b-5c4d-435e-92e2-b65285623460', 500000.00, NULL, 'Menunggu Acc', '55A', 3, '2026-01-28 13:14:39', '2026-01-28 13:14:39', '2026-01-28 13:14:39'),
	('c496e36c-dcd7-4bfc-8b6e-6b81113982aa', '656dbbc6-f934-11f0-87db-c3c8a1ce2650', 'd35255fa-fb58-11f0-87db-c3c8a1ce2650', 'fd32bec8-f0d5-4200-85d5-06e9b1701076', 350000.00, NULL, 'Terdaftar', '54A', 3, '2026-01-28 13:14:51', '2026-01-28 13:14:51', '2026-01-28 13:14:51'),
	('c5407747-aa78-459c-b714-3c03cf3e0777', '4a40793e-f935-11f0-87db-c3c8a1ce2650', 'd35247bf-fb58-11f0-87db-c3c8a1ce2650', 'c48233a7-a454-4429-bb19-5e14f160dfd5', 250000.00, NULL, 'Terdaftar', '13A', 1, '2026-01-28 13:14:34', '2026-01-28 13:14:34', '2026-01-28 13:14:34'),
	('c5533a87-081e-4f38-9f2e-f3dd190bb210', '66288818-f934-11f0-87db-c3c8a1ce2650', 'd352374e-fb58-11f0-87db-c3c8a1ce2650', '6735daff-cdb9-4dde-87a1-16db35252be9', 250000.00, NULL, 'Terdaftar', '57A', 1, '2026-01-28 13:14:54', '2026-01-28 13:14:54', '2026-01-28 13:14:54'),
	('c5719de1-3a6e-497c-a4e6-52fa37975edc', '63457f65-f934-11f0-87db-c3c8a1ce2650', 'd352414a-fb58-11f0-87db-c3c8a1ce2650', 'e5415c4d-a407-42e6-9aae-9e309f932bcb', 300000.00, NULL, 'Menunggu Acc', '50A', 3, '2026-01-28 13:14:40', '2026-01-28 13:14:40', '2026-01-28 13:14:40'),
	('c5c5b2cf-bb9b-42b9-b213-e10dd5ae02a3', '4a40793e-f935-11f0-87db-c3c8a1ce2650', 'd35252ec-fb58-11f0-87db-c3c8a1ce2650', 'c48233a7-a454-4429-bb19-5e14f160dfd5', 250000.00, NULL, 'Terdaftar', '36A', 2, '2026-01-28 13:14:36', '2026-01-28 13:14:36', '2026-01-28 13:14:36'),
	('c5cc3f84-e6ec-42f1-8748-5ba8c00630f5', '66288818-f934-11f0-87db-c3c8a1ce2650', 'bd686067-f821-11f0-87db-c3c8a1ce2650', 'f41fe5ef-e2f8-4263-9d9a-ebcd3f34a9f3', 250000.00, NULL, 'Terdaftar', '16A', 4, '2026-01-28 13:14:52', '2026-01-28 13:14:52', '2026-01-28 13:14:52'),
	('c60a6516-16e2-4c7b-a7ee-46fde5a292f7', '656dbbc6-f934-11f0-87db-c3c8a1ce2650', 'd3526377-fb58-11f0-87db-c3c8a1ce2650', 'c057501e-67d3-4463-8b77-939a25c4e5ba', 350000.00, NULL, 'Terdaftar', '26A', 1, '2026-01-28 13:14:49', '2026-01-28 13:14:49', '2026-01-28 13:14:49'),
	('c6961fd2-e4ee-4006-a7d0-a523a3e4a5f0', '656dbbc6-f934-11f0-87db-c3c8a1ce2650', 'd352716c-fb58-11f0-87db-c3c8a1ce2650', 'fd32bec8-f0d5-4200-85d5-06e9b1701076', 350000.00, NULL, 'Terdaftar', '35A', 1, '2026-01-28 13:14:49', '2026-01-28 13:14:49', '2026-01-28 13:14:49'),
	('c6a0dfb7-4fe8-4357-ac85-40541afacf31', '66288818-f934-11f0-87db-c3c8a1ce2650', 'd3523b6a-fb58-11f0-87db-c3c8a1ce2650', '337b6138-7d49-4117-bc50-e5faa0941d0c', 250000.00, NULL, 'Terdaftar', '55A', 3, '2026-01-28 13:14:54', '2026-01-28 13:14:54', '2026-01-28 13:14:54'),
	('c6bbbdc3-8969-4136-b511-f47262fb083a', '4a40793e-f935-11f0-87db-c3c8a1ce2650', '1f5f897a-f85f-11f0-87db-c3c8a1ce2650', 'c48233a7-a454-4429-bb19-5e14f160dfd5', 250000.00, NULL, 'Terdaftar', '21A', 2, '2026-01-28 13:14:36', '2026-01-28 13:14:36', '2026-01-28 13:14:36'),
	('c6e68200-56fd-4922-a8ad-6d79a12f10ad', '66288818-f934-11f0-87db-c3c8a1ce2650', 'bd686151-f821-11f0-87db-c3c8a1ce2650', '337b6138-7d49-4117-bc50-e5faa0941d0c', 250000.00, NULL, 'Menunggu Acc', '45A', 4, '2026-01-28 13:14:53', '2026-01-28 13:14:53', '2026-01-28 13:14:53'),
	('c72b8bb3-6373-4858-847f-52fc7f15e47a', '64015ab4-f934-11f0-87db-c3c8a1ce2650', 'd35245d3-fb58-11f0-87db-c3c8a1ce2650', 'a8c35041-419c-4327-9a95-92b10df46e5a', 400000.00, NULL, 'Terdaftar', '46A', 3, '2026-01-28 13:14:45', '2026-01-28 13:14:45', '2026-01-28 13:14:45'),
	('c76c07a8-3072-44fa-8da9-9cc03687e275', '4a40793e-f935-11f0-87db-c3c8a1ce2650', '7174aca7-5c96-485f-b95f-300aa4996279', 'f1503db6-7ed0-4ef1-9ef8-6922f4969748', 250000.00, NULL, 'Terdaftar', '30A', 4, '2026-01-28 13:14:36', '2026-01-28 13:14:36', '2026-01-28 13:14:36'),
	('c78e9bff-9092-4ae2-954b-3dd9efe3add6', '64015ab4-f934-11f0-87db-c3c8a1ce2650', 'd3523c18-fb58-11f0-87db-c3c8a1ce2650', '11c2de9b-e8f0-4ee0-a724-79ae3aede1ee', 400000.00, NULL, 'Terdaftar', '29A', 4, '2026-01-28 13:14:43', '2026-01-28 13:14:43', '2026-01-28 13:14:43'),
	('c7e65837-8df6-43c8-b0ca-3e305940e69a', 'f9272ae0-f76f-11f0-87db-c3c8a1ce2650', 'd3524d3e-fb58-11f0-87db-c3c8a1ce2650', '0748da0d-f832-11f0-87db-c3c8a1ce2650', 150000.00, NULL, 'Terdaftar', '14A', 2, '2026-01-28 13:12:50', '2026-01-28 13:12:50', '2026-01-28 13:12:50'),
	('c7ee5cae-09c7-46e1-8e8a-9e3bd4b60366', '64015ab4-f934-11f0-87db-c3c8a1ce2650', 'bd6871db-f821-11f0-87db-c3c8a1ce2650', '2e171e2c-a7bb-4dbc-9c30-0c8c06b0ecbb', 400000.00, NULL, 'Terdaftar', '54A', 3, '2026-01-28 13:14:43', '2026-01-28 13:14:43', '2026-01-28 13:14:43'),
	('c8bbcc58-fcf7-4674-be82-c295b485b737', '64c08cf0-f934-11f0-87db-c3c8a1ce2650', '6d60bf4f-d463-488d-9335-4d99a94695b6', '19141411-b792-4ae5-b07b-6a828ae26438', 200000.00, NULL, 'Terdaftar', '52A', 4, '2026-01-28 13:14:46', '2026-01-28 13:14:46', '2026-01-28 13:14:46'),
	('c8f3d08b-0d88-4e56-abef-c4a746c3276a', '66288818-f934-11f0-87db-c3c8a1ce2650', 'd352168e-fb58-11f0-87db-c3c8a1ce2650', '337b6138-7d49-4117-bc50-e5faa0941d0c', 250000.00, NULL, 'Terdaftar', '04A', 2, '2026-01-28 13:14:52', '2026-01-28 13:14:52', '2026-01-28 13:14:52'),
	('c975e069-b066-47a5-ba0f-be211f863aac', '4b2a017e-f935-11f0-87db-c3c8a1ce2650', '1f5f94e7-f85f-11f0-87db-c3c8a1ce2650', '9feb369c-ae51-4032-94b8-51d1bdbb6470', 500000.00, NULL, 'Terdaftar', '05A', 3, '2026-01-28 13:14:38', '2026-01-28 13:14:38', '2026-01-28 13:14:38'),
	('ca10c302-0585-4aae-b977-55bbe4342ea5', '4a40793e-f935-11f0-87db-c3c8a1ce2650', 'd3525d4c-fb58-11f0-87db-c3c8a1ce2650', '657f70bd-8739-45fa-ac68-afcedbe6f46a', 250000.00, NULL, 'Terdaftar', '34A', 1, '2026-01-28 13:14:35', '2026-01-28 13:14:35', '2026-01-28 13:14:35'),
	('ca10d1c6-e2f3-44fd-975a-3dac8abdb6d4', 'f9272ae0-f76f-11f0-87db-c3c8a1ce2650', 'd35260d5-fb58-11f0-87db-c3c8a1ce2650', '0748ddc4-f832-11f0-87db-c3c8a1ce2650', 150000.00, NULL, 'Terdaftar', '03A', 3, '2026-01-28 13:12:51', '2026-01-28 13:12:51', '2026-01-28 13:12:51'),
	('caf40e99-3e20-4098-9f89-661f29e34860', 'f9272ae0-f76f-11f0-87db-c3c8a1ce2650', '1f5f897a-f85f-11f0-87db-c3c8a1ce2650', '0748da0d-f832-11f0-87db-c3c8a1ce2650', 150000.00, NULL, 'Terdaftar', '02A', 2, '2026-01-28 13:12:51', '2026-01-28 13:12:51', '2026-01-28 13:12:51'),
	('cb2c2b44-9842-4ba2-a368-9d1b65b0bc32', '4a40793e-f935-11f0-87db-c3c8a1ce2650', 'd35245d3-fb58-11f0-87db-c3c8a1ce2650', '657f70bd-8739-45fa-ac68-afcedbe6f46a', 250000.00, NULL, 'Terdaftar', '54A', 2, '2026-01-28 13:14:36', '2026-01-28 13:14:36', '2026-01-28 13:14:36'),
	('cb3d88e1-fecf-4644-8263-64835495dd57', '64015ab4-f934-11f0-87db-c3c8a1ce2650', '84208c3a-c656-45cf-8aa9-d6490263bdfc', '210c4035-79fc-4439-80cc-719fc30d2835', 400000.00, NULL, 'Menunggu Acc', '53A', 4, '2026-01-28 13:14:45', '2026-01-28 13:14:45', '2026-01-28 13:14:45'),
	('cbc42c5a-ade2-4404-b62d-d2d9590e070b', '66288818-f934-11f0-87db-c3c8a1ce2650', 'd3526189-fb58-11f0-87db-c3c8a1ce2650', 'f41fe5ef-e2f8-4263-9d9a-ebcd3f34a9f3', 250000.00, NULL, 'Menunggu Acc', '09A', 4, '2026-01-28 13:14:54', '2026-01-28 13:14:54', '2026-01-28 13:14:54'),
	('cbe0d194-2939-43a6-a156-f0fa52a35b6a', '66288818-f934-11f0-87db-c3c8a1ce2650', 'd3524ca5-fb58-11f0-87db-c3c8a1ce2650', 'f41fe5ef-e2f8-4263-9d9a-ebcd3f34a9f3', 250000.00, NULL, 'Terdaftar', '18A', 2, '2026-01-28 13:14:53', '2026-01-28 13:14:53', '2026-01-28 13:14:53'),
	('cca315b3-73e8-4938-a1d9-d29546a34a67', '66288818-f934-11f0-87db-c3c8a1ce2650', '1f5f963b-f85f-11f0-87db-c3c8a1ce2650', 'f41fe5ef-e2f8-4263-9d9a-ebcd3f34a9f3', 250000.00, NULL, 'Terdaftar', '35A', 1, '2026-01-28 13:14:53', '2026-01-28 13:14:53', '2026-01-28 13:14:53'),
	('cd4e4ef1-20d4-4335-baa3-33cfb49c48b5', '64c08cf0-f934-11f0-87db-c3c8a1ce2650', 'd35262d3-fb58-11f0-87db-c3c8a1ce2650', '19141411-b792-4ae5-b07b-6a828ae26438', 200000.00, NULL, 'Terdaftar', '49A', 2, '2026-01-28 13:14:48', '2026-01-28 13:14:48', '2026-01-28 13:14:48'),
	('cd5bf372-fbfa-47ab-8b81-9714d311edfb', '66288818-f934-11f0-87db-c3c8a1ce2650', '1f5f897a-f85f-11f0-87db-c3c8a1ce2650', '7e4fb752-5aed-41b8-9964-accb6a5a12f1', 250000.00, NULL, 'Menunggu Acc', '49A', 4, '2026-01-28 13:14:53', '2026-01-28 13:14:53', '2026-01-28 13:14:53'),
	('ce36ffa2-ba11-410f-a6f8-0ab83a5f8b29', '670f9d9a-f934-11f0-87db-c3c8a1ce2650', 'bd685b28-f821-11f0-87db-c3c8a1ce2650', '3c54e4c1-fc07-11f0-87db-c3c8a1ce2650', 500000.00, NULL, 'Terdaftar', '27A', 2, '2026-01-28 13:12:47', '2026-01-28 13:12:47', '2026-01-28 13:12:47'),
	('ce76d309-f821-11f0-87db-c3c8a1ce2650', 'f9272ae0-f76f-11f0-87db-c3c8a1ce2650', 'bd685b28-f821-11f0-87db-c3c8a1ce2650', '0748da0d-f832-11f0-87db-c3c8a1ce2650', 500000.00, NULL, 'Menunggu Acc', NULL, NULL, '2026-01-23 06:07:35', '2026-01-23 06:07:35', '2026-01-23 13:21:13'),
	('ce76d648-f821-11f0-87db-c3c8a1ce2650', 'f9272ae0-f76f-11f0-87db-c3c8a1ce2650', 'bd685e4b-f821-11f0-87db-c3c8a1ce2650', '0748dc7a-f832-11f0-87db-c3c8a1ce2650', 500000.00, NULL, 'Menunggu Acc', NULL, NULL, '2026-01-23 06:07:35', '2026-01-23 06:07:35', '2026-01-23 13:21:16'),
	('ce76d76b-f821-11f0-87db-c3c8a1ce2650', 'f9272ae0-f76f-11f0-87db-c3c8a1ce2650', 'bd685f95-f821-11f0-87db-c3c8a1ce2650', '0748da0d-f832-11f0-87db-c3c8a1ce2650', 500000.00, NULL, 'Menunggu Acc', NULL, NULL, '2026-01-23 06:07:35', '2026-01-23 06:07:35', '2026-01-23 13:21:13'),
	('ce76d817-f821-11f0-87db-c3c8a1ce2650', 'f9272ae0-f76f-11f0-87db-c3c8a1ce2650', 'bd686067-f821-11f0-87db-c3c8a1ce2650', '0748dc7a-f832-11f0-87db-c3c8a1ce2650', 500000.00, NULL, 'Menunggu Acc', NULL, NULL, '2026-01-23 06:07:35', '2026-01-23 06:07:35', '2026-01-23 13:21:16'),
	('ce76d8ac-f821-11f0-87db-c3c8a1ce2650', 'f9272ae0-f76f-11f0-87db-c3c8a1ce2650', 'bd686151-f821-11f0-87db-c3c8a1ce2650', '0748da0d-f832-11f0-87db-c3c8a1ce2650', 500000.00, NULL, 'Menunggu Acc', NULL, NULL, '2026-01-23 06:07:35', '2026-01-23 06:07:35', '2026-01-23 13:21:13'),
	('ce76d947-f821-11f0-87db-c3c8a1ce2650', 'f9272ae0-f76f-11f0-87db-c3c8a1ce2650', 'bd686221-f821-11f0-87db-c3c8a1ce2650', '0748ddc4-f832-11f0-87db-c3c8a1ce2650', 500000.00, NULL, 'Menunggu Acc', NULL, NULL, '2026-01-23 06:07:35', '2026-01-23 06:07:35', '2026-01-23 13:21:14'),
	('ce76d9cc-f821-11f0-87db-c3c8a1ce2650', 'f9272ae0-f76f-11f0-87db-c3c8a1ce2650', 'bd6871db-f821-11f0-87db-c3c8a1ce2650', '0748da0d-f832-11f0-87db-c3c8a1ce2650', 500000.00, NULL, 'Menunggu Acc', NULL, NULL, '2026-01-23 06:07:35', '2026-01-23 06:07:35', '2026-01-23 13:21:16'),
	('ce76db5a-f821-11f0-87db-c3c8a1ce2650', 'f9272ae0-f76f-11f0-87db-c3c8a1ce2650', 'bd6872ff-f821-11f0-87db-c3c8a1ce2650', '0748dc7a-f832-11f0-87db-c3c8a1ce2650', 500000.00, NULL, 'Menunggu Acc', NULL, NULL, '2026-01-23 06:07:35', '2026-01-23 06:07:35', '2026-01-23 13:21:13'),
	('ce76dbee-f821-11f0-87db-c3c8a1ce2650', 'f9272ae0-f76f-11f0-87db-c3c8a1ce2650', 'bd6873b8-f821-11f0-87db-c3c8a1ce2650', '0748da0d-f832-11f0-87db-c3c8a1ce2650', 500000.00, NULL, 'Menunggu Acc', NULL, NULL, '2026-01-23 06:07:35', '2026-01-23 06:07:35', '2026-01-23 13:21:16'),
	('ce76dcf7-f821-11f0-87db-c3c8a1ce2650', 'f9272ae0-f76f-11f0-87db-c3c8a1ce2650', 'bd68745a-f821-11f0-87db-c3c8a1ce2650', '0748dc7a-f832-11f0-87db-c3c8a1ce2650', 500000.00, NULL, 'Menunggu Acc', NULL, NULL, '2026-01-23 06:07:35', '2026-01-23 06:07:35', '2026-01-23 13:21:13'),
	('ce8684be-33f1-4703-89ed-6d9980f361b6', '656dbbc6-f934-11f0-87db-c3c8a1ce2650', 'd352538d-fb58-11f0-87db-c3c8a1ce2650', '4a0f0f10-0359-4ec7-8f2f-de172c12a898', 350000.00, NULL, 'Terdaftar', '55A', 3, '2026-01-28 13:14:51', '2026-01-28 13:14:51', '2026-01-28 13:14:51'),
	('ced9ab3b-66db-45a9-a0b9-c53718ee0931', '64015ab4-f934-11f0-87db-c3c8a1ce2650', '8b67a061-fb59-11f0-87db-c3c8a1ce2650', 'b30be72c-98ad-4d99-8313-34a1aae9d5a8', 400000.00, NULL, 'Menunggu Acc', '28A', 4, '2026-01-28 13:14:44', '2026-01-28 13:14:44', '2026-01-28 13:14:44'),
	('cf1da535-5a58-49c9-86d4-d60b59dcc90a', '4b2a017e-f935-11f0-87db-c3c8a1ce2650', '1f5f98d1-f85f-11f0-87db-c3c8a1ce2650', 'a4081a7f-fd1b-421f-b38e-eace81ae1a9d', 500000.00, NULL, 'Terdaftar', '37A', 4, '2026-01-28 13:14:39', '2026-01-28 13:14:39', '2026-01-28 13:14:39'),
	('cf2b4e39-e105-4ee4-9e6d-4a2827ac4294', '64c08cf0-f934-11f0-87db-c3c8a1ce2650', 'd35239cb-fb58-11f0-87db-c3c8a1ce2650', '19141411-b792-4ae5-b07b-6a828ae26438', 200000.00, NULL, 'Terdaftar', '19A', 3, '2026-01-28 13:14:46', '2026-01-28 13:14:46', '2026-01-28 13:14:46'),
	('d0102782-cdad-4211-b503-418074202dc3', '63457f65-f934-11f0-87db-c3c8a1ce2650', 'd352641b-fb58-11f0-87db-c3c8a1ce2650', 'af55bb98-1edd-46b3-b0d8-87958444fd36', 300000.00, NULL, 'Terdaftar', '08A', 2, '2026-01-28 13:14:41', '2026-01-28 13:14:41', '2026-01-28 13:14:41'),
	('d03f53ea-6ee6-4c43-ae64-9e488eaa5d3e', '670f9d9a-f934-11f0-87db-c3c8a1ce2650', 'd35240a5-fb58-11f0-87db-c3c8a1ce2650', '3c54e5e9-fc07-11f0-87db-c3c8a1ce2650', 500000.00, NULL, 'Terdaftar', '13A', 3, '2026-01-28 13:12:47', '2026-01-28 13:12:47', '2026-01-28 13:12:47'),
	('d08a0640-347b-4ea8-8fc5-66b5cede0cf2', '4b2a017e-f935-11f0-87db-c3c8a1ce2650', 'd3526d1e-fb58-11f0-87db-c3c8a1ce2650', 'bc2a345b-5c4d-435e-92e2-b65285623460', 500000.00, NULL, 'Terdaftar', '28A', 1, '2026-01-28 13:14:37', '2026-01-28 13:14:37', '2026-01-28 13:14:37'),
	('d0de2906-035a-448f-86ce-5740a8b43e2e', '66288818-f934-11f0-87db-c3c8a1ce2650', 'b9b132ca-8632-4210-b254-ec1335a21375', '337b6138-7d49-4117-bc50-e5faa0941d0c', 250000.00, NULL, 'Menunggu Acc', '58A', 3, '2026-01-28 13:14:52', '2026-01-28 13:14:52', '2026-01-28 13:14:52'),
	('d0e16081-8401-47ce-bd1e-dc20fe5fcaaf', '64015ab4-f934-11f0-87db-c3c8a1ce2650', 'd3524d3e-fb58-11f0-87db-c3c8a1ce2650', '2e171e2c-a7bb-4dbc-9c30-0c8c06b0ecbb', 400000.00, NULL, 'Menunggu Acc', '53A', 3, '2026-01-28 13:14:42', '2026-01-28 13:14:42', '2026-01-28 13:14:42'),
	('d1bc16c5-6924-44f1-ab26-1f0839c4bef2', 'f9272ae0-f76f-11f0-87db-c3c8a1ce2650', 'e480742c-618d-4a72-bdbe-e5539c4a4754', '0748da0d-f832-11f0-87db-c3c8a1ce2650', 0.00, NULL, 'Menunggu Acc', NULL, NULL, '2026-01-23 13:49:34', '2026-01-23 13:49:34', '2026-01-23 13:49:34'),
	('d28d7bab-caa6-4aca-b801-2aa08427e5bb', '656dbbc6-f934-11f0-87db-c3c8a1ce2650', 'd35270ce-fb58-11f0-87db-c3c8a1ce2650', '4a0f0f10-0359-4ec7-8f2f-de172c12a898', 350000.00, NULL, 'Menunggu Acc', '28A', 2, '2026-01-28 13:14:49', '2026-01-28 13:14:49', '2026-01-28 13:14:49'),
	('d3fe043d-911a-4c73-a07e-81eba45a1211', '4a40793e-f935-11f0-87db-c3c8a1ce2650', 'd3524b72-fb58-11f0-87db-c3c8a1ce2650', 'f2c3062f-2f00-49ba-b2ad-d40a5d10d3fd', 250000.00, NULL, 'Terdaftar', '21A', 2, '2026-01-28 13:14:35', '2026-01-28 13:14:35', '2026-01-28 13:14:35'),
	('d5ae9d12-08ed-4211-baa6-3ddbe05331ae', '66288818-f934-11f0-87db-c3c8a1ce2650', 'd3525427-fb58-11f0-87db-c3c8a1ce2650', '6735daff-cdb9-4dde-87a1-16db35252be9', 250000.00, NULL, 'Terdaftar', '33A', 4, '2026-01-28 13:14:54', '2026-01-28 13:14:54', '2026-01-28 13:14:54'),
	('d5b3f9fd-1688-4c4e-849c-cfd35e4c8ef1', '63457f65-f934-11f0-87db-c3c8a1ce2650', 'd3526804-fb58-11f0-87db-c3c8a1ce2650', '9b701d34-c7e6-40f2-bfed-704f7884393c', 300000.00, NULL, 'Terdaftar', '52A', 3, '2026-01-28 13:14:41', '2026-01-28 13:14:41', '2026-01-28 13:14:41'),
	('d6933240-8002-4043-8b86-16cd1c3386d9', '66288818-f934-11f0-87db-c3c8a1ce2650', '6d60bf4f-d463-488d-9335-4d99a94695b6', '6735daff-cdb9-4dde-87a1-16db35252be9', 250000.00, NULL, 'Menunggu Acc', '50A', 1, '2026-01-28 13:14:53', '2026-01-28 13:14:53', '2026-01-28 13:14:53'),
	('d711458a-fccc-4823-8b28-93877b3ba5a1', '64015ab4-f934-11f0-87db-c3c8a1ce2650', 'b1fa32e6-a230-42ff-8f5a-c9cb4cb1480d', '210c4035-79fc-4439-80cc-719fc30d2835', 400000.00, NULL, 'Menunggu Acc', '22A', 2, '2026-01-28 13:14:43', '2026-01-28 13:14:43', '2026-01-28 13:14:43'),
	('d7aaa222-96df-4352-a9dd-467852c983d0', '64015ab4-f934-11f0-87db-c3c8a1ce2650', '8b679925-fb59-11f0-87db-c3c8a1ce2650', 'a8c35041-419c-4327-9a95-92b10df46e5a', 400000.00, NULL, 'Terdaftar', '39A', 4, '2026-01-28 13:14:44', '2026-01-28 13:14:44', '2026-01-28 13:14:44'),
	('d89a90a2-65f9-45ab-b3ac-89feb5d46c0b', 'f9272ae0-f76f-11f0-87db-c3c8a1ce2650', 'd3524676-fb58-11f0-87db-c3c8a1ce2650', '0748dc7a-f832-11f0-87db-c3c8a1ce2650', 150000.00, NULL, 'Terdaftar', '17A', 2, '2026-01-28 13:12:52', '2026-01-28 13:12:52', '2026-01-28 13:12:52'),
	('d8b3586b-adf0-4e23-8382-1843116a0729', '64015ab4-f934-11f0-87db-c3c8a1ce2650', 'ea1c0ce4-91e6-4b64-b656-a5b6c96c663d', 'b30be72c-98ad-4d99-8313-34a1aae9d5a8', 400000.00, NULL, 'Terdaftar', '34A', 3, '2026-01-28 13:14:44', '2026-01-28 13:14:44', '2026-01-28 13:14:44'),
	('d8fa22ab-fc15-4894-af1c-46346292b3f3', 'f9272ae0-f76f-11f0-87db-c3c8a1ce2650', 'cc94bb51-468f-4cb4-af8b-ded2956d365e', '0748ddc4-f832-11f0-87db-c3c8a1ce2650', 0.00, NULL, 'Menunggu Acc', NULL, NULL, '2026-01-23 14:02:02', '2026-01-23 14:02:02', '2026-01-23 14:02:02'),
	('da63b855-9865-447d-9a8e-fa0af1950dc5', 'f9272ae0-f76f-11f0-87db-c3c8a1ce2650', '5854cf7c-5cb6-4015-8eac-5d7df0a85d23', '0748ddc4-f832-11f0-87db-c3c8a1ce2650', 0.00, NULL, 'Menunggu Acc', NULL, NULL, '2026-01-23 14:02:02', '2026-01-23 14:02:02', '2026-01-23 14:02:02'),
	('da88d05c-e87f-4c80-ae5c-98879b33ff49', '64015ab4-f934-11f0-87db-c3c8a1ce2650', 'd35260d5-fb58-11f0-87db-c3c8a1ce2650', 'a8c35041-419c-4327-9a95-92b10df46e5a', 400000.00, NULL, 'Menunggu Acc', '46A', 3, '2026-01-28 13:14:44', '2026-01-28 13:14:44', '2026-01-28 13:14:44'),
	('db9a98ba-5e10-402e-83fe-032770391c5e', '4b2a017e-f935-11f0-87db-c3c8a1ce2650', 'f61e71c5-0cce-437d-b887-aee03554d5e8', '8e312b72-9518-494e-81cb-c06c6240ec1d', 500000.00, NULL, 'Terdaftar', '50A', 2, '2026-01-28 13:14:39', '2026-01-28 13:14:39', '2026-01-28 13:14:39'),
	('dbe4a3bd-4f35-4b07-81f8-c810fa7cee42', '656dbbc6-f934-11f0-87db-c3c8a1ce2650', '8b679a14-fb59-11f0-87db-c3c8a1ce2650', 'c057501e-67d3-4463-8b77-939a25c4e5ba', 350000.00, NULL, 'Terdaftar', '42A', 2, '2026-01-28 13:14:51', '2026-01-28 13:14:51', '2026-01-28 13:14:51'),
	('dc424156-c68c-4ef0-ad9b-a54642b32e1c', 'f9272ae0-f76f-11f0-87db-c3c8a1ce2650', '7174aca7-5c96-485f-b95f-300aa4996279', '0748da0d-f832-11f0-87db-c3c8a1ce2650', 0.00, NULL, 'Menunggu Acc', NULL, NULL, '2026-01-23 13:49:31', '2026-01-23 13:49:31', '2026-01-23 13:49:31'),
	('dcbee07a-9724-4ccb-bdf4-73d695b7208a', '670f9d9a-f934-11f0-87db-c3c8a1ce2650', 'd352660c-fb58-11f0-87db-c3c8a1ce2650', '3c54e5e9-fc07-11f0-87db-c3c8a1ce2650', 500000.00, NULL, 'Terdaftar', '29A', 2, '2026-01-28 13:12:47', '2026-01-28 13:12:47', '2026-01-28 13:12:47'),
	('dd05fcbf-23dc-48ac-9f5a-89ed73e6bd3b', '4b2a017e-f935-11f0-87db-c3c8a1ce2650', '1f5f963b-f85f-11f0-87db-c3c8a1ce2650', 'a4391464-6da5-4a57-9a92-90465f76bd30', 500000.00, NULL, 'Menunggu Acc', '03A', 4, '2026-01-28 13:14:38', '2026-01-28 13:14:38', '2026-01-28 13:14:38'),
	('dd5fb524-d502-4704-8f27-6b0530f71ee9', '4b2a017e-f935-11f0-87db-c3c8a1ce2650', '84208c3a-c656-45cf-8aa9-d6490263bdfc', '8e312b72-9518-494e-81cb-c06c6240ec1d', 500000.00, NULL, 'Terdaftar', '35A', 2, '2026-01-28 13:14:38', '2026-01-28 13:14:38', '2026-01-28 13:14:38'),
	('dd790049-c2fd-4cde-bdb6-cefd26636e51', '656dbbc6-f934-11f0-87db-c3c8a1ce2650', '1f5f98d1-f85f-11f0-87db-c3c8a1ce2650', '39042441-4a7c-4934-b33c-91b8ebf931ba', 350000.00, NULL, 'Menunggu Acc', '54A', 4, '2026-01-28 13:14:48', '2026-01-28 13:14:48', '2026-01-28 13:14:48'),
	('dd86c383-e76a-48e3-a63b-1f75476aeeb2', '670f9d9a-f934-11f0-87db-c3c8a1ce2650', '1f5f8de7-f85f-11f0-87db-c3c8a1ce2650', '3c54e5e9-fc07-11f0-87db-c3c8a1ce2650', 500000.00, NULL, 'Terdaftar', '27A', 3, '2026-01-28 13:12:47', '2026-01-28 13:12:47', '2026-01-28 13:12:47'),
	('dda62452-5d3a-45d6-b767-4efa59116a0c', '64015ab4-f934-11f0-87db-c3c8a1ce2650', 'd3523577-fb58-11f0-87db-c3c8a1ce2650', '210c4035-79fc-4439-80cc-719fc30d2835', 400000.00, NULL, 'Terdaftar', '34A', 1, '2026-01-28 13:14:43', '2026-01-28 13:14:43', '2026-01-28 13:14:43'),
	('ddc167d1-cdf1-4640-b1ab-871d61223168', 'f9272ae0-f76f-11f0-87db-c3c8a1ce2650', '1f5f916b-f85f-11f0-87db-c3c8a1ce2650', '0748dc7a-f832-11f0-87db-c3c8a1ce2650', 150000.00, NULL, 'Terdaftar', '21A', 1, '2026-01-28 13:12:51', '2026-01-28 13:12:51', '2026-01-28 13:12:51'),
	('de41e33d-3fc1-4c90-9c25-3489b222c4e1', '4b2a017e-f935-11f0-87db-c3c8a1ce2650', 'd3525735-fb58-11f0-87db-c3c8a1ce2650', 'a4081a7f-fd1b-421f-b38e-eace81ae1a9d', 500000.00, NULL, 'Terdaftar', '43A', 1, '2026-01-28 13:14:38', '2026-01-28 13:14:38', '2026-01-28 13:14:38'),
	('df12c747-b263-4ae2-8029-cab92f5ffe29', '64015ab4-f934-11f0-87db-c3c8a1ce2650', '8b67a23f-fb59-11f0-87db-c3c8a1ce2650', '11c2de9b-e8f0-4ee0-a724-79ae3aede1ee', 400000.00, NULL, 'Terdaftar', '13A', 4, '2026-01-28 13:14:45', '2026-01-28 13:14:45', '2026-01-28 13:14:45'),
	('e12adaea-ceb1-45a8-9afc-6878a49e68ec', '63457f65-f934-11f0-87db-c3c8a1ce2650', 'd35247bf-fb58-11f0-87db-c3c8a1ce2650', 'e5415c4d-a407-42e6-9aae-9e309f932bcb', 300000.00, NULL, 'Terdaftar', '36A', 4, '2026-01-28 13:14:41', '2026-01-28 13:14:41', '2026-01-28 13:14:41'),
	('e2c445de-6da0-4ae5-aa12-24d8ffae73eb', '66288818-f934-11f0-87db-c3c8a1ce2650', '5854cf7c-5cb6-4015-8eac-5d7df0a85d23', '337b6138-7d49-4117-bc50-e5faa0941d0c', 250000.00, NULL, 'Terdaftar', '36A', 2, '2026-01-28 13:14:52', '2026-01-28 13:14:52', '2026-01-28 13:14:52'),
	('e36e5280-26b4-443c-9a5a-4dfb23ee1d9e', 'f9272ae0-f76f-11f0-87db-c3c8a1ce2650', 'e0c97acf-3422-441f-ad1a-1a67933e2114', '0748ddc4-f832-11f0-87db-c3c8a1ce2650', 0.00, NULL, 'Menunggu Acc', NULL, NULL, '2026-01-23 14:02:02', '2026-01-23 14:02:02', '2026-01-23 14:02:02'),
	('e39c35c7-9ec1-4d68-bf7d-c03db8e527bc', '64c08cf0-f934-11f0-87db-c3c8a1ce2650', 'd3526a99-fb58-11f0-87db-c3c8a1ce2650', '35218812-9600-406e-b3b2-8ee7ac74270c', 200000.00, NULL, 'Terdaftar', '19A', 2, '2026-01-28 13:14:47', '2026-01-28 13:14:47', '2026-01-28 13:14:47'),
	('e4955438-586f-4d44-83f5-4b41b53cfd66', '64015ab4-f934-11f0-87db-c3c8a1ce2650', '08bdfd94-610a-4170-944a-13f902141721', 'a8c35041-419c-4327-9a95-92b10df46e5a', 400000.00, NULL, 'Menunggu Acc', '30A', 2, '2026-01-28 13:14:42', '2026-01-28 13:14:42', '2026-01-28 13:14:42'),
	('e495d0ed-4bf2-4c0c-a9a1-658cc3441d2b', '63457f65-f934-11f0-87db-c3c8a1ce2650', 'a58e8cd0-4ad0-480f-9a37-ce21a60c2a57', '9b701d34-c7e6-40f2-bfed-704f7884393c', 300000.00, NULL, 'Terdaftar', '49A', 2, '2026-01-28 13:14:42', '2026-01-28 13:14:42', '2026-01-28 13:14:42'),
	('e527fef9-1136-432a-bddb-0da7a00c3b35', '66288818-f934-11f0-87db-c3c8a1ce2650', 'd35264c1-fb58-11f0-87db-c3c8a1ce2650', '4df85aaf-b0d0-48d1-abb4-2f369748f5d9', 250000.00, NULL, 'Terdaftar', '17A', 3, '2026-01-28 13:14:52', '2026-01-28 13:14:52', '2026-01-28 13:14:52'),
	('e5b63e14-a467-4133-af1f-ee05cbe9c6e0', '656dbbc6-f934-11f0-87db-c3c8a1ce2650', '8b67ab87-fb59-11f0-87db-c3c8a1ce2650', 'fd32bec8-f0d5-4200-85d5-06e9b1701076', 350000.00, NULL, 'Terdaftar', '37A', 1, '2026-01-28 13:14:49', '2026-01-28 13:14:49', '2026-01-28 13:14:49'),
	('e5ffcc86-8f6d-4aa1-845a-a3b051c7f2fe', '64015ab4-f934-11f0-87db-c3c8a1ce2650', 'd3524ca5-fb58-11f0-87db-c3c8a1ce2650', '11c2de9b-e8f0-4ee0-a724-79ae3aede1ee', 400000.00, NULL, 'Terdaftar', '39A', 1, '2026-01-28 13:14:44', '2026-01-28 13:14:44', '2026-01-28 13:14:44'),
	('e6882aa5-dec4-4b40-b97d-69f4d3c61524', '64c08cf0-f934-11f0-87db-c3c8a1ce2650', '8b679925-fb59-11f0-87db-c3c8a1ce2650', 'f5f7e00d-7dae-4fcc-a9b5-d18cbc584596', 200000.00, NULL, 'Menunggu Acc', '58A', 3, '2026-01-28 13:14:45', '2026-01-28 13:14:45', '2026-01-28 13:14:45'),
	('e696209b-b428-4704-8754-c7c91de9967f', '4b2a017e-f935-11f0-87db-c3c8a1ce2650', 'd3525d4c-fb58-11f0-87db-c3c8a1ce2650', '8e312b72-9518-494e-81cb-c06c6240ec1d', 500000.00, NULL, 'Terdaftar', '52A', 2, '2026-01-28 13:14:39', '2026-01-28 13:14:39', '2026-01-28 13:14:39'),
	('e6d4df8a-f75a-44f2-ab85-d158728311c3', '670f9d9a-f934-11f0-87db-c3c8a1ce2650', 'd3524dd8-fb58-11f0-87db-c3c8a1ce2650', '3c54e4c1-fc07-11f0-87db-c3c8a1ce2650', 500000.00, NULL, 'Terdaftar', '11A', 2, '2026-01-28 13:12:45', '2026-01-28 13:12:45', '2026-01-28 13:12:45'),
	('e7665c9f-9437-4c2a-93db-c104bf71401c', '4b2a017e-f935-11f0-87db-c3c8a1ce2650', 'd3524c0b-fb58-11f0-87db-c3c8a1ce2650', '9feb369c-ae51-4032-94b8-51d1bdbb6470', 500000.00, NULL, 'Terdaftar', '42A', 3, '2026-01-28 13:14:39', '2026-01-28 13:14:39', '2026-01-28 13:14:39'),
	('e7fd59c6-b2ad-46e0-84c6-078cf97495fe', '64015ab4-f934-11f0-87db-c3c8a1ce2650', '1f5f8f19-f85f-11f0-87db-c3c8a1ce2650', '210c4035-79fc-4439-80cc-719fc30d2835', 400000.00, NULL, 'Terdaftar', '43A', 3, '2026-01-28 13:14:43', '2026-01-28 13:14:43', '2026-01-28 13:14:43'),
	('e8020497-a6b0-43e5-a516-5b02794214d3', '4b2a017e-f935-11f0-87db-c3c8a1ce2650', 'd352429c-fb58-11f0-87db-c3c8a1ce2650', 'bc2a345b-5c4d-435e-92e2-b65285623460', 500000.00, NULL, 'Menunggu Acc', '17A', 4, '2026-01-28 13:14:39', '2026-01-28 13:14:39', '2026-01-28 13:14:39'),
	('e85a9112-6a3c-4b2a-91b5-b7fd1f2e9258', '64c08cf0-f934-11f0-87db-c3c8a1ce2650', 'd3526953-fb58-11f0-87db-c3c8a1ce2650', '3d0f85ec-8ffb-4f5d-a339-efc8bba07377', 200000.00, NULL, 'Terdaftar', '14A', 2, '2026-01-28 13:14:46', '2026-01-28 13:14:46', '2026-01-28 13:14:46'),
	('e88fded4-6e60-41c7-8913-70182f3bf443', '670f9d9a-f934-11f0-87db-c3c8a1ce2650', 'd35268aa-fb58-11f0-87db-c3c8a1ce2650', '3c54e53b-fc07-11f0-87db-c3c8a1ce2650', 500000.00, NULL, 'Terdaftar', '20A', 2, '2026-01-28 13:12:46', '2026-01-28 13:12:46', '2026-01-28 13:12:46'),
	('e8c65332-94ef-4e21-bfef-bb6d38b3c981', '63457f65-f934-11f0-87db-c3c8a1ce2650', '1f5f897a-f85f-11f0-87db-c3c8a1ce2650', 'e5415c4d-a407-42e6-9aae-9e309f932bcb', 300000.00, NULL, 'Menunggu Acc', '55A', 1, '2026-01-28 13:14:40', '2026-01-28 13:14:40', '2026-01-28 13:14:40'),
	('e92a6d84-25b2-40ba-8e83-085d4a3f50a8', 'f9272ae0-f76f-11f0-87db-c3c8a1ce2650', '1f5f9380-f85f-11f0-87db-c3c8a1ce2650', '0748ddc4-f832-11f0-87db-c3c8a1ce2650', 350000.00, NULL, 'Menunggu Acc', NULL, NULL, '2026-01-24 10:39:31', '2026-01-24 10:39:31', '2026-01-24 10:39:31'),
	('e92e23ad-10ff-4511-b8a8-0c08eb31778e', '64c08cf0-f934-11f0-87db-c3c8a1ce2650', 'd3525cae-fb58-11f0-87db-c3c8a1ce2650', 'f5f7e00d-7dae-4fcc-a9b5-d18cbc584596', 200000.00, NULL, 'Terdaftar', '56A', 3, '2026-01-28 13:14:46', '2026-01-28 13:14:46', '2026-01-28 13:14:46'),
	('e967e66d-5dd2-44aa-843c-75d1dbda49f9', '64015ab4-f934-11f0-87db-c3c8a1ce2650', 'd35239cb-fb58-11f0-87db-c3c8a1ce2650', 'a8c35041-419c-4327-9a95-92b10df46e5a', 400000.00, NULL, 'Terdaftar', '55A', 1, '2026-01-28 13:14:44', '2026-01-28 13:14:44', '2026-01-28 13:14:44'),
	('ea6f4d3c-28ab-4520-9c2f-2478664b7460', '656dbbc6-f934-11f0-87db-c3c8a1ce2650', '9c8308c4-9c51-40d4-9d11-b5d40f70b718', '39042441-4a7c-4934-b33c-91b8ebf931ba', 350000.00, NULL, 'Terdaftar', '60A', 4, '2026-01-28 13:14:49', '2026-01-28 13:14:49', '2026-01-28 13:14:49'),
	('ebc157e3-267e-4389-920f-0595f9c3c6f9', '4a40793e-f935-11f0-87db-c3c8a1ce2650', 'd3525427-fb58-11f0-87db-c3c8a1ce2650', 'f2c3062f-2f00-49ba-b2ad-d40a5d10d3fd', 250000.00, NULL, 'Terdaftar', '60A', 3, '2026-01-28 13:14:34', '2026-01-28 13:14:34', '2026-01-28 13:14:34'),
	('ebebef23-f7f7-4139-b896-876ff0d5937a', '64015ab4-f934-11f0-87db-c3c8a1ce2650', 'cc94bb51-468f-4cb4-af8b-ded2956d365e', '11c2de9b-e8f0-4ee0-a724-79ae3aede1ee', 400000.00, NULL, 'Terdaftar', '12A', 3, '2026-01-28 13:14:45', '2026-01-28 13:14:45', '2026-01-28 13:14:45'),
	('ed73e6e9-2582-443e-be96-cf777dffbfd2', '66288818-f934-11f0-87db-c3c8a1ce2650', '1f5f8de7-f85f-11f0-87db-c3c8a1ce2650', '4df85aaf-b0d0-48d1-abb4-2f369748f5d9', 250000.00, NULL, 'Terdaftar', '41A', 1, '2026-01-28 13:14:54', '2026-01-28 13:14:54', '2026-01-28 13:14:54'),
	('eda93976-06ce-440d-a9fd-11466cb1d349', '4b2a017e-f935-11f0-87db-c3c8a1ce2650', 'd352538d-fb58-11f0-87db-c3c8a1ce2650', 'fb6b2ba3-1de7-4efe-a35f-ddb71eadff4d', 500000.00, NULL, 'Terdaftar', '37A', 2, '2026-01-28 13:14:38', '2026-01-28 13:14:38', '2026-01-28 13:14:38'),
	('edacad0f-2e6b-4ca2-b4e4-b03842f0a63c', 'f9272ae0-f76f-11f0-87db-c3c8a1ce2650', '1f5f98d1-f85f-11f0-87db-c3c8a1ce2650', '0748dc7a-f832-11f0-87db-c3c8a1ce2650', 150000.00, NULL, 'Terdaftar', '13A', 3, '2026-01-28 13:12:51', '2026-01-28 13:12:51', '2026-01-28 13:12:51'),
	('ef56033c-8415-4359-82be-f0e32f947539', '670f9d9a-f934-11f0-87db-c3c8a1ce2650', 'd3525735-fb58-11f0-87db-c3c8a1ce2650', '3c54e4c1-fc07-11f0-87db-c3c8a1ce2650', 500000.00, NULL, 'Terdaftar', '26A', 2, '2026-01-28 13:12:47', '2026-01-28 13:12:47', '2026-01-28 13:12:47'),
	('ef6dbda5-cdf4-4489-80df-56d0fe83432b', '63457f65-f934-11f0-87db-c3c8a1ce2650', '8b679bc5-fb59-11f0-87db-c3c8a1ce2650', 'dce74260-057d-4ca9-aa3e-ef865c068476', 300000.00, NULL, 'Menunggu Acc', '20A', 2, '2026-01-28 13:14:41', '2026-01-28 13:14:41', '2026-01-28 13:14:41'),
	('f047a8c1-39df-4963-8e7b-a298851146b8', '670f9d9a-f934-11f0-87db-c3c8a1ce2650', 'd35254c4-fb58-11f0-87db-c3c8a1ce2650', '3c54e595-fc07-11f0-87db-c3c8a1ce2650', 500000.00, NULL, 'Terdaftar', '25A', 3, '2026-01-28 13:12:47', '2026-01-28 13:12:47', '2026-01-28 13:12:47'),
	('f095f1d9-99a6-44c0-9226-326e99c43f81', '4b2a017e-f935-11f0-87db-c3c8a1ce2650', 'e0c97acf-3422-441f-ad1a-1a67933e2114', 'fb6b2ba3-1de7-4efe-a35f-ddb71eadff4d', 500000.00, NULL, 'Terdaftar', '44A', 1, '2026-01-28 13:14:37', '2026-01-28 13:14:37', '2026-01-28 13:14:37'),
	('f0f68c6c-8b31-4e12-910d-de7aa4851868', '66288818-f934-11f0-87db-c3c8a1ce2650', 'd3523c18-fb58-11f0-87db-c3c8a1ce2650', 'f41fe5ef-e2f8-4263-9d9a-ebcd3f34a9f3', 250000.00, NULL, 'Terdaftar', '54A', 3, '2026-01-28 13:14:54', '2026-01-28 13:14:54', '2026-01-28 13:14:54'),
	('f11585a1-de7b-4c43-beff-98ffe01420e0', '4b2a017e-f935-11f0-87db-c3c8a1ce2650', 'd35239cb-fb58-11f0-87db-c3c8a1ce2650', 'a4391464-6da5-4a57-9a92-90465f76bd30', 500000.00, NULL, 'Terdaftar', '04A', 4, '2026-01-28 13:14:37', '2026-01-28 13:14:37', '2026-01-28 13:14:37'),
	('f163aaf9-b414-4f75-bf80-9ba93fe7a6ee', '656dbbc6-f934-11f0-87db-c3c8a1ce2650', 'bd686151-f821-11f0-87db-c3c8a1ce2650', '39042441-4a7c-4934-b33c-91b8ebf931ba', 350000.00, NULL, 'Menunggu Acc', '36A', 2, '2026-01-28 13:14:49', '2026-01-28 13:14:49', '2026-01-28 13:14:49'),
	('f1be4a2f-3bde-4b68-a9ff-9d1529a98596', '66288818-f934-11f0-87db-c3c8a1ce2650', 'd3522e80-fb58-11f0-87db-c3c8a1ce2650', '4df85aaf-b0d0-48d1-abb4-2f369748f5d9', 250000.00, NULL, 'Terdaftar', '39A', 2, '2026-01-28 13:14:53', '2026-01-28 13:14:53', '2026-01-28 13:14:53'),
	('f212e232-b448-4085-8f77-c16ea9914a39', '670f9d9a-f934-11f0-87db-c3c8a1ce2650', 'd352716c-fb58-11f0-87db-c3c8a1ce2650', '3c54e595-fc07-11f0-87db-c3c8a1ce2650', 500000.00, NULL, 'Menunggu Acc', '06A', 3, '2026-01-28 13:12:47', '2026-01-28 13:12:47', '2026-01-28 13:12:47'),
	('f29af47d-c919-4a41-9272-aa1f805c6fcc', '4a40793e-f935-11f0-87db-c3c8a1ce2650', '1f5f916b-f85f-11f0-87db-c3c8a1ce2650', '657f70bd-8739-45fa-ac68-afcedbe6f46a', 250000.00, NULL, 'Terdaftar', '38A', 4, '2026-01-28 13:14:36', '2026-01-28 13:14:36', '2026-01-28 13:14:36'),
	('f2c6894e-2dee-4975-bf0a-a29a470ffdc8', '64015ab4-f934-11f0-87db-c3c8a1ce2650', '1f5f9781-f85f-11f0-87db-c3c8a1ce2650', 'b30be72c-98ad-4d99-8313-34a1aae9d5a8', 400000.00, NULL, 'Terdaftar', '42A', 3, '2026-01-28 13:14:44', '2026-01-28 13:14:44', '2026-01-28 13:14:44'),
	('f346f5af-07b0-4198-9669-2309a97f81a2', '64c08cf0-f934-11f0-87db-c3c8a1ce2650', 'd3523b6a-fb58-11f0-87db-c3c8a1ce2650', '3d0f85ec-8ffb-4f5d-a339-efc8bba07377', 200000.00, NULL, 'Terdaftar', '25A', 3, '2026-01-28 13:14:47', '2026-01-28 13:14:47', '2026-01-28 13:14:47'),
	('f36000da-d920-49d9-956e-572773f1c825', '4a40793e-f935-11f0-87db-c3c8a1ce2650', '1f5f96d3-f85f-11f0-87db-c3c8a1ce2650', 'f1503db6-7ed0-4ef1-9ef8-6922f4969748', 250000.00, NULL, 'Terdaftar', '12A', 3, '2026-01-28 13:14:33', '2026-01-28 13:14:33', '2026-01-28 13:14:33'),
	('f3e85a99-35f4-404b-a4af-55ec7f1dcd49', '64015ab4-f934-11f0-87db-c3c8a1ce2650', '7b1abd24-0747-4d03-a315-fcaea4f05dd8', 'a8c35041-419c-4327-9a95-92b10df46e5a', 400000.00, NULL, 'Menunggu Acc', '22A', 3, '2026-01-28 13:14:43', '2026-01-28 13:14:43', '2026-01-28 13:14:43'),
	('f45a90aa-55e6-47c1-aa1f-70d7a13d7c45', '66288818-f934-11f0-87db-c3c8a1ce2650', 'd3523435-fb58-11f0-87db-c3c8a1ce2650', '337b6138-7d49-4117-bc50-e5faa0941d0c', 250000.00, NULL, 'Terdaftar', '37A', 1, '2026-01-28 13:14:52', '2026-01-28 13:14:52', '2026-01-28 13:14:52'),
	('f48d17f9-9888-4958-948a-b3d1e97cde81', '64015ab4-f934-11f0-87db-c3c8a1ce2650', '1f5f98d1-f85f-11f0-87db-c3c8a1ce2650', 'a8c35041-419c-4327-9a95-92b10df46e5a', 400000.00, NULL, 'Menunggu Acc', '07A', 4, '2026-01-28 13:14:42', '2026-01-28 13:14:42', '2026-01-28 13:14:42'),
	('f49f6b59-b38e-4024-8ccb-e93969abc409', '670f9d9a-f934-11f0-87db-c3c8a1ce2650', 'd352538d-fb58-11f0-87db-c3c8a1ce2650', '3c54e53b-fc07-11f0-87db-c3c8a1ce2650', 500000.00, NULL, 'Terdaftar', '02A', 3, '2026-01-28 13:12:47', '2026-01-28 13:12:47', '2026-01-28 13:12:47'),
	('f4f0a8bd-0d1a-452b-9c71-611b4196ecf6', '64c08cf0-f934-11f0-87db-c3c8a1ce2650', 'd352429c-fb58-11f0-87db-c3c8a1ce2650', '19141411-b792-4ae5-b07b-6a828ae26438', 200000.00, NULL, 'Terdaftar', '51A', 2, '2026-01-28 13:14:47', '2026-01-28 13:14:47', '2026-01-28 13:14:47'),
	('f55c45ef-c902-4486-874c-a081b3b0f6ae', 'f9272ae0-f76f-11f0-87db-c3c8a1ce2650', 'd3525cae-fb58-11f0-87db-c3c8a1ce2650', '0748dc7a-f832-11f0-87db-c3c8a1ce2650', 150000.00, NULL, 'Terdaftar', '08A', 3, '2026-01-28 13:12:49', '2026-01-28 13:12:49', '2026-01-28 13:12:49'),
	('f70f8194-3ad3-4cb5-847c-f59c99b5ea5d', '63457f65-f934-11f0-87db-c3c8a1ce2650', '8d22cac0-cee6-42db-888f-b634c8e921b5', '7cdd9cfd-3119-45c7-850d-b6a9690ea301', 300000.00, NULL, 'Menunggu Acc', '04A', 2, '2026-01-28 13:14:40', '2026-01-28 13:14:40', '2026-01-28 13:14:40'),
	('f79ff49b-9bc6-47d3-837d-3de756ad05bb', '64015ab4-f934-11f0-87db-c3c8a1ce2650', '0da70d11-8fb7-4bf4-8ae4-97caadfb6ed2', '210c4035-79fc-4439-80cc-719fc30d2835', 400000.00, NULL, 'Terdaftar', '56A', 3, '2026-01-28 13:14:43', '2026-01-28 13:14:43', '2026-01-28 13:14:43'),
	('f7f5d9b7-a158-454e-b403-8d1e6184f36c', '66288818-f934-11f0-87db-c3c8a1ce2650', 'd3524676-fb58-11f0-87db-c3c8a1ce2650', '337b6138-7d49-4117-bc50-e5faa0941d0c', 250000.00, NULL, 'Terdaftar', '44A', 2, '2026-01-28 13:14:54', '2026-01-28 13:14:54', '2026-01-28 13:14:54'),
	('f8727d9b-1ce3-4a53-8351-8ef9e8dd97a7', '670f9d9a-f934-11f0-87db-c3c8a1ce2650', 'd3523b6a-fb58-11f0-87db-c3c8a1ce2650', '3c54e595-fc07-11f0-87db-c3c8a1ce2650', 500000.00, NULL, 'Terdaftar', '05A', 3, '2026-01-28 13:12:46', '2026-01-28 13:12:46', '2026-01-28 13:12:46'),
	('f8b964b2-4013-4346-bec5-1a9f00b4dfce', '656dbbc6-f934-11f0-87db-c3c8a1ce2650', 'd35249a4-fb58-11f0-87db-c3c8a1ce2650', 'fd32bec8-f0d5-4200-85d5-06e9b1701076', 350000.00, NULL, 'Terdaftar', '20A', 1, '2026-01-28 13:14:49', '2026-01-28 13:14:49', '2026-01-28 13:14:49'),
	('f9a3f17f-de39-476e-8ba3-2eb98aa372fc', '656dbbc6-f934-11f0-87db-c3c8a1ce2650', '803289c5-550e-4640-aa31-04eb415990d8', '15390a96-caad-4690-8aef-406df36f73b7', 350000.00, NULL, 'Terdaftar', '31A', 1, '2026-01-28 13:14:50', '2026-01-28 13:14:50', '2026-01-28 13:14:50'),
	('fa599047-7751-47df-968c-8f3818bbada8', '66288818-f934-11f0-87db-c3c8a1ce2650', 'd35260d5-fb58-11f0-87db-c3c8a1ce2650', '6735daff-cdb9-4dde-87a1-16db35252be9', 250000.00, NULL, 'Terdaftar', '16A', 4, '2026-01-28 13:14:53', '2026-01-28 13:14:53', '2026-01-28 13:14:53'),
	('fa602dc4-93d4-427d-a280-5156bad1c909', '66288818-f934-11f0-87db-c3c8a1ce2650', '8b67a23f-fb59-11f0-87db-c3c8a1ce2650', '6735daff-cdb9-4dde-87a1-16db35252be9', 250000.00, NULL, 'Menunggu Acc', '55A', 3, '2026-01-28 13:14:54', '2026-01-28 13:14:54', '2026-01-28 13:14:54'),
	('fae72d00-35d4-44c3-a1df-555d7362357b', '656dbbc6-f934-11f0-87db-c3c8a1ce2650', 'a007bd15-2fe4-455b-a3dc-1b89d9e7e1fd', '4a0f0f10-0359-4ec7-8f2f-de172c12a898', 350000.00, NULL, 'Terdaftar', '11A', 4, '2026-01-28 13:14:51', '2026-01-28 13:14:51', '2026-01-28 13:14:51'),
	('fb3aeb59-20f9-44e4-9e97-323066c923e1', '64015ab4-f934-11f0-87db-c3c8a1ce2650', 'd3525693-fb58-11f0-87db-c3c8a1ce2650', 'a8c35041-419c-4327-9a95-92b10df46e5a', 400000.00, NULL, 'Menunggu Acc', '25A', 4, '2026-01-28 13:14:44', '2026-01-28 13:14:44', '2026-01-28 13:14:44'),
	('fb45cb06-7f7e-48b0-957b-243d76eb9533', '4b2a017e-f935-11f0-87db-c3c8a1ce2650', '1f5f96d3-f85f-11f0-87db-c3c8a1ce2650', 'a4081a7f-fd1b-421f-b38e-eace81ae1a9d', 500000.00, NULL, 'Terdaftar', '31A', 1, '2026-01-28 13:14:37', '2026-01-28 13:14:37', '2026-01-28 13:14:37'),
	('fb80e091-c49e-4bbc-b265-95241926630d', '4a40793e-f935-11f0-87db-c3c8a1ce2650', 'f3fe528a-d121-457a-abea-1e84aa4ceb0e', '657f70bd-8739-45fa-ac68-afcedbe6f46a', 250000.00, NULL, 'Terdaftar', '01A', 2, '2026-01-28 13:14:35', '2026-01-28 13:14:35', '2026-01-28 13:14:35'),
	('fbb826d1-3a63-494f-b01c-6be38fed6a16', '66288818-f934-11f0-87db-c3c8a1ce2650', 'd3523d68-fb58-11f0-87db-c3c8a1ce2650', '6735daff-cdb9-4dde-87a1-16db35252be9', 250000.00, NULL, 'Menunggu Acc', '36A', 4, '2026-01-28 13:14:53', '2026-01-28 13:14:53', '2026-01-28 13:14:53'),
	('fc6712db-a1b5-4e96-a8a9-b12e9487958c', '64c08cf0-f934-11f0-87db-c3c8a1ce2650', 'd3524ad9-fb58-11f0-87db-c3c8a1ce2650', '4d4c5cfc-77e1-4e2a-97f4-c6b205356eea', 200000.00, NULL, 'Terdaftar', '03A', 1, '2026-01-28 13:14:46', '2026-01-28 13:14:46', '2026-01-28 13:14:46'),
	('fc734306-9c3e-4438-9d6b-d9429ca20432', '4b2a017e-f935-11f0-87db-c3c8a1ce2650', 'bd686067-f821-11f0-87db-c3c8a1ce2650', 'fb6b2ba3-1de7-4efe-a35f-ddb71eadff4d', 500000.00, NULL, 'Terdaftar', '51A', 4, '2026-01-28 13:14:39', '2026-01-28 13:14:39', '2026-01-28 13:14:39'),
	('fd24fd6f-d955-4df1-9b61-a0b047e455a0', '64c08cf0-f934-11f0-87db-c3c8a1ce2650', 'd352675d-fb58-11f0-87db-c3c8a1ce2650', '19141411-b792-4ae5-b07b-6a828ae26438', 200000.00, NULL, 'Terdaftar', '28A', 4, '2026-01-28 13:14:46', '2026-01-28 13:14:46', '2026-01-28 13:14:46'),
	('fd3c9235-8cee-4993-8d1a-88909b681d03', '4a40793e-f935-11f0-87db-c3c8a1ce2650', 'e0c97acf-3422-441f-ad1a-1a67933e2114', '1b71dab9-518a-4ac5-9cd5-d1fc9d65a02c', 250000.00, NULL, 'Terdaftar', '32A', 2, '2026-01-28 13:14:36', '2026-01-28 13:14:36', '2026-01-28 13:14:36'),
	('fd696e29-b63e-473b-87d2-ef2150bc9f77', '66288818-f934-11f0-87db-c3c8a1ce2650', 'f3fe528a-d121-457a-abea-1e84aa4ceb0e', '337b6138-7d49-4117-bc50-e5faa0941d0c', 250000.00, NULL, 'Menunggu Acc', '38A', 1, '2026-01-28 13:14:52', '2026-01-28 13:14:52', '2026-01-28 13:14:52'),
	('fdc96c77-0cb6-423e-a2a3-f9fdcdadfe7e', 'f9272ae0-f76f-11f0-87db-c3c8a1ce2650', 'd3523cbe-fb58-11f0-87db-c3c8a1ce2650', '0748ddc4-f832-11f0-87db-c3c8a1ce2650', 150000.00, NULL, 'Terdaftar', '15A', 3, '2026-01-28 13:12:51', '2026-01-28 13:12:51', '2026-01-28 13:12:51'),
	('fdf53f63-0119-4d71-b918-de69b0247072', '66288818-f934-11f0-87db-c3c8a1ce2650', '8b67a3ef-fb59-11f0-87db-c3c8a1ce2650', '7e4fb752-5aed-41b8-9964-accb6a5a12f1', 250000.00, NULL, 'Menunggu Acc', '58A', 4, '2026-01-28 13:14:54', '2026-01-28 13:14:54', '2026-01-28 13:14:54'),
	('fdfb1331-857f-45e6-8ef3-1d307ac44700', '670f9d9a-f934-11f0-87db-c3c8a1ce2650', '1f5f963b-f85f-11f0-87db-c3c8a1ce2650', '3c54e138-fc07-11f0-87db-c3c8a1ce2650', 500000.00, NULL, 'Terdaftar', '24A', 3, '2026-01-28 13:12:48', '2026-01-28 13:12:48', '2026-01-28 13:12:48'),
	('fe530484-dbf5-47f0-83b7-3c2f37647e5a', '64c08cf0-f934-11f0-87db-c3c8a1ce2650', '1f5f9597-f85f-11f0-87db-c3c8a1ce2650', 'f5f7e00d-7dae-4fcc-a9b5-d18cbc584596', 200000.00, NULL, 'Terdaftar', '35A', 2, '2026-01-28 13:14:48', '2026-01-28 13:14:48', '2026-01-28 13:14:48'),
	('ff2a6778-bbf1-4d55-adec-b6d01db439b5', '670f9d9a-f934-11f0-87db-c3c8a1ce2650', 'd3522e80-fb58-11f0-87db-c3c8a1ce2650', '3c54e138-fc07-11f0-87db-c3c8a1ce2650', 500000.00, NULL, 'Menunggu Acc', '22A', 1, '2026-01-28 13:12:48', '2026-01-28 13:12:48', '2026-01-28 13:12:48'),
	('ff5ec62d-bb15-40f9-91a5-27dea901e909', 'f9272ae0-f76f-11f0-87db-c3c8a1ce2650', '1f5f90ab-f85f-11f0-87db-c3c8a1ce2650', '0748da0d-f832-11f0-87db-c3c8a1ce2650', 150000.00, NULL, 'Menunggu Acc', '16A', 1, '2026-01-28 13:12:51', '2026-01-28 13:12:51', '2026-01-28 13:12:51'),
	('ff720195-b0b5-4a59-9ca9-ea2fbc8a2029', '4a40793e-f935-11f0-87db-c3c8a1ce2650', 'd352448a-fb58-11f0-87db-c3c8a1ce2650', '657f70bd-8739-45fa-ac68-afcedbe6f46a', 250000.00, NULL, 'Terdaftar', '39A', 3, '2026-01-28 13:14:35', '2026-01-28 13:14:35', '2026-01-28 13:14:35');

-- Dumping structure for table archeryhub.event_payment_methods
CREATE TABLE IF NOT EXISTS `event_payment_methods` (
  `uuid` varchar(36) NOT NULL,
  `event_id` varchar(36) NOT NULL,
  `payment_method` varchar(100) NOT NULL,
  `account_name` varchar(255) DEFAULT NULL,
  `account_number` varchar(100) DEFAULT NULL,
  `instructions` text DEFAULT NULL,
  `is_active` tinyint(1) DEFAULT 1,
  `display_order` int(11) DEFAULT 0,
  `created_at` timestamp NOT NULL DEFAULT current_timestamp(),
  `updated_at` timestamp NOT NULL DEFAULT current_timestamp() ON UPDATE current_timestamp(),
  PRIMARY KEY (`uuid`),
  KEY `idx_event_id` (`event_id`),
  KEY `idx_active` (`is_active`)
) ENGINE=InnoDB DEFAULT CHARSET=utf8mb4 COLLATE=utf8mb4_unicode_ci;

-- Dumping data for table archeryhub.event_payment_methods: ~3 rows (approximately)
INSERT INTO `event_payment_methods` (`uuid`, `event_id`, `payment_method`, `account_name`, `account_number`, `instructions`, `is_active`, `display_order`, `created_at`, `updated_at`) VALUES
	('11cb0d86-f853-11f0-87db-c3c8a1ce2650', 'f9272ae0-f76f-11f0-87db-c3c8a1ce2650', 'Transfer Bank BCA', 'PT Archery Indonesia', '1234567890', 'Transfer ke rekening BCA dengan mencantumkan kode event di keterangan transfer', 1, 1, '2026-01-23 12:00:14', '2026-01-23 12:00:14'),
	('12794441-f853-11f0-87db-c3c8a1ce2650', 'f9272ae0-f76f-11f0-87db-c3c8a1ce2650', 'Transfer Bank Mandiri', 'PT Archery Indonesia', '9876543210', 'Transfer ke rekening Mandiri. Pastikan transfer sesuai nominal yang tertera', 1, 2, '2026-01-23 12:00:15', '2026-01-23 12:00:15'),
	('13d47284-f853-11f0-87db-c3c8a1ce2650', 'f9272ae0-f76f-11f0-87db-c3c8a1ce2650', 'E-Wallet Dana', 'Archery Hub', '081234567890', 'Kirim ke nomor Dana di atas. Screenshot bukti transfer akan diperlukan', 1, 3, '2026-01-23 12:00:17', '2026-01-23 12:00:17');

-- Dumping structure for table archeryhub.event_schedule
CREATE TABLE IF NOT EXISTS `event_schedule` (
  `uuid` varchar(36) NOT NULL,
  `event_id` varchar(36) NOT NULL,
  `title` varchar(200) NOT NULL,
  `description` text DEFAULT NULL,
  `start_time` datetime NOT NULL,
  `end_time` datetime DEFAULT NULL,
  `day_order` tinyint(4) DEFAULT NULL,
  `sort_order` int(11) DEFAULT NULL,
  `location` varchar(255) DEFAULT NULL,
  `created_at` timestamp NOT NULL DEFAULT current_timestamp(),
  `updated_at` timestamp NOT NULL DEFAULT current_timestamp() ON UPDATE current_timestamp(),
  PRIMARY KEY (`uuid`),
  KEY `idx_event_schedule_event_id` (`event_id`),
  CONSTRAINT `fk_event_schedule_event` FOREIGN KEY (`event_id`) REFERENCES `events` (`uuid`) ON DELETE CASCADE
) ENGINE=InnoDB DEFAULT CHARSET=utf8mb4 COLLATE=utf8mb4_unicode_ci;

-- Dumping data for table archeryhub.event_schedule: ~17 rows (approximately)
INSERT INTO `event_schedule` (`uuid`, `event_id`, `title`, `description`, `start_time`, `end_time`, `day_order`, `sort_order`, `location`, `created_at`, `updated_at`) VALUES
	('11111111-1111-1111-1111-111111111111', 'f9272ae0-f76f-11f0-87db-c3c8a1ce2650', 'Kualifikasi Sesi 1 - Recurve Men', 'Ronde kualifikasi pertama untuk Recurve Men', '2025-03-15 08:00:00', '2025-03-15 09:30:00', 1, 1, 'GBK Archery Field', '2026-01-22 09:30:26', '2026-01-22 09:30:26'),
	('22222222-2222-2222-2222-222222222222', 'f9272ae0-f76f-11f0-87db-c3c8a1ce2650', 'Kualifikasi Sesi 1 - Recurve Women', 'Ronde kualifikasi pertama untuk Recurve Women', '2025-03-15 10:00:00', '2025-03-15 11:30:00', 1, 2, 'GBK Archery Field', '2026-01-22 09:30:26', '2026-01-22 09:30:26'),
	('33333333-3333-3333-3333-333333333333', 'f9272ae0-f76f-11f0-87db-c3c8a1ce2650', 'Eliminasi 1/32 - Recurve Men', 'Babak eliminasi 1/32 untuk Recurve Men', '2025-03-16 13:30:00', '2025-03-16 15:00:00', 2, 1, 'GBK Archery Field', '2026-01-22 09:30:26', '2026-01-22 09:30:26'),
	('ab87d9d2-fc06-11f0-87db-c3c8a1ce2650', '670f9d9a-f934-11f0-87db-c3c8a1ce2650', 'Registrasi & Technical Meeting', 'Registrasi peserta dan technical meeting untuk menjelaskan peraturan dan tata tertib kompetisi', '2026-01-23 08:00:00', '2026-01-23 10:00:00', 1, 1, 'Hall Utama', '2026-01-28 05:03:25', '2026-01-28 05:03:25'),
	('ab87dd18-fc06-11f0-87db-c3c8a1ce2650', '670f9d9a-f934-11f0-87db-c3c8a1ce2650', 'Sesi Kualifikasi - Recurve & Compound', 'Sesi kualifikasi untuk divisi Recurve dan Compound. Setiap pemanah akan menembak 72 anak panah', '2026-01-23 10:30:00', '2026-01-23 14:00:00', 1, 2, 'Lapangan Panahan Utama', '2026-01-28 05:03:25', '2026-01-28 05:03:25'),
	('ab87ddea-fc06-11f0-87db-c3c8a1ce2650', '670f9d9a-f934-11f0-87db-c3c8a1ce2650', 'Sesi Kualifikasi - Barebow & Nasional', 'Sesi kualifikasi untuk divisi Barebow dan Nasional. Setiap pemanah akan menembak 72 anak panah', '2026-01-23 14:30:00', '2026-01-23 18:00:00', 1, 3, 'Lapangan Panahan Utama', '2026-01-28 05:03:25', '2026-01-28 05:03:25'),
	('ab87de52-fc06-11f0-87db-c3c8a1ce2650', '670f9d9a-f934-11f0-87db-c3c8a1ce2650', 'Pengumuman Hasil Kualifikasi', 'Pengumuman hasil sesi kualifikasi dan pengundian untuk babak eliminasi', '2026-01-23 18:30:00', '2026-01-23 19:00:00', 1, 4, 'Hall Utama', '2026-01-28 05:03:25', '2026-01-28 05:03:25'),
	('ab87deb9-fc06-11f0-87db-c3c8a1ce2650', '670f9d9a-f934-11f0-87db-c3c8a1ce2650', 'Babak Eliminasi - 1/16 Final', 'Babak eliminasi 1/16 final untuk semua divisi. Format pertandingan head-to-head', '2026-01-24 08:00:00', '2026-01-24 12:00:00', 2, 1, 'Lapangan Panahan Utama', '2026-01-28 05:03:25', '2026-01-28 05:03:25'),
	('ab87df17-fc06-11f0-87db-c3c8a1ce2650', '670f9d9a-f934-11f0-87db-c3c8a1ce2650', 'Babak Eliminasi - 1/8 Final', 'Babak eliminasi 1/8 final untuk semua divisi', '2026-01-24 13:00:00', '2026-01-24 17:00:00', 2, 2, 'Lapangan Panahan Utama', '2026-01-28 05:03:25', '2026-01-28 05:03:25'),
	('ab87df63-fc06-11f0-87db-c3c8a1ce2650', '670f9d9a-f934-11f0-87db-c3c8a1ce2650', 'Babak Eliminasi - Quarter Final', 'Babak perempat final untuk semua divisi', '2026-01-25 08:00:00', '2026-01-25 12:00:00', 3, 1, 'Lapangan Panahan Utama', '2026-01-28 05:03:25', '2026-01-28 05:03:25'),
	('ab87dfaa-fc06-11f0-87db-c3c8a1ce2650', '670f9d9a-f934-11f0-87db-c3c8a1ce2650', 'Babak Eliminasi - Semi Final', 'Babak semi final untuk semua divisi', '2026-01-25 13:00:00', '2026-01-25 17:00:00', 3, 2, 'Lapangan Panahan Utama', '2026-01-28 05:03:25', '2026-01-28 05:03:25'),
	('ab87dff5-fc06-11f0-87db-c3c8a1ce2650', '670f9d9a-f934-11f0-87db-c3c8a1ce2650', 'Kompetisi Tim - Kualifikasi', 'Sesi kualifikasi untuk kompetisi tim (Recurve, Compound, Mixed Team)', '2026-01-26 08:00:00', '2026-01-26 12:00:00', 4, 1, 'Lapangan Panahan Utama', '2026-01-28 05:03:25', '2026-01-28 05:03:25'),
	('ab87e03a-fc06-11f0-87db-c3c8a1ce2650', '670f9d9a-f934-11f0-87db-c3c8a1ce2650', 'Kompetisi Tim - Eliminasi', 'Babak eliminasi untuk kompetisi tim', '2026-01-26 13:00:00', '2026-01-26 17:00:00', 4, 2, 'Lapangan Panahan Utama', '2026-01-28 05:03:25', '2026-01-28 05:03:25'),
	('ab87e07f-fc06-11f0-87db-c3c8a1ce2650', '670f9d9a-f934-11f0-87db-c3c8a1ce2650', 'Final Individu - Perunggu', 'Pertandingan perebutan medali perunggu untuk semua divisi individu', '2026-01-27 08:00:00', '2026-01-27 10:00:00', 5, 1, 'Lapangan Panahan Utama', '2026-01-28 05:03:25', '2026-01-28 05:03:25'),
	('ab87e0c2-fc06-11f0-87db-c3c8a1ce2650', '670f9d9a-f934-11f0-87db-c3c8a1ce2650', 'Final Individu - Emas & Perak', 'Pertandingan final untuk medali emas dan perak semua divisi individu', '2026-01-27 10:30:00', '2026-01-27 13:00:00', 5, 2, 'Lapangan Panahan Utama', '2026-01-28 05:03:25', '2026-01-28 05:03:25'),
	('ab87e107-fc06-11f0-87db-c3c8a1ce2650', '670f9d9a-f934-11f0-87db-c3c8a1ce2650', 'Final Tim', 'Pertandingan final untuk kompetisi tim', '2026-01-27 14:00:00', '2026-01-27 16:00:00', 5, 3, 'Lapangan Panahan Utama', '2026-01-28 05:03:25', '2026-01-28 05:03:25'),
	('ab87e14f-fc06-11f0-87db-c3c8a1ce2650', '670f9d9a-f934-11f0-87db-c3c8a1ce2650', 'Upacara Penutupan & Penganugerahan', 'Upacara penutupan dan penganugerahan medali untuk semua juara', '2026-01-27 16:30:00', '2026-01-27 18:00:00', 5, 4, 'Hall Utama', '2026-01-28 05:03:25', '2026-01-28 05:03:25');

-- Dumping structure for table archeryhub.matches
CREATE TABLE IF NOT EXISTS `matches` (
  `uuid` char(36) NOT NULL,
  `event_category_uuid` char(36) NOT NULL,
  `round_name` varchar(50) NOT NULL COMMENT 'e.g., 1/32, 1/16, Quarter-final, Semi-final, Final',
  `match_order` int(11) NOT NULL DEFAULT 1,
  `status` varchar(20) NOT NULL DEFAULT 'scheduled' COMMENT 'scheduled, live, completed, bye',
  `winner_uuid` char(36) DEFAULT NULL,
  `created_at` timestamp NOT NULL DEFAULT current_timestamp(),
  `updated_at` timestamp NOT NULL DEFAULT current_timestamp() ON UPDATE current_timestamp(),
  PRIMARY KEY (`uuid`),
  KEY `idx_matches_event_category` (`event_category_uuid`),
  KEY `idx_matches_status` (`status`)
) ENGINE=InnoDB DEFAULT CHARSET=utf8mb4 COLLATE=utf8mb4_unicode_ci;

-- Dumping data for table archeryhub.matches: ~1 rows (approximately)
INSERT INTO `matches` (`uuid`, `event_category_uuid`, `round_name`, `match_order`, `status`, `winner_uuid`, `created_at`, `updated_at`) VALUES
	('b0ee11e3-e684-4d73-958a-4a77e0896f1f', '3d7d8244-ae6d-46fa-bc65-8946e73277c7', '1/32', 1, 'scheduled', NULL, '2026-01-24 10:47:50', '2026-01-24 10:47:50');

-- Dumping structure for table archeryhub.match_end_scores
CREATE TABLE IF NOT EXISTS `match_end_scores` (
  `uuid` char(36) NOT NULL,
  `match_participant_uuid` char(36) NOT NULL,
  `end_number` int(11) NOT NULL,
  `arrow_scores` varchar(255) DEFAULT NULL COMMENT 'Comma separated values: 10,9,X,...',
  `end_total` int(11) NOT NULL DEFAULT 0,
  `end_10_count` int(11) NOT NULL DEFAULT 0,
  `end_x_count` int(11) NOT NULL DEFAULT 0,
  `created_at` timestamp NOT NULL DEFAULT current_timestamp(),
  `updated_at` timestamp NOT NULL DEFAULT current_timestamp() ON UPDATE current_timestamp(),
  PRIMARY KEY (`uuid`),
  UNIQUE KEY `uk_mes_end` (`match_participant_uuid`,`end_number`),
  KEY `idx_mes_participant` (`match_participant_uuid`)
) ENGINE=InnoDB DEFAULT CHARSET=utf8mb4 COLLATE=utf8mb4_unicode_ci;

-- Dumping data for table archeryhub.match_end_scores: ~0 rows (approximately)

-- Dumping structure for table archeryhub.match_participants
CREATE TABLE IF NOT EXISTS `match_participants` (
  `uuid` char(36) NOT NULL,
  `match_uuid` char(36) NOT NULL,
  `archer_uuid` char(36) DEFAULT NULL COMMENT 'NULL for bye or TBD',
  `seed` int(11) DEFAULT NULL,
  `score` int(11) DEFAULT 0,
  `result` varchar(10) DEFAULT NULL COMMENT 'win, loss',
  `created_at` timestamp NOT NULL DEFAULT current_timestamp(),
  `updated_at` timestamp NOT NULL DEFAULT current_timestamp() ON UPDATE current_timestamp(),
  PRIMARY KEY (`uuid`),
  KEY `idx_mp_match` (`match_uuid`),
  KEY `idx_mp_archer` (`archer_uuid`)
) ENGINE=InnoDB DEFAULT CHARSET=utf8mb4 COLLATE=utf8mb4_unicode_ci;

-- Dumping data for table archeryhub.match_participants: ~0 rows (approximately)

-- Dumping structure for table archeryhub.match_target_assignments
CREATE TABLE IF NOT EXISTS `match_target_assignments` (
  `uuid` char(36) NOT NULL,
  `match_uuid` char(36) NOT NULL,
  `target_number` int(11) NOT NULL,
  `target_position` varchar(5) DEFAULT NULL COMMENT 'A, B, or empty for full match on target',
  `created_at` timestamp NOT NULL DEFAULT current_timestamp(),
  `updated_at` timestamp NOT NULL DEFAULT current_timestamp() ON UPDATE current_timestamp(),
  PRIMARY KEY (`uuid`),
  UNIQUE KEY `uk_mta_target` (`match_uuid`,`target_number`,`target_position`),
  KEY `idx_mta_match` (`match_uuid`)
) ENGINE=InnoDB DEFAULT CHARSET=utf8mb4 COLLATE=utf8mb4_unicode_ci;

-- Dumping data for table archeryhub.match_target_assignments: ~0 rows (approximately)

-- Dumping structure for table archeryhub.media
CREATE TABLE IF NOT EXISTS `media` (
  `uuid` varchar(36) NOT NULL,
  `user_id` varchar(36) NOT NULL,
  `user_type` varchar(50) NOT NULL,
  `url` text NOT NULL,
  `caption` varchar(255) DEFAULT NULL,
  `created_at` timestamp NOT NULL DEFAULT current_timestamp(),
  `updated_at` timestamp NOT NULL DEFAULT current_timestamp() ON UPDATE current_timestamp(),
  `mime_type` varchar(100) NOT NULL DEFAULT 'image/jpeg',
  `size` bigint(20) NOT NULL DEFAULT 0,
  PRIMARY KEY (`uuid`),
  KEY `idx_user` (`user_id`,`user_type`)
) ENGINE=InnoDB DEFAULT CHARSET=latin1 COLLATE=latin1_swedish_ci;

-- Dumping data for table archeryhub.media: ~2 rows (approximately)
INSERT INTO `media` (`uuid`, `user_id`, `user_type`, `url`, `caption`, `created_at`, `updated_at`, `mime_type`, `size`) VALUES
	('02a76343-cb58-48ec-a9c4-1eb687aa39b6', 'a1fdd1c4-632a-44d9-9be4-c96461e4530e', 'organization', 'ok-02a76343.png', 'Ok', '2026-01-28 09:57:31', '2026-01-28 09:57:31', 'image/png', 95502),
	('9166a70b-a708-4652-b8e1-4eedfb6eec01', '218e8243-6e03-41b3-a551-65936bd12815', 'club', 'logo-ngekode-club-9166a70b.png', 'Logo Ngekode Club', '2026-01-28 09:59:43', '2026-01-28 09:59:43', 'image/png', 95690);

-- Dumping structure for table archeryhub.news
CREATE TABLE IF NOT EXISTS `news` (
  `uuid` varchar(36) NOT NULL,
  `organization_id` varchar(36) DEFAULT NULL,
  `club_id` varchar(36) DEFAULT NULL,
  `title` varchar(500) NOT NULL,
  `slug` varchar(500) DEFAULT NULL,
  `excerpt` text DEFAULT NULL,
  `content` longtext DEFAULT NULL,
  `image_url` varchar(500) DEFAULT NULL,
  `category` enum('event','pengumuman','prestasi','lainnya') DEFAULT 'pengumuman',
  `status` enum('draft','published') DEFAULT 'draft',
  `views` int(11) DEFAULT 0,
  `author_name` varchar(255) DEFAULT NULL,
  `author_id` varchar(36) DEFAULT NULL,
  `meta_title` varchar(255) DEFAULT NULL,
  `meta_description` text DEFAULT NULL,
  `published_at` timestamp NULL DEFAULT NULL,
  `created_at` timestamp NOT NULL DEFAULT current_timestamp(),
  `updated_at` timestamp NOT NULL DEFAULT current_timestamp() ON UPDATE current_timestamp(),
  PRIMARY KEY (`uuid`),
  UNIQUE KEY `slug` (`slug`),
  KEY `idx_news_org` (`organization_id`),
  KEY `idx_news_club` (`club_id`),
  KEY `idx_news_status` (`status`),
  KEY `idx_news_category` (`category`),
  KEY `idx_news_published` (`published_at`)
) ENGINE=InnoDB DEFAULT CHARSET=latin1 COLLATE=latin1_swedish_ci;

-- Dumping data for table archeryhub.news: ~8 rows (approximately)
INSERT INTO `news` (`uuid`, `organization_id`, `club_id`, `title`, `slug`, `excerpt`, `content`, `image_url`, `category`, `status`, `views`, `author_name`, `author_id`, `meta_title`, `meta_description`, `published_at`, `created_at`, `updated_at`) VALUES
	('452c2d35-f935-11f0-87db-c3c8a1ce2650', NULL, '6a108a88-f934-11f0-87db-c3c8a1ce2650', 'Atlet Indonesia Raih Medali Emas di Asian Games 2025', 'atlet-indonesia-raih-medali-emas-di-asian-games-2025', 'Prestasi membanggakan! Atlet panahan Indonesia berhasil meraih medali emas di kategori Recurve Men pada Asian Games 2025.', 'Prestasi membanggakan datang dari atlet panahan Indonesia yang berhasil meraih medali emas di kategori Recurve Men pada Asian Games 2025. Atlet tersebut menunjukkan performa luar biasa dengan skor total 685 poin, mengalahkan kompetitor dari Korea Selatan dan Jepang.', NULL, 'prestasi', 'published', 0, 'Tim Redaksi ArcheryHub', NULL, NULL, NULL, '2026-01-24 14:59:26', '2026-01-24 14:59:26', '2026-01-27 08:12:40'),
	('4543e2a8-f935-11f0-87db-c3c8a1ce2650', '34d712a4-f992-11f0-87db-c3c8a1ce2650', NULL, 'Kejuaraan Nasional Panahan 2025 Resmi Dibuka', 'kejuaraan-nasional-panahan-2025-resmi-dibuka', 'Kejuaraan Nasional Panahan 2025 telah resmi dibuka dengan partisipasi lebih dari 500 atlet dari seluruh Indonesia.', 'Kejuaraan Nasional Panahan 2025 telah resmi dibuka hari ini dengan partisipasi lebih dari 500 atlet dari seluruh Indonesia. Event yang diselenggarakan di GBK Senayan, Jakarta ini akan berlangsung selama 5 hari dan menampilkan berbagai kategori mulai dari Recurve, Compound, hingga Traditional Bow.', NULL, 'event', 'published', 0, 'Tim Redaksi ArcheryHub', NULL, NULL, NULL, '2026-01-24 14:59:26', '2026-01-24 14:59:26', '2026-01-27 08:12:42'),
	('457d1c97-f935-11f0-87db-c3c8a1ce2650', NULL, '218e8243-6e03-41b3-a551-65936bd12815', 'Pendaftaran Jakarta Open Championship 2025 Dibuka', 'pendaftaran-jakarta-open-championship-2025-dibuka', 'Pendaftaran untuk Jakarta Open Championship 2025 telah dibuka. Event ini akan diselenggarakan pada bulan Februari 2025.', 'Pendaftaran untuk Jakarta Open Championship 2025 telah resmi dibuka. Event bergengsi ini akan diselenggarakan di GBK Senayan pada bulan Februari 2025. Segera daftarkan diri Anda untuk mendapatkan slot terbaik!', NULL, 'pengumuman', 'published', 0, 'Tim Redaksi ArcheryHub', NULL, NULL, NULL, '2026-01-24 14:59:27', '2026-01-24 14:59:27', '2026-01-27 08:12:44'),
	('4659d2f5-f935-11f0-87db-c3c8a1ce2650', '34d7162e-f992-11f0-87db-c3c8a1ce2650', NULL, 'Workshop Teknik Panahan Modern untuk Pelatih', 'workshop-teknik-panahan-modern-untuk-pelatih', 'Workshop khusus untuk pelatih panahan akan diselenggarakan untuk meningkatkan kualitas pelatihan di Indonesia.', 'Workshop teknik panahan modern akan diselenggarakan khusus untuk para pelatih panahan di seluruh Indonesia. Workshop ini akan membahas teknik-teknik terbaru dalam pelatihan panahan, manajemen atlet, dan strategi pengembangan bakat.', NULL, 'pengumuman', 'published', 0, 'Tim Redaksi ArcheryHub', NULL, NULL, NULL, '2026-01-24 14:59:28', '2026-01-24 14:59:28', '2026-01-27 08:12:46'),
	('48751ea6-f935-11f0-87db-c3c8a1ce2650', NULL, '6a108a88-f934-11f0-87db-c3c8a1ce2650', 'Klub Jakarta Elite Archery Raih Juara Umum', 'klub-jakarta-elite-archery-raih-juara-umum', 'Klub Jakarta Elite Archery berhasil meraih juara umum pada Kejuaraan Antar Klub Nasional 2025.', 'Klub Jakarta Elite Archery berhasil meraih juara umum pada Kejuaraan Antar Klub Nasional 2025 yang diselenggarakan di Bandung. Klub ini berhasil mengumpulkan total 12 medali terdiri dari 5 emas, 4 perak, dan 3 perunggu.', NULL, 'prestasi', 'published', 0, 'Tim Redaksi ArcheryHub', NULL, NULL, NULL, '2026-01-24 14:59:32', '2026-01-24 14:59:32', '2026-01-27 08:12:47'),
	('487535c3-f935-11f0-87db-c3c8a1ce2650', '34d717bf-f992-11f0-87db-c3c8a1ce2650', NULL, 'Teknologi Baru dalam Peralatan Panahan', 'teknologi-baru-dalam-peralatan-panahan', 'Perkembangan teknologi terbaru dalam peralatan panahan modern yang dapat meningkatkan performa atlet.', 'Perkembangan teknologi terus membawa inovasi dalam dunia panahan. Peralatan terbaru seperti busur dengan teknologi carbon fiber, sight dengan sistem digital, dan arrow dengan aerodinamika yang lebih baik telah membantu atlet mencapai performa optimal.', NULL, 'lainnya', 'published', 0, 'Tim Redaksi ArcheryHub', NULL, NULL, NULL, '2026-01-24 14:59:32', '2026-01-24 14:59:32', '2026-01-27 08:12:50'),
	('48b24529-f935-11f0-87db-c3c8a1ce2650', '34d717bf-f992-11f0-87db-c3c8a1ce2650', NULL, 'Program Pengembangan Atlet Muda Panahan', 'program-pengembangan-atlet-muda-panahan', 'Program khusus untuk mengembangkan bakat atlet muda panahan Indonesia diluncurkan.', 'Program pengembangan atlet muda panahan telah diluncurkan untuk memberikan pelatihan intensif kepada atlet-atlet berbakat di usia muda. Program ini bertujuan untuk mencetak atlet-atlet berprestasi yang dapat mewakili Indonesia di kompetisi internasional.', NULL, 'pengumuman', 'published', 0, 'Tim Redaksi ArcheryHub', NULL, NULL, NULL, '2026-01-24 14:59:32', '2026-01-24 14:59:32', '2026-01-27 08:12:50'),
	('4a1260d6-f935-11f0-87db-c3c8a1ce2650', NULL, '6c839327-f934-11f0-87db-c3c8a1ce2650', 'Tips Meningkatkan Akurasi dalam Panahan', 'tips-meningkatkan-akurasi-dalam-panahan', 'Panduan lengkap untuk meningkatkan akurasi dan konsistensi dalam memanah.', 'Meningkatkan akurasi dalam panahan memerlukan latihan yang konsisten dan teknik yang tepat. Artikel ini membahas berbagai tips dan teknik yang dapat membantu pemanah meningkatkan akurasi, mulai dari postur tubuh, teknik menarik, hingga fokus mental.', NULL, 'lainnya', 'published', 0, 'Tim Redaksi ArcheryHub', NULL, NULL, NULL, '2026-01-24 14:59:34', '2026-01-24 14:59:34', '2026-01-27 08:12:51');

-- Dumping structure for table archeryhub.notifications
CREATE TABLE IF NOT EXISTS `notifications` (
  `id` int(11) NOT NULL AUTO_INCREMENT,
  `user_id` varchar(36) NOT NULL,
  `user_role` enum('club','organization','archer','admin') NOT NULL,
  `type` enum('success','warning','danger','info','default') DEFAULT 'default',
  `title` varchar(255) NOT NULL,
  `message` text NOT NULL,
  `link` varchar(500) DEFAULT NULL,
  `is_read` tinyint(1) DEFAULT 0,
  `created_at` timestamp NOT NULL DEFAULT current_timestamp(),
  `updated_at` timestamp NOT NULL DEFAULT current_timestamp() ON UPDATE current_timestamp(),
  PRIMARY KEY (`id`),
  KEY `idx_user_id` (`user_id`),
  KEY `idx_user_role` (`user_role`),
  KEY `idx_is_read` (`is_read`),
  KEY `idx_created_at` (`created_at`)
) ENGINE=InnoDB DEFAULT CHARSET=latin1 COLLATE=latin1_swedish_ci;

-- Dumping data for table archeryhub.notifications: ~0 rows (approximately)

-- Dumping structure for table archeryhub.orders
CREATE TABLE IF NOT EXISTS `orders` (
  `uuid` varchar(36) NOT NULL,
  `seller_id` varchar(36) NOT NULL,
  `buyer_id` varchar(36) NOT NULL,
  `total_amount` decimal(12,2) NOT NULL,
  `status` enum('pending','processing','shipped','done','cancelled') DEFAULT 'pending',
  `payment_status` enum('unpaid','paid','expired','failed') DEFAULT 'unpaid',
  `shipping_address` text DEFAULT NULL,
  `created_at` timestamp NOT NULL DEFAULT current_timestamp(),
  `updated_at` timestamp NOT NULL DEFAULT current_timestamp() ON UPDATE current_timestamp(),
  PRIMARY KEY (`uuid`),
  KEY `idx_seller_id` (`seller_id`),
  KEY `idx_buyer_id` (`buyer_id`),
  KEY `idx_status` (`status`)
) ENGINE=InnoDB DEFAULT CHARSET=latin1 COLLATE=latin1_swedish_ci;

-- Dumping data for table archeryhub.orders: ~0 rows (approximately)

-- Dumping structure for table archeryhub.order_items
CREATE TABLE IF NOT EXISTS `order_items` (
  `uuid` varchar(36) NOT NULL,
  `order_id` varchar(36) NOT NULL,
  `product_id` varchar(36) NOT NULL,
  `quantity` int(11) NOT NULL,
  `price` decimal(12,2) NOT NULL,
  `created_at` timestamp NOT NULL DEFAULT current_timestamp(),
  PRIMARY KEY (`uuid`),
  KEY `idx_order_id` (`order_id`),
  KEY `idx_product_id` (`product_id`)
) ENGINE=InnoDB DEFAULT CHARSET=latin1 COLLATE=latin1_swedish_ci;

-- Dumping data for table archeryhub.order_items: ~0 rows (approximately)

-- Dumping structure for table archeryhub.organizations
CREATE TABLE IF NOT EXISTS `organizations` (
  `uuid` varchar(36) NOT NULL,
  `username` varchar(50) DEFAULT NULL,
  `user_id` varchar(36) DEFAULT NULL,
  `name` varchar(255) NOT NULL,
  `acronym` varchar(20) DEFAULT NULL,
  `description` text DEFAULT NULL,
  `website` varchar(255) DEFAULT NULL,
  `email` varchar(255) NOT NULL,
  `google_id` varchar(100) DEFAULT NULL,
  `avatar_url` varchar(255) DEFAULT NULL,
  `password` varchar(255) DEFAULT NULL,
  `role` enum('organization','admin') DEFAULT 'organization',
  `phone` varchar(20) DEFAULT NULL,
  `address` text DEFAULT NULL,
  `city` varchar(100) DEFAULT NULL,
  `postal_code` varchar(10) DEFAULT NULL,
  `country` varchar(100) DEFAULT 'Indonesia',
  `registration_number` varchar(100) DEFAULT NULL,
  `established_date` date DEFAULT NULL,
  `contact_person_name` varchar(255) DEFAULT NULL,
  `contact_person_email` varchar(255) DEFAULT NULL,
  `contact_person_phone` varchar(20) DEFAULT NULL,
  `social_facebook` varchar(255) DEFAULT NULL,
  `social_instagram` varchar(255) DEFAULT NULL,
  `social_twitter` varchar(255) DEFAULT NULL,
  `verification_status` enum('pending','verified','rejected') DEFAULT 'pending',
  `status` enum('active','inactive','suspended') DEFAULT 'active',
  `created_at` timestamp NOT NULL DEFAULT current_timestamp(),
  `updated_at` timestamp NOT NULL DEFAULT current_timestamp() ON UPDATE current_timestamp(),
  PRIMARY KEY (`uuid`),
  UNIQUE KEY `idx_orgs_email` (`email`),
  UNIQUE KEY `idx_orgs_username` (`username`),
  KEY `idx_user_id` (`user_id`),
  KEY `idx_verification_status` (`verification_status`)
) ENGINE=InnoDB DEFAULT CHARSET=latin1 COLLATE=latin1_swedish_ci;

-- Dumping data for table archeryhub.organizations: ~6 rows (approximately)
INSERT INTO `organizations` (`uuid`, `username`, `user_id`, `name`, `acronym`, `description`, `website`, `email`, `google_id`, `avatar_url`, `password`, `role`, `phone`, `address`, `city`, `postal_code`, `country`, `registration_number`, `established_date`, `contact_person_name`, `contact_person_email`, `contact_person_phone`, `social_facebook`, `social_instagram`, `social_twitter`, `verification_status`, `status`, `created_at`, `updated_at`) VALUES
	('34d712a4-f992-11f0-87db-c3c8a1ce2650', 'perpani_dki', NULL, 'PERPANI DKI Jakarta', 'PERPANI-DKI', 'Persatuan Panahan Indonesia DKI Jakarta - Organisasi resmi panahan di wilayah DKI Jakarta yang mengelola dan mengembangkan olahraga panahan di tingkat provinsi.', 'https://perpanidki.id', 'sekretariat@perpanidki.id', NULL, NULL, '12345', 'organization', '021-55501234', 'Jl. Jenderal Sudirman No. 1, Jakarta Pusat', 'Jakarta', '10220', 'Indonesia', NULL, NULL, 'Dr. Ahmad Hidayat', 'ahmad.hidayat@perpanidki.id', '021-55501234', NULL, NULL, NULL, 'verified', 'active', '2026-01-25 02:04:42', '2026-01-28 14:51:57'),
	('34d7162e-f992-11f0-87db-c3c8a1ce2650', 'yaa_archery', NULL, 'Yogyakarta Archery Association', 'YAA', 'Yogyakarta Archery Association - Asosiasi panahan resmi di Yogyakarta yang aktif mengembangkan dan mempromosikan olahraga panahan di daerah istimewa Yogyakarta.', 'https://yogyakartaarchery.org', 'info@yogyakartaarchery.org', NULL, NULL, '12345', 'organization', '0274-55501234', 'Jl. Malioboro No. 1, Yogyakarta', 'Yogyakarta', '55213', 'Indonesia', NULL, NULL, 'Budi Santoso, S.Pd', 'budi.santoso@yogyakartaarchery.org', '0274-55501234', NULL, NULL, NULL, 'verified', 'active', '2026-01-25 02:04:42', '2026-01-28 14:51:57'),
	('34d716cf-f992-11f0-87db-c3c8a1ce2650', 'bali_sports', NULL, 'Bali Sports Committee', 'BSC', 'Bali Sports Committee - Komite olahraga Bali yang mengelola berbagai cabang olahraga termasuk panahan. Fokus pada pengembangan atlet dan penyelenggaraan event olahraga.', 'https://balisports.go.id', 'contact@balisports.go.id', NULL, NULL, '12345', 'organization', '0361-55501234', 'Jl. Gajah Mada No. 1, Denpasar, Bali', 'Denpasar', '80234', 'Indonesia', NULL, NULL, 'I Made Suryawan', 'made.suryawan@balisports.go.id', '0361-55501234', NULL, NULL, NULL, 'pending', 'active', '2026-01-25 02:04:42', '2026-01-28 14:51:57'),
	('34d7174a-f992-11f0-87db-c3c8a1ce2650', 'ejaf_archery', NULL, 'East Java Archery Foundation', 'EJAF', 'East Java Archery Foundation - Yayasan panahan Jawa Timur yang berdedikasi untuk mengembangkan bakat atlet panahan di wilayah Jawa Timur dan sekitarnya.', 'https://ejaf.or.id', 'admin@ejaf.or.id', NULL, NULL, '12345', 'organization', '031-55501234', 'Jl. Pemuda No. 1, Surabaya', 'Surabaya', '60271', 'Indonesia', NULL, NULL, 'Siti Nurhaliza, M.Pd', 'siti.nurhaliza@ejaf.or.id', '031-55501234', NULL, NULL, NULL, 'pending', 'active', '2026-01-25 02:04:42', '2026-01-28 14:51:57'),
	('34d717bf-f992-11f0-87db-c3c8a1ce2650', 'nad_archery', NULL, 'National Archery Development', 'NAD', 'National Archery Development - Organisasi nasional yang fokus pada pengembangan panahan di seluruh Indonesia. Menyelenggarakan program pelatihan, kompetisi, dan pengembangan atlet nasional.', 'https://nad.archery.id', 'hello@nad.archery.id', NULL, NULL, '12345', 'organization', '021-55501235', 'Jl. Gatot Subroto No. 1, Jakarta Selatan', 'Jakarta', '12930', 'Indonesia', NULL, NULL, 'Prof. Dr. Bambang Sutrisno', 'bambang.sutrisno@nad.archery.id', '021-55501235', NULL, NULL, NULL, 'pending', 'active', '2026-01-25 02:04:42', '2026-01-28 14:51:57'),
	('a1fdd1c4-632a-44d9-9be4-c96461e4530e', 'ichsanfadhil67', NULL, 'Muhammad Ichsan', 'Muham', 'Organisasi pribadi untuk pengembangan panahan dan teknologi olahraga.', 'https://ichsan.dev', 'ichsanfadhil67@gmail.com', '101125385602255730839', 'https://lh3.googleusercontent.com/a/ACg8ocJgdxl4O25bbwOOWJE0qkbdINIPRk1FkLDoc8s5E1IrbNarK06x=s96-c', '12345', 'organization', '081234567890', 'Jl. Raya Jakarta No. 1, Jakarta', 'Jakarta', '10110', 'Indonesia', NULL, NULL, 'Muhammad Ichsan', 'ichsanfadhil67@gmail.com', '081234567890', NULL, NULL, NULL, 'pending', 'active', '2026-01-21 04:26:33', '2026-01-28 13:12:04');

-- Dumping structure for table archeryhub.organization_profiles
CREATE TABLE IF NOT EXISTS `organization_profiles` (
  `uuid` varchar(36) NOT NULL,
  `organization_id` varchar(36) NOT NULL,
  `section_type` varchar(50) NOT NULL,
  `section_title` varchar(255) DEFAULT NULL,
  `section_content` text DEFAULT NULL,
  `section_metadata` longtext CHARACTER SET utf8mb4 COLLATE utf8mb4_bin DEFAULT NULL CHECK (json_valid(`section_metadata`)),
  `display_order` int(11) DEFAULT 0,
  `is_visible` tinyint(1) DEFAULT 1,
  `created_at` timestamp NOT NULL DEFAULT current_timestamp(),
  `updated_at` timestamp NOT NULL DEFAULT current_timestamp() ON UPDATE current_timestamp(),
  PRIMARY KEY (`uuid`),
  KEY `organization_id` (`organization_id`),
  CONSTRAINT `organization_profiles_ibfk_1` FOREIGN KEY (`organization_id`) REFERENCES `organizations` (`uuid`) ON DELETE CASCADE
) ENGINE=InnoDB DEFAULT CHARSET=latin1 COLLATE=latin1_swedish_ci;

-- Dumping data for table archeryhub.organization_profiles: ~0 rows (approximately)

-- Dumping structure for table archeryhub.payment_transactions
CREATE TABLE IF NOT EXISTS `payment_transactions` (
  `uuid` varchar(36) NOT NULL,
  `reference` varchar(100) NOT NULL,
  `tripay_reference` varchar(100) DEFAULT NULL,
  `user_id` varchar(36) NOT NULL,
  `event_id` varchar(36) DEFAULT NULL,
  `registration_id` varchar(36) DEFAULT NULL,
  `amount` decimal(12,2) NOT NULL,
  `fee_amount` decimal(12,2) DEFAULT 0.00,
  `total_amount` decimal(12,2) NOT NULL,
  `payment_method` varchar(50) DEFAULT NULL,
  `payment_channel` varchar(50) DEFAULT NULL,
  `va_number` varchar(100) DEFAULT NULL,
  `qr_url` text DEFAULT NULL,
  `checkout_url` text DEFAULT NULL,
  `pay_code` varchar(100) DEFAULT NULL,
  `instructions` text DEFAULT NULL,
  `status` enum('pending','paid','expired','failed','refunded') DEFAULT 'pending',
  `paid_at` timestamp NULL DEFAULT NULL,
  `expired_at` timestamp NOT NULL DEFAULT '0000-00-00 00:00:00',
  `callback_data` longtext CHARACTER SET utf8mb4 COLLATE utf8mb4_bin DEFAULT NULL CHECK (json_valid(`callback_data`)),
  `created_at` timestamp NOT NULL DEFAULT current_timestamp(),
  `updated_at` timestamp NOT NULL DEFAULT current_timestamp() ON UPDATE current_timestamp(),
  PRIMARY KEY (`uuid`),
  UNIQUE KEY `reference` (`reference`),
  KEY `idx_reference` (`reference`),
  KEY `idx_tripay_reference` (`tripay_reference`),
  KEY `idx_user_id` (`user_id`),
  KEY `idx_tournament_id` (`event_id`),
  KEY `idx_status` (`status`)
) ENGINE=InnoDB DEFAULT CHARSET=latin1 COLLATE=latin1_swedish_ci;

-- Dumping data for table archeryhub.payment_transactions: ~1 rows (approximately)
INSERT INTO `payment_transactions` (`uuid`, `reference`, `tripay_reference`, `user_id`, `event_id`, `registration_id`, `amount`, `fee_amount`, `total_amount`, `payment_method`, `payment_channel`, `va_number`, `qr_url`, `checkout_url`, `pay_code`, `instructions`, `status`, `paid_at`, `expired_at`, `callback_data`, `created_at`, `updated_at`) VALUES
	('8308081e-21f9-4b21-97a9-a2102dbcd123', 'PAY-2bd8c757-1d4', 'DEV-T32426331453OJEYP', '5fff777a-b9aa-417c-9046-00585f5806b0', 'ed94f043-d822-4446-a189-67f423e8d41b', NULL, 50000.00, 0.00, 50000.00, 'QRIS2', NULL, NULL, 'https://tripay.co.id/qr/DEV-T32426331453OJEYP', 'https://tripay.co.id/checkout/DEV-T32426331453OJEYP', NULL, NULL, 'pending', NULL, '2026-01-20 02:04:23', NULL, '2026-01-19 09:04:23', '2026-01-19 09:04:23');

-- Dumping structure for table archeryhub.products
CREATE TABLE IF NOT EXISTS `products` (
  `uuid` varchar(36) NOT NULL,
  `seller_id` varchar(36) DEFAULT NULL,
  `name` varchar(255) NOT NULL,
  `slug` varchar(255) DEFAULT NULL,
  `description` text DEFAULT NULL,
  `price` decimal(12,2) NOT NULL,
  `sale_price` decimal(12,2) DEFAULT NULL,
  `category` enum('equipment','apparel','accessories','training','other') DEFAULT 'other',
  `stock` int(11) DEFAULT 0,
  `status` enum('draft','active','sold_out','archived') DEFAULT 'draft',
  `image_url` varchar(500) DEFAULT NULL,
  `images` longtext CHARACTER SET utf8mb4 COLLATE utf8mb4_bin DEFAULT NULL CHECK (json_valid(`images`)),
  `specifications` longtext CHARACTER SET utf8mb4 COLLATE utf8mb4_bin DEFAULT NULL CHECK (json_valid(`specifications`)),
  `views` int(11) DEFAULT 0,
  `created_at` timestamp NOT NULL DEFAULT current_timestamp(),
  `updated_at` timestamp NOT NULL DEFAULT current_timestamp() ON UPDATE current_timestamp(),
  PRIMARY KEY (`uuid`),
  UNIQUE KEY `slug` (`slug`),
  KEY `idx_products_status` (`status`),
  KEY `idx_products_category` (`category`)
) ENGINE=InnoDB DEFAULT CHARSET=latin1 COLLATE=latin1_swedish_ci;

-- Dumping data for table archeryhub.products: ~3 rows (approximately)
INSERT INTO `products` (`uuid`, `seller_id`, `name`, `slug`, `description`, `price`, `sale_price`, `category`, `stock`, `status`, `image_url`, `images`, `specifications`, `views`, `created_at`, `updated_at`) VALUES
	('f38b1a3c-f73e-11f0-87db-c3c8a1ce2650', 'eb0fb0ce-f73e-11f0-87db-c3c8a1ce2650', 'Win&Win Wiawis ATF-DX Riser', 'wiawis-atf-dx', 'High-end recurve riser with excellent balance.', 12500000.00, 11800000.00, 'equipment', 5, 'active', 'https://images.unsplash.com/photo-1511082782071-4a07a1c37deb?w=800', NULL, NULL, 121, '2026-01-22 03:03:42', '2026-01-23 02:30:15'),
	('f38b1d51-f73e-11f0-87db-c3c8a1ce2650', 'eb0fb0ce-f73e-11f0-87db-c3c8a1ce2650', 'Easton X10 Arrows (12pcs)', 'easton-x10-12', 'The gold standard for Olympic recurve and compound.', 6500000.00, NULL, 'equipment', 10, 'active', 'https://images.unsplash.com/photo-1541534741688-6078c64b52d3?w=800', NULL, NULL, 89, '2026-01-22 03:03:42', '2026-01-28 02:25:49'),
	('f38b1e5f-f73e-11f0-87db-c3c8a1ce2650', 'eb0fb0ce-f73e-11f0-87db-c3c8a1ce2650', 'Avalon Tec One Quiver', 'avalon-tec-one-quiver', 'Durable and stylish field quiver.', 450000.00, 380000.00, 'accessories', 20, 'active', 'https://images.unsplash.com/photo-1590483734724-383b9f449303?w=800', NULL, NULL, 45, '2026-01-22 03:03:42', '2026-01-22 03:03:42');

-- Dumping structure for table archeryhub.qualification_assignments
CREATE TABLE IF NOT EXISTS `qualification_assignments` (
  `uuid` varchar(36) NOT NULL,
  `session_uuid` varchar(36) NOT NULL,
  `participant_uuid` varchar(36) NOT NULL,
  `target_number` int(11) NOT NULL,
  `target_position` enum('A','B','C','D') NOT NULL,
  `created_at` timestamp NOT NULL DEFAULT current_timestamp(),
  `updated_at` timestamp NOT NULL DEFAULT current_timestamp() ON UPDATE current_timestamp(),
  PRIMARY KEY (`uuid`),
  UNIQUE KEY `session_uuid` (`session_uuid`,`target_number`,`target_position`)
) ENGINE=InnoDB DEFAULT CHARSET=latin1 COLLATE=latin1_swedish_ci;

-- Dumping data for table archeryhub.qualification_assignments: ~21 rows (approximately)
INSERT INTO `qualification_assignments` (`uuid`, `session_uuid`, `participant_uuid`, `target_number`, `target_position`, `created_at`, `updated_at`) VALUES
	('098f29bd-bf99-48b3-8e3b-ec842da42238', '218e5c30-f540-420e-935f-357a89dfb7f3', '0b6f5c5c-0d2e-404e-9d77-fa8a2e2fdb51', 4, 'D', '2026-01-23 14:02:06', '2026-01-24 10:48:33'),
	('0fbcbc33-b2c0-4b87-89e4-86c459859412', '218e5c30-f540-420e-935f-357a89dfb7f3', 'd8fa22ab-fc15-4894-af1c-46346292b3f3', 4, 'A', '2026-01-24 10:48:24', '2026-01-24 10:48:24'),
	('1a352a58-a914-4165-bf49-8f7cfd88c71f', '63b7cd4e-29a9-488f-9450-1a95e0968795', 'da63b855-9865-447d-9a8e-fa0af1950dc5', 1, 'C', '2026-01-23 14:02:06', '2026-01-23 14:02:06'),
	('215c5282-d530-41bd-9ed1-56c5f031e71b', '63b7cd4e-29a9-488f-9450-1a95e0968795', '7019c588-ba37-4010-ab8e-4e6216e6d616', 1, 'D', '2026-01-23 14:02:06', '2026-01-23 14:02:06'),
	('38083519-1301-4449-9700-1efb3fb6b1f5', '63b7cd4e-29a9-488f-9450-1a95e0968795', '61c67740-d5d5-49ab-a866-43459e73edcb', 1, 'A', '2026-01-23 14:02:06', '2026-01-23 14:02:06'),
	('42fa130b-5cdb-43ec-bd74-4decfd92c0d3', '218e5c30-f540-420e-935f-357a89dfb7f3', '65ccc306-25c6-4e00-aed6-ad2bc9f9825c', 1, 'A', '2026-01-23 12:24:25', '2026-01-23 12:24:25'),
	('47579979-7623-436a-b92c-66366dff2a0e', '218e5c30-f540-420e-935f-357a89dfb7f3', 'ce76d947-f821-11f0-87db-c3c8a1ce2650', 1, 'D', '2026-01-23 14:02:06', '2026-01-23 14:02:06'),
	('53392a49-8229-40e2-85fa-cbcf8f6cd81c', '63b7cd4e-29a9-488f-9450-1a95e0968795', '50f1e4c5-f691-455e-9923-1216fd1b6e02', 3, 'B', '2026-01-23 14:02:06', '2026-01-23 14:02:06'),
	('58d3625d-56e5-41e2-acd0-0c8d0b2d7d3c', '218e5c30-f540-420e-935f-357a89dfb7f3', '5bb5f5dd-4bac-4c23-9dbe-7b6fe935b47a', 2, 'A', '2026-01-23 14:02:06', '2026-01-23 14:02:06'),
	('60a903a2-154c-4a3e-978a-9998f76d2f12', '218e5c30-f540-420e-935f-357a89dfb7f3', '79e42d91-f824-11f0-87db-c3c8a1ce2650', 1, 'B', '2026-01-23 14:02:06', '2026-01-23 14:02:06'),
	('78eb783d-9e31-4e6a-8973-d4d30a4a000a', '218e5c30-f540-420e-935f-357a89dfb7f3', '19202538-ca68-4f0f-acb2-d8342d181f5a', 2, 'C', '2026-01-23 14:02:06', '2026-01-23 14:02:06'),
	('96b512a3-583c-487d-96ce-ea226b9261a0', '63b7cd4e-29a9-488f-9450-1a95e0968795', 'e36e5280-26b4-443c-9a5a-4dfb23ee1d9e', 2, 'A', '2026-01-23 14:02:06', '2026-01-23 14:02:06'),
	('98281d0f-6518-44dc-a464-ce6c0ec114b8', '218e5c30-f540-420e-935f-357a89dfb7f3', 'ab99195e-dd68-482b-834b-147f18df2486', 1, 'C', '2026-01-23 14:02:06', '2026-01-23 14:02:06'),
	('a592e357-1c6f-4f71-876d-e1bbd973bb5d', '218e5c30-f540-420e-935f-357a89dfb7f3', '7c329170-b190-42bd-8adf-537535e5c68c', 3, 'B', '2026-01-23 14:02:06', '2026-01-23 14:02:06'),
	('ab3a5b73-e83a-4bb9-86fb-273683505bca', '63b7cd4e-29a9-488f-9450-1a95e0968795', '03da187b-1ced-4c62-985f-97b7e87dffa9', 2, 'D', '2026-01-23 14:02:06', '2026-01-23 14:02:06'),
	('b9e77513-baee-49ce-84e0-8e60046742e5', '63b7cd4e-29a9-488f-9450-1a95e0968795', '26e2a144-8008-4f87-834a-d784a6c5a973', 3, 'A', '2026-01-23 14:02:06', '2026-01-23 14:02:06'),
	('c58a3853-b4ee-4926-8dd4-cebbb879bd68', '63b7cd4e-29a9-488f-9450-1a95e0968795', 'd8fa22ab-fc15-4894-af1c-46346292b3f3', 1, 'B', '2026-01-23 14:02:06', '2026-01-23 14:02:06'),
	('d3c78c66-dca7-43d8-a0bd-a8291e901832', '63b7cd4e-29a9-488f-9450-1a95e0968795', '51fb40ad-8075-4e11-a96b-52898731f14f', 2, 'C', '2026-01-23 14:02:06', '2026-01-23 14:02:06'),
	('d61f6e80-3309-422e-af55-ab93f2181a0d', '63b7cd4e-29a9-488f-9450-1a95e0968795', 'bdc21155-d75f-46de-8151-dc522e38cb7f', 2, 'B', '2026-01-23 14:02:06', '2026-01-23 14:02:06'),
	('ea4d1323-0d52-413b-b906-98c0524950f9', '218e5c30-f540-420e-935f-357a89dfb7f3', '2e14858b-a4a2-4432-b817-e5dd424d1584', 2, 'D', '2026-01-23 14:02:06', '2026-01-23 14:02:06'),
	('f2d35749-709b-4f9f-828b-ce2a35615883', '218e5c30-f540-420e-935f-357a89dfb7f3', '97f44f1a-ce9c-4a17-93e8-c6562300359b', 4, 'B', '2026-01-23 14:02:06', '2026-01-24 10:48:27');

-- Dumping structure for table archeryhub.qualification_end_scores
CREATE TABLE IF NOT EXISTS `qualification_end_scores` (
  `uuid` varchar(36) NOT NULL,
  `assignment_uuid` varchar(36) NOT NULL,
  `end_number` int(11) NOT NULL,
  `arrow_1` varchar(2) DEFAULT NULL,
  `arrow_2` varchar(2) DEFAULT NULL,
  `arrow_3` varchar(2) DEFAULT NULL,
  `arrow_4` varchar(2) DEFAULT NULL,
  `arrow_5` varchar(2) DEFAULT NULL,
  `arrow_6` varchar(2) DEFAULT NULL,
  `end_total` int(11) DEFAULT 0,
  `end_x_count` int(11) DEFAULT 0,
  `end_10_count` int(11) DEFAULT 0,
  `created_at` timestamp NOT NULL DEFAULT current_timestamp(),
  `updated_at` timestamp NOT NULL DEFAULT current_timestamp() ON UPDATE current_timestamp(),
  PRIMARY KEY (`uuid`),
  UNIQUE KEY `assignment_uuid` (`assignment_uuid`,`end_number`)
) ENGINE=InnoDB DEFAULT CHARSET=latin1 COLLATE=latin1_swedish_ci;

-- Dumping data for table archeryhub.qualification_end_scores: ~0 rows (approximately)

-- Dumping structure for table archeryhub.qualification_sessions
CREATE TABLE IF NOT EXISTS `qualification_sessions` (
  `uuid` varchar(36) NOT NULL,
  `event_category_uuid` varchar(36) NOT NULL,
  `session_name` varchar(100) NOT NULL,
  `session_order` int(11) DEFAULT 1,
  `start_time` datetime DEFAULT NULL,
  `status` enum('draft','ongoing','completed') DEFAULT 'draft',
  `created_at` timestamp NOT NULL DEFAULT current_timestamp(),
  `updated_at` timestamp NOT NULL DEFAULT current_timestamp() ON UPDATE current_timestamp(),
  PRIMARY KEY (`uuid`)
) ENGINE=InnoDB DEFAULT CHARSET=latin1 COLLATE=latin1_swedish_ci;

-- Dumping data for table archeryhub.qualification_sessions: ~2 rows (approximately)
INSERT INTO `qualification_sessions` (`uuid`, `event_category_uuid`, `session_name`, `session_order`, `start_time`, `status`, `created_at`, `updated_at`) VALUES
	('218e5c30-f540-420e-935f-357a89dfb7f3', '0748ddc4-f832-11f0-87db-c3c8a1ce2650', 'Sesi 1', 1, NULL, 'draft', '2026-01-23 12:24:06', '2026-01-23 12:24:06'),
	('63b7cd4e-29a9-488f-9450-1a95e0968795', '0748ddc4-f832-11f0-87db-c3c8a1ce2650', 'Sesi 2', 2, NULL, 'draft', '2026-01-23 14:01:37', '2026-01-23 14:01:37');

-- Dumping structure for table archeryhub.ref_age_groups
CREATE TABLE IF NOT EXISTS `ref_age_groups` (
  `uuid` varchar(36) NOT NULL,
  `code` varchar(50) NOT NULL,
  `name` varchar(100) NOT NULL,
  `created_at` timestamp NOT NULL DEFAULT current_timestamp(),
  PRIMARY KEY (`uuid`),
  UNIQUE KEY `code` (`code`),
  UNIQUE KEY `uuid` (`uuid`)
) ENGINE=InnoDB DEFAULT CHARSET=latin1 COLLATE=latin1_swedish_ci;

-- Dumping data for table archeryhub.ref_age_groups: ~6 rows (approximately)
INSERT INTO `ref_age_groups` (`uuid`, `code`, `name`, `created_at`) VALUES
	('1a7dc374-3016-49bf-ac56-9dededae7116', 'u10', 'U-10', '2026-01-21 01:49:51'),
	('55c3beff-8d11-4c93-8a5a-25eff347af4a', 'u13', 'U-13', '2026-01-21 01:49:51'),
	('d0ac100f-3a30-46bd-a986-17eec4274c86', 'master', 'Master', '2026-01-21 01:49:51'),
	('f0ab19a5-efe2-4ceb-b177-57966249af04', 'u18', 'U-18', '2026-01-21 01:49:51'),
	('f235b870-724b-44ac-8683-b665df0c0548', 'senior', 'Senior', '2026-01-21 01:49:51'),
	('f879b964-0929-45d3-9a6a-7d80f3cf708f', 'u15', 'U-15', '2026-01-21 01:49:51');

-- Dumping structure for table archeryhub.ref_bow_types
CREATE TABLE IF NOT EXISTS `ref_bow_types` (
  `uuid` varchar(36) NOT NULL,
  `code` varchar(50) NOT NULL,
  `name` varchar(100) NOT NULL,
  `created_at` timestamp NOT NULL DEFAULT current_timestamp(),
  PRIMARY KEY (`uuid`),
  UNIQUE KEY `code` (`code`),
  UNIQUE KEY `uuid` (`uuid`)
) ENGINE=InnoDB DEFAULT CHARSET=latin1 COLLATE=latin1_swedish_ci;

-- Dumping data for table archeryhub.ref_bow_types: ~4 rows (approximately)
INSERT INTO `ref_bow_types` (`uuid`, `code`, `name`, `created_at`) VALUES
	('349a5218-fed0-4305-ab16-e636501bb5df', 'compound', 'Compound', '2026-01-21 01:49:49'),
	('5c95a503-4fd4-465f-9dd3-b08568181792', 'recurve', 'Recurve', '2026-01-21 01:49:49'),
	('8718ac12-a02a-4c38-aedd-5721c83c6513', 'traditional', 'Traditional', '2026-01-21 01:49:49'),
	('94bf104d-8ef2-4dd0-a1b1-2d82b46a1bdc', 'barebow', 'Barebow', '2026-01-21 01:49:49');

-- Dumping structure for table archeryhub.ref_disciplines
CREATE TABLE IF NOT EXISTS `ref_disciplines` (
  `uuid` varchar(36) NOT NULL,
  `code` varchar(50) NOT NULL,
  `name` varchar(100) NOT NULL,
  `created_at` timestamp NOT NULL DEFAULT current_timestamp(),
  PRIMARY KEY (`uuid`),
  UNIQUE KEY `code` (`code`),
  UNIQUE KEY `uuid` (`uuid`)
) ENGINE=InnoDB DEFAULT CHARSET=latin1 COLLATE=latin1_swedish_ci;

-- Dumping data for table archeryhub.ref_disciplines: ~4 rows (approximately)
INSERT INTO `ref_disciplines` (`uuid`, `code`, `name`, `created_at`) VALUES
	('331b52a7-812d-4dde-aeaf-978e79bf293a', 'target_outdoor', 'Target Outdoor', '2026-01-21 01:49:48'),
	('33502405-e5ff-4725-a882-d279666fe35c', 'field', 'Field', '2026-01-21 01:49:48'),
	('35db84b0-ef7e-4617-924a-be4531b9833e', '3d', '3D', '2026-01-21 01:49:48'),
	('47a8f20c-0502-4b0b-a754-4bbc47d430f0', 'target_indoor', 'Target Indoor', '2026-01-21 01:49:48');

-- Dumping structure for table archeryhub.ref_event_types
CREATE TABLE IF NOT EXISTS `ref_event_types` (
  `uuid` varchar(36) NOT NULL,
  `code` varchar(50) NOT NULL,
  `name` varchar(100) NOT NULL,
  `created_at` timestamp NOT NULL DEFAULT current_timestamp(),
  PRIMARY KEY (`uuid`),
  UNIQUE KEY `code` (`code`),
  UNIQUE KEY `uuid` (`uuid`)
) ENGINE=InnoDB DEFAULT CHARSET=latin1 COLLATE=latin1_swedish_ci;

-- Dumping data for table archeryhub.ref_event_types: ~3 rows (approximately)
INSERT INTO `ref_event_types` (`uuid`, `code`, `name`, `created_at`) VALUES
	('160f7979-706c-41bb-ba42-111186ad31ab', 'mixed_team', 'Mixed Team', '2026-01-21 01:49:50'),
	('3bfbc4ad-afb2-44b2-a686-8d5fd46e5e2f', 'team', 'Team', '2026-01-21 01:49:50'),
	('da2740c8-f7ac-460f-a8c2-46f0c6ec844f', 'individual', 'Individual', '2026-01-21 01:49:50');

-- Dumping structure for table archeryhub.ref_gender_divisions
CREATE TABLE IF NOT EXISTS `ref_gender_divisions` (
  `uuid` varchar(36) NOT NULL,
  `code` varchar(50) NOT NULL,
  `name` varchar(100) NOT NULL,
  `created_at` timestamp NOT NULL DEFAULT current_timestamp(),
  PRIMARY KEY (`uuid`),
  UNIQUE KEY `code` (`code`),
  UNIQUE KEY `uuid` (`uuid`)
) ENGINE=InnoDB DEFAULT CHARSET=latin1 COLLATE=latin1_swedish_ci;

-- Dumping data for table archeryhub.ref_gender_divisions: ~2 rows (approximately)
INSERT INTO `ref_gender_divisions` (`uuid`, `code`, `name`, `created_at`) VALUES
	('afbded2f-705c-480f-84d2-6962bcb4b2ef', 'women', 'Women', '2026-01-21 01:49:51'),
	('d60f4939-4d88-4ded-bf4d-6d8cff4de5ae', 'men', 'Men', '2026-01-21 01:49:51');

-- Dumping structure for table archeryhub.sellers
CREATE TABLE IF NOT EXISTS `sellers` (
  `uuid` varchar(36) NOT NULL,
  `username` varchar(50) DEFAULT NULL,
  `google_id` varchar(100) DEFAULT NULL,
  `user_id` varchar(36) DEFAULT NULL,
  `store_name` varchar(255) NOT NULL,
  `store_slug` varchar(255) DEFAULT NULL,
  `password` varchar(255) DEFAULT NULL,
  `role` enum('seller','admin') DEFAULT 'seller',
  `description` text DEFAULT NULL,
  `avatar_url` varchar(500) DEFAULT NULL,
  `banner_url` varchar(500) DEFAULT NULL,
  `phone` varchar(20) DEFAULT NULL,
  `email` varchar(255) DEFAULT NULL,
  `address` text DEFAULT NULL,
  `city` varchar(100) DEFAULT NULL,
  `province` varchar(100) DEFAULT NULL,
  `is_verified` tinyint(1) DEFAULT 0,
  `rating` decimal(3,2) DEFAULT 0.00,
  `total_sales` int(11) DEFAULT 0,
  `status` enum('pending','active','suspended') DEFAULT 'pending',
  `created_at` timestamp NOT NULL DEFAULT current_timestamp(),
  `updated_at` timestamp NOT NULL DEFAULT current_timestamp() ON UPDATE current_timestamp(),
  PRIMARY KEY (`uuid`),
  UNIQUE KEY `store_slug` (`store_slug`),
  UNIQUE KEY `username` (`username`),
  KEY `idx_sellers_status` (`status`),
  KEY `idx_sellers_verified` (`is_verified`)
) ENGINE=InnoDB DEFAULT CHARSET=latin1 COLLATE=latin1_swedish_ci;

-- Dumping data for table archeryhub.sellers: ~1 rows (approximately)
INSERT INTO `sellers` (`uuid`, `username`, `google_id`, `user_id`, `store_name`, `store_slug`, `password`, `role`, `description`, `avatar_url`, `banner_url`, `phone`, `email`, `address`, `city`, `province`, `is_verified`, `rating`, `total_sales`, `status`, `created_at`, `updated_at`) VALUES
	('eb0fb0ce-f73e-11f0-87db-c3c8a1ce2650', 'garuda_archery', NULL, NULL, 'Garuda Archery Store', 'garuda-archery', '12345', 'seller', NULL, NULL, NULL, NULL, 'seller@example.com', NULL, NULL, NULL, 1, 0.00, 0, 'active', '2026-01-22 03:03:28', '2026-01-22 03:06:25');

-- Dumping structure for table archeryhub.seller_profiles
CREATE TABLE IF NOT EXISTS `seller_profiles` (
  `uuid` varchar(36) NOT NULL,
  `seller_id` varchar(36) NOT NULL,
  `sections` longtext CHARACTER SET utf8mb4 COLLATE utf8mb4_bin DEFAULT NULL CHECK (json_valid(`sections`)),
  `catalog_config` longtext CHARACTER SET utf8mb4 COLLATE utf8mb4_bin DEFAULT NULL CHECK (json_valid(`catalog_config`)),
  `theme_color` varchar(20) DEFAULT NULL,
  `banner_text` text DEFAULT NULL,
  `created_at` timestamp NOT NULL DEFAULT current_timestamp(),
  `updated_at` timestamp NOT NULL DEFAULT current_timestamp() ON UPDATE current_timestamp(),
  PRIMARY KEY (`uuid`),
  KEY `seller_id` (`seller_id`),
  CONSTRAINT `seller_profiles_ibfk_1` FOREIGN KEY (`seller_id`) REFERENCES `sellers` (`uuid`) ON DELETE CASCADE
) ENGINE=InnoDB DEFAULT CHARSET=latin1 COLLATE=latin1_swedish_ci;

-- Dumping data for table archeryhub.seller_profiles: ~0 rows (approximately)

-- Dumping structure for table archeryhub.target_cards
CREATE TABLE IF NOT EXISTS `target_cards` (
  `uuid` varchar(36) NOT NULL,
  `session_uuid` varchar(36) DEFAULT NULL COMMENT 'For qualification phase',
  `match_uuid` varchar(36) DEFAULT NULL COMMENT 'For elimination phase',
  `target_number` int(11) NOT NULL,
  `card_name` varchar(100) NOT NULL,
  `phase` enum('qualification','elimination') NOT NULL,
  `status` enum('active','inactive','maintenance') DEFAULT 'active',
  `created_at` timestamp NOT NULL DEFAULT current_timestamp(),
  `updated_at` timestamp NOT NULL DEFAULT current_timestamp() ON UPDATE current_timestamp(),
  PRIMARY KEY (`uuid`),
  UNIQUE KEY `unique_target_card` (`session_uuid`,`match_uuid`,`target_number`),
  KEY `idx_session` (`session_uuid`),
  KEY `idx_match` (`match_uuid`),
  KEY `idx_phase` (`phase`)
) ENGINE=InnoDB DEFAULT CHARSET=utf8mb4 COLLATE=utf8mb4_unicode_ci;

-- Dumping data for table archeryhub.target_cards: ~8 rows (approximately)
INSERT INTO `target_cards` (`uuid`, `session_uuid`, `match_uuid`, `target_number`, `card_name`, `phase`, `status`, `created_at`, `updated_at`) VALUES
	('1c8c2560-2605-4dc0-a56d-9d3edd0d8d74', '63b7cd4e-29a9-488f-9450-1a95e0968795', NULL, 2, 'Target 2', 'qualification', 'active', '2026-01-23 14:02:06', '2026-01-23 14:02:06'),
	('2a034b5b-d04e-4ffc-a840-30a00415f3c0', '63b7cd4e-29a9-488f-9450-1a95e0968795', NULL, 3, 'Target 3', 'qualification', 'active', '2026-01-23 14:02:06', '2026-01-23 14:02:06'),
	('51067baf-eb19-4e8f-bcb0-a5cf7722f41a', '218e5c30-f540-420e-935f-357a89dfb7f3', NULL, 1, 'Target 1', 'qualification', 'active', '2026-01-23 14:02:06', '2026-01-23 14:02:06'),
	('519e812d-10e2-426e-bfd5-5fcde98a8d18', '218e5c30-f540-420e-935f-357a89dfb7f3', NULL, 2, 'Target 2', 'qualification', 'active', '2026-01-23 14:02:06', '2026-01-23 14:02:06'),
	('54aeb770-3e5a-4c11-a650-5ff95594cf1b', '63b7cd4e-29a9-488f-9450-1a95e0968795', NULL, 1, 'Target 1', 'qualification', 'active', '2026-01-23 14:02:06', '2026-01-23 14:02:06'),
	('565898c5-0d09-4f9a-b7b6-1ef2014c8960', '218e5c30-f540-420e-935f-357a89dfb7f3', NULL, 3, 'Target 3', 'qualification', 'active', '2026-01-23 14:02:06', '2026-01-23 14:02:06'),
	('6bcb0063-bcd7-44fb-94c7-41f67f28edac', '218e5c30-f540-420e-935f-357a89dfb7f3', NULL, 4, 'Target 1', 'qualification', 'active', '2026-01-24 10:47:11', '2026-01-24 10:47:11'),
	('b6c78187-4185-4202-8313-1081d328ea98', '218e5c30-f540-420e-935f-357a89dfb7f3', NULL, 1, 'Target 1', 'qualification', 'active', '2026-01-23 12:24:16', '2026-01-23 12:24:16');

-- Dumping structure for table archeryhub.teams
CREATE TABLE IF NOT EXISTS `teams` (
  `uuid` varchar(36) NOT NULL,
  `event_id` varchar(36) NOT NULL,
  `category_id` varchar(36) NOT NULL,
  `team_name` varchar(100) NOT NULL,
  `country_code` varchar(10) NOT NULL,
  `country_name` varchar(100) DEFAULT NULL,
  `team_rank` int(11) DEFAULT NULL,
  `total_score` int(11) DEFAULT 0,
  `total_x_count` int(11) DEFAULT 0,
  `status` enum('active','eliminated','qualified') DEFAULT 'active',
  `created_at` timestamp NOT NULL DEFAULT current_timestamp(),
  `updated_at` timestamp NOT NULL DEFAULT current_timestamp() ON UPDATE current_timestamp(),
  PRIMARY KEY (`uuid`),
  KEY `idx_teams_tournament` (`event_id`),
  KEY `idx_teams_event` (`category_id`)
) ENGINE=InnoDB DEFAULT CHARSET=utf8mb4 COLLATE=utf8mb4_unicode_ci;

-- Dumping data for table archeryhub.teams: ~0 rows (approximately)

-- Dumping structure for table archeryhub.team_members
CREATE TABLE IF NOT EXISTS `team_members` (
  `uuid` varchar(36) NOT NULL,
  `team_id` varchar(36) NOT NULL,
  `participant_id` varchar(36) NOT NULL,
  `member_order` int(11) NOT NULL,
  `is_substitute` tinyint(1) DEFAULT 0,
  `total_score` int(11) DEFAULT 0,
  `total_x_count` int(11) DEFAULT 0,
  PRIMARY KEY (`uuid`),
  KEY `idx_team_members_team` (`team_id`)
) ENGINE=InnoDB DEFAULT CHARSET=utf8mb4 COLLATE=utf8mb4_unicode_ci;

-- Dumping data for table archeryhub.team_members: ~0 rows (approximately)

/*!40103 SET TIME_ZONE=IFNULL(@OLD_TIME_ZONE, 'system') */;
/*!40101 SET SQL_MODE=IFNULL(@OLD_SQL_MODE, '') */;
/*!40014 SET FOREIGN_KEY_CHECKS=IFNULL(@OLD_FOREIGN_KEY_CHECKS, 1) */;
/*!40101 SET CHARACTER_SET_CLIENT=@OLD_CHARACTER_SET_CLIENT */;
/*!40111 SET SQL_NOTES=IFNULL(@OLD_SQL_NOTES, 1) */;
