INSERT INTO qualification_sessions (uuid, event_category_uuid, session_name, session_order, status, created_at, updated_at) VALUES ('63b7cd4e-29a9-488f-9450-1a95e0968795', '0748ddc4-f832-11f0-87db-c3c8a1ce2650', 'Sesi 2', 2, 'draft', NOW(), NOW());
INSERT INTO archers (uuid, username, email, full_name, athlete_code, gender, date_of_birth, phone, address, experience_years, status, role, password, created_at, updated_at) VALUES ('ea1c0ce4-91e6-4b64-b656-a5b6c96c663d', 'barebow_archer_5', 'barebow_archer_5@example.com', 'Barebow Pro 5', 'PRO-B-1000', 'male', '1990-01-01', '08123456789', 'Jl. Panahan No. 10', 9, 'active', 'archer', 'password123', NOW(), NOW());
INSERT INTO event_participants (uuid, event_id, archer_id, category_id, payment_status, accreditation_status, registration_date, created_at, updated_at) VALUES ('5bb5f5dd-4bac-4c23-9dbe-7b6fe935b47a', 'f9272ae0-f76f-11f0-87db-c3c8a1ce2650', 'ea1c0ce4-91e6-4b64-b656-a5b6c96c663d', '0748ddc4-f832-11f0-87db-c3c8a1ce2650', 'lunas', 'approved', NOW(), NOW(), NOW());
INSERT INTO archers (uuid, username, email, full_name, athlete_code, gender, date_of_birth, phone, address, experience_years, status, role, password, created_at, updated_at) VALUES ('2c206cce-fd6f-452d-943f-cc3d43542e6d', 'barebow_archer_6', 'barebow_archer_6@example.com', 'Barebow Pro 6', 'PRO-B-1001', 'male', '1990-01-01', '08123456789', 'Jl. Panahan No. 11', 10, 'active', 'archer', 'password123', NOW(), NOW());
INSERT INTO event_participants (uuid, event_id, archer_id, category_id, payment_status, accreditation_status, registration_date, created_at, updated_at) VALUES ('97f44f1a-ce9c-4a17-93e8-c6562300359b', 'f9272ae0-f76f-11f0-87db-c3c8a1ce2650', '2c206cce-fd6f-452d-943f-cc3d43542e6d', '0748ddc4-f832-11f0-87db-c3c8a1ce2650', 'lunas', 'approved', NOW(), NOW(), NOW());
INSERT INTO archers (uuid, username, email, full_name, athlete_code, gender, date_of_birth, phone, address, experience_years, status, role, password, created_at, updated_at) VALUES ('298c6e6d-f543-4c1d-b592-0cc8fb02c915', 'barebow_archer_7', 'barebow_archer_7@example.com', 'Barebow Pro 7', 'PRO-B-1002', 'male', '1990-01-01', '08123456789', 'Jl. Panahan No. 12', 2, 'active', 'archer', 'password123', NOW(), NOW());
INSERT INTO event_participants (uuid, event_id, archer_id, category_id, payment_status, accreditation_status, registration_date, created_at, updated_at) VALUES ('19202538-ca68-4f0f-acb2-d8342d181f5a', 'f9272ae0-f76f-11f0-87db-c3c8a1ce2650', '298c6e6d-f543-4c1d-b592-0cc8fb02c915', '0748ddc4-f832-11f0-87db-c3c8a1ce2650', 'lunas', 'approved', NOW(), NOW(), NOW());
INSERT INTO archers (uuid, username, email, full_name, athlete_code, gender, date_of_birth, phone, address, experience_years, status, role, password, created_at, updated_at) VALUES ('e2265fd4-eb75-45f7-8193-4bac9201c7e0', 'barebow_archer_8', 'barebow_archer_8@example.com', 'Barebow Pro 8', 'PRO-B-1003', 'male', '1990-01-01', '08123456789', 'Jl. Panahan No. 13', 10, 'active', 'archer', 'password123', NOW(), NOW());
INSERT INTO event_participants (uuid, event_id, archer_id, category_id, payment_status, accreditation_status, registration_date, created_at, updated_at) VALUES ('2e14858b-a4a2-4432-b817-e5dd424d1584', 'f9272ae0-f76f-11f0-87db-c3c8a1ce2650', 'e2265fd4-eb75-45f7-8193-4bac9201c7e0', '0748ddc4-f832-11f0-87db-c3c8a1ce2650', 'lunas', 'approved', NOW(), NOW(), NOW());
INSERT INTO archers (uuid, username, email, full_name, athlete_code, gender, date_of_birth, phone, address, experience_years, status, role, password, created_at, updated_at) VALUES ('1425c4ea-32da-4674-aa6b-df6e11cc492b', 'barebow_archer_9', 'barebow_archer_9@example.com', 'Barebow Pro 9', 'PRO-B-1004', 'male', '1990-01-01', '08123456789', 'Jl. Panahan No. 14', 1, 'active', 'archer', 'password123', NOW(), NOW());
INSERT INTO event_participants (uuid, event_id, archer_id, category_id, payment_status, accreditation_status, registration_date, created_at, updated_at) VALUES ('0b6f5c5c-0d2e-404e-9d77-fa8a2e2fdb51', 'f9272ae0-f76f-11f0-87db-c3c8a1ce2650', '1425c4ea-32da-4674-aa6b-df6e11cc492b', '0748ddc4-f832-11f0-87db-c3c8a1ce2650', 'lunas', 'approved', NOW(), NOW(), NOW());
INSERT INTO archers (uuid, username, email, full_name, athlete_code, gender, date_of_birth, phone, address, experience_years, status, role, password, created_at, updated_at) VALUES ('02bd34db-384e-461a-926f-529c09801252', 'barebow_archer_10', 'barebow_archer_10@example.com', 'Barebow Pro 10', 'PRO-B-1005', 'male', '1990-01-01', '08123456789', 'Jl. Panahan No. 15', 9, 'active', 'archer', 'password123', NOW(), NOW());
INSERT INTO event_participants (uuid, event_id, archer_id, category_id, payment_status, accreditation_status, registration_date, created_at, updated_at) VALUES ('7c329170-b190-42bd-8adf-537535e5c68c', 'f9272ae0-f76f-11f0-87db-c3c8a1ce2650', '02bd34db-384e-461a-926f-529c09801252', '0748ddc4-f832-11f0-87db-c3c8a1ce2650', 'lunas', 'approved', NOW(), NOW(), NOW());
INSERT INTO archers (uuid, username, email, full_name, athlete_code, gender, date_of_birth, phone, address, experience_years, status, role, password, created_at, updated_at) VALUES ('f3fe528a-d121-457a-abea-1e84aa4ceb0e', 'barebow_archer_11', 'barebow_archer_11@example.com', 'Barebow Pro 11', 'PRO-B-1006', 'male', '1990-01-01', '08123456789', 'Jl. Panahan No. 16', 7, 'active', 'archer', 'password123', NOW(), NOW());
INSERT INTO event_participants (uuid, event_id, archer_id, category_id, payment_status, accreditation_status, registration_date, created_at, updated_at) VALUES ('61c67740-d5d5-49ab-a866-43459e73edcb', 'f9272ae0-f76f-11f0-87db-c3c8a1ce2650', 'f3fe528a-d121-457a-abea-1e84aa4ceb0e', '0748ddc4-f832-11f0-87db-c3c8a1ce2650', 'lunas', 'approved', NOW(), NOW(), NOW());
INSERT INTO archers (uuid, username, email, full_name, athlete_code, gender, date_of_birth, phone, address, experience_years, status, role, password, created_at, updated_at) VALUES ('cc94bb51-468f-4cb4-af8b-ded2956d365e', 'barebow_archer_12', 'barebow_archer_12@example.com', 'Barebow Pro 12', 'PRO-B-1007', 'male', '1990-01-01', '08123456789', 'Jl. Panahan No. 17', 1, 'active', 'archer', 'password123', NOW(), NOW());
INSERT INTO event_participants (uuid, event_id, archer_id, category_id, payment_status, accreditation_status, registration_date, created_at, updated_at) VALUES ('d8fa22ab-fc15-4894-af1c-46346292b3f3', 'f9272ae0-f76f-11f0-87db-c3c8a1ce2650', 'cc94bb51-468f-4cb4-af8b-ded2956d365e', '0748ddc4-f832-11f0-87db-c3c8a1ce2650', 'lunas', 'approved', NOW(), NOW(), NOW());
INSERT INTO archers (uuid, username, email, full_name, athlete_code, gender, date_of_birth, phone, address, experience_years, status, role, password, created_at, updated_at) VALUES ('5854cf7c-5cb6-4015-8eac-5d7df0a85d23', 'barebow_archer_13', 'barebow_archer_13@example.com', 'Barebow Pro 13', 'PRO-B-1008', 'male', '1990-01-01', '08123456789', 'Jl. Panahan No. 18', 5, 'active', 'archer', 'password123', NOW(), NOW());
INSERT INTO event_participants (uuid, event_id, archer_id, category_id, payment_status, accreditation_status, registration_date, created_at, updated_at) VALUES ('da63b855-9865-447d-9a8e-fa0af1950dc5', 'f9272ae0-f76f-11f0-87db-c3c8a1ce2650', '5854cf7c-5cb6-4015-8eac-5d7df0a85d23', '0748ddc4-f832-11f0-87db-c3c8a1ce2650', 'lunas', 'approved', NOW(), NOW(), NOW());
INSERT INTO archers (uuid, username, email, full_name, athlete_code, gender, date_of_birth, phone, address, experience_years, status, role, password, created_at, updated_at) VALUES ('b44d1475-dca0-4c16-a5dc-398e4c09c29b', 'barebow_archer_14', 'barebow_archer_14@example.com', 'Barebow Pro 14', 'PRO-B-1009', 'male', '1990-01-01', '08123456789', 'Jl. Panahan No. 19', 8, 'active', 'archer', 'password123', NOW(), NOW());
INSERT INTO event_participants (uuid, event_id, archer_id, category_id, payment_status, accreditation_status, registration_date, created_at, updated_at) VALUES ('7019c588-ba37-4010-ab8e-4e6216e6d616', 'f9272ae0-f76f-11f0-87db-c3c8a1ce2650', 'b44d1475-dca0-4c16-a5dc-398e4c09c29b', '0748ddc4-f832-11f0-87db-c3c8a1ce2650', 'lunas', 'approved', NOW(), NOW(), NOW());
INSERT INTO archers (uuid, username, email, full_name, athlete_code, gender, date_of_birth, phone, address, experience_years, status, role, password, created_at, updated_at) VALUES ('e0c97acf-3422-441f-ad1a-1a67933e2114', 'barebow_archer_15', 'barebow_archer_15@example.com', 'Barebow Pro 15', 'PRO-B-1010', 'male', '1990-01-01', '08123456789', 'Jl. Panahan No. 20', 2, 'active', 'archer', 'password123', NOW(), NOW());
INSERT INTO event_participants (uuid, event_id, archer_id, category_id, payment_status, accreditation_status, registration_date, created_at, updated_at) VALUES ('e36e5280-26b4-443c-9a5a-4dfb23ee1d9e', 'f9272ae0-f76f-11f0-87db-c3c8a1ce2650', 'e0c97acf-3422-441f-ad1a-1a67933e2114', '0748ddc4-f832-11f0-87db-c3c8a1ce2650', 'lunas', 'approved', NOW(), NOW(), NOW());
INSERT INTO archers (uuid, username, email, full_name, athlete_code, gender, date_of_birth, phone, address, experience_years, status, role, password, created_at, updated_at) VALUES ('84208c3a-c656-45cf-8aa9-d6490263bdfc', 'barebow_archer_16', 'barebow_archer_16@example.com', 'Barebow Pro 16', 'PRO-B-1011', 'male', '1990-01-01', '08123456789', 'Jl. Panahan No. 21', 3, 'active', 'archer', 'password123', NOW(), NOW());
INSERT INTO event_participants (uuid, event_id, archer_id, category_id, payment_status, accreditation_status, registration_date, created_at, updated_at) VALUES ('bdc21155-d75f-46de-8151-dc522e38cb7f', 'f9272ae0-f76f-11f0-87db-c3c8a1ce2650', '84208c3a-c656-45cf-8aa9-d6490263bdfc', '0748ddc4-f832-11f0-87db-c3c8a1ce2650', 'lunas', 'approved', NOW(), NOW(), NOW());
INSERT INTO archers (uuid, username, email, full_name, athlete_code, gender, date_of_birth, phone, address, experience_years, status, role, password, created_at, updated_at) VALUES ('d9a0f67e-5ebf-4768-8967-08c423da4d30', 'barebow_archer_17', 'barebow_archer_17@example.com', 'Barebow Pro 17', 'PRO-B-1012', 'male', '1990-01-01', '08123456789', 'Jl. Panahan No. 22', 10, 'active', 'archer', 'password123', NOW(), NOW());
INSERT INTO event_participants (uuid, event_id, archer_id, category_id, payment_status, accreditation_status, registration_date, created_at, updated_at) VALUES ('51fb40ad-8075-4e11-a96b-52898731f14f', 'f9272ae0-f76f-11f0-87db-c3c8a1ce2650', 'd9a0f67e-5ebf-4768-8967-08c423da4d30', '0748ddc4-f832-11f0-87db-c3c8a1ce2650', 'lunas', 'approved', NOW(), NOW(), NOW());
INSERT INTO archers (uuid, username, email, full_name, athlete_code, gender, date_of_birth, phone, address, experience_years, status, role, password, created_at, updated_at) VALUES ('9c3d146a-1f6f-45d6-8dcc-441692b9c850', 'barebow_archer_18', 'barebow_archer_18@example.com', 'Barebow Pro 18', 'PRO-B-1013', 'male', '1990-01-01', '08123456789', 'Jl. Panahan No. 23', 5, 'active', 'archer', 'password123', NOW(), NOW());
INSERT INTO event_participants (uuid, event_id, archer_id, category_id, payment_status, accreditation_status, registration_date, created_at, updated_at) VALUES ('03da187b-1ced-4c62-985f-97b7e87dffa9', 'f9272ae0-f76f-11f0-87db-c3c8a1ce2650', '9c3d146a-1f6f-45d6-8dcc-441692b9c850', '0748ddc4-f832-11f0-87db-c3c8a1ce2650', 'lunas', 'approved', NOW(), NOW(), NOW());
INSERT INTO archers (uuid, username, email, full_name, athlete_code, gender, date_of_birth, phone, address, experience_years, status, role, password, created_at, updated_at) VALUES ('bd878d34-de5b-461f-949b-0498924c9ccc', 'barebow_archer_19', 'barebow_archer_19@example.com', 'Barebow Pro 19', 'PRO-B-1014', 'male', '1990-01-01', '08123456789', 'Jl. Panahan No. 24', 5, 'active', 'archer', 'password123', NOW(), NOW());
INSERT INTO event_participants (uuid, event_id, archer_id, category_id, payment_status, accreditation_status, registration_date, created_at, updated_at) VALUES ('26e2a144-8008-4f87-834a-d784a6c5a973', 'f9272ae0-f76f-11f0-87db-c3c8a1ce2650', 'bd878d34-de5b-461f-949b-0498924c9ccc', '0748ddc4-f832-11f0-87db-c3c8a1ce2650', 'lunas', 'approved', NOW(), NOW(), NOW());
INSERT INTO archers (uuid, username, email, full_name, athlete_code, gender, date_of_birth, phone, address, experience_years, status, role, password, created_at, updated_at) VALUES ('a58e8cd0-4ad0-480f-9a37-ce21a60c2a57', 'barebow_archer_20', 'barebow_archer_20@example.com', 'Barebow Pro 20', 'PRO-B-1015', 'male', '1990-01-01', '08123456789', 'Jl. Panahan No. 25', 9, 'active', 'archer', 'password123', NOW(), NOW());
INSERT INTO event_participants (uuid, event_id, archer_id, category_id, payment_status, accreditation_status, registration_date, created_at, updated_at) VALUES ('50f1e4c5-f691-455e-9923-1216fd1b6e02', 'f9272ae0-f76f-11f0-87db-c3c8a1ce2650', 'a58e8cd0-4ad0-480f-9a37-ce21a60c2a57', '0748ddc4-f832-11f0-87db-c3c8a1ce2650', 'lunas', 'approved', NOW(), NOW(), NOW());
INSERT INTO qualification_assignments (uuid, session_uuid, participant_uuid, target_number, target_position, created_at, updated_at) VALUES ('60a903a2-154c-4a3e-978a-9998f76d2f12', '218e5c30-f540-420e-935f-357a89dfb7f3', '79e42d91-f824-11f0-87db-c3c8a1ce2650', 1, 'B', NOW(), NOW());
INSERT INTO qualification_assignments (uuid, session_uuid, participant_uuid, target_number, target_position, created_at, updated_at) VALUES ('98281d0f-6518-44dc-a464-ce6c0ec114b8', '218e5c30-f540-420e-935f-357a89dfb7f3', 'ab99195e-dd68-482b-834b-147f18df2486', 1, 'C', NOW(), NOW());
INSERT INTO qualification_assignments (uuid, session_uuid, participant_uuid, target_number, target_position, created_at, updated_at) VALUES ('47579979-7623-436a-b92c-66366dff2a0e', '218e5c30-f540-420e-935f-357a89dfb7f3', 'ce76d947-f821-11f0-87db-c3c8a1ce2650', 1, 'D', NOW(), NOW());
INSERT INTO qualification_assignments (uuid, session_uuid, participant_uuid, target_number, target_position, created_at, updated_at) VALUES ('58d3625d-56e5-41e2-acd0-0c8d0b2d7d3c', '218e5c30-f540-420e-935f-357a89dfb7f3', '5bb5f5dd-4bac-4c23-9dbe-7b6fe935b47a', 2, 'A', NOW(), NOW());
INSERT INTO qualification_assignments (uuid, session_uuid, participant_uuid, target_number, target_position, created_at, updated_at) VALUES ('f2d35749-709b-4f9f-828b-ce2a35615883', '218e5c30-f540-420e-935f-357a89dfb7f3', '97f44f1a-ce9c-4a17-93e8-c6562300359b', 2, 'B', NOW(), NOW());
INSERT INTO qualification_assignments (uuid, session_uuid, participant_uuid, target_number, target_position, created_at, updated_at) VALUES ('78eb783d-9e31-4e6a-8973-d4d30a4a000a', '218e5c30-f540-420e-935f-357a89dfb7f3', '19202538-ca68-4f0f-acb2-d8342d181f5a', 2, 'C', NOW(), NOW());
INSERT INTO qualification_assignments (uuid, session_uuid, participant_uuid, target_number, target_position, created_at, updated_at) VALUES ('ea4d1323-0d52-413b-b906-98c0524950f9', '218e5c30-f540-420e-935f-357a89dfb7f3', '2e14858b-a4a2-4432-b817-e5dd424d1584', 2, 'D', NOW(), NOW());
INSERT INTO qualification_assignments (uuid, session_uuid, participant_uuid, target_number, target_position, created_at, updated_at) VALUES ('098f29bd-bf99-48b3-8e3b-ec842da42238', '218e5c30-f540-420e-935f-357a89dfb7f3', '0b6f5c5c-0d2e-404e-9d77-fa8a2e2fdb51', 3, 'A', NOW(), NOW());
INSERT INTO qualification_assignments (uuid, session_uuid, participant_uuid, target_number, target_position, created_at, updated_at) VALUES ('a592e357-1c6f-4f71-876d-e1bbd973bb5d', '218e5c30-f540-420e-935f-357a89dfb7f3', '7c329170-b190-42bd-8adf-537535e5c68c', 3, 'B', NOW(), NOW());
INSERT INTO qualification_assignments (uuid, session_uuid, participant_uuid, target_number, target_position, created_at, updated_at) VALUES ('38083519-1301-4449-9700-1efb3fb6b1f5', '63b7cd4e-29a9-488f-9450-1a95e0968795', '61c67740-d5d5-49ab-a866-43459e73edcb', 1, 'A', NOW(), NOW());
INSERT INTO qualification_assignments (uuid, session_uuid, participant_uuid, target_number, target_position, created_at, updated_at) VALUES ('c58a3853-b4ee-4926-8dd4-cebbb879bd68', '63b7cd4e-29a9-488f-9450-1a95e0968795', 'd8fa22ab-fc15-4894-af1c-46346292b3f3', 1, 'B', NOW(), NOW());
INSERT INTO qualification_assignments (uuid, session_uuid, participant_uuid, target_number, target_position, created_at, updated_at) VALUES ('1a352a58-a914-4165-bf49-8f7cfd88c71f', '63b7cd4e-29a9-488f-9450-1a95e0968795', 'da63b855-9865-447d-9a8e-fa0af1950dc5', 1, 'C', NOW(), NOW());
INSERT INTO qualification_assignments (uuid, session_uuid, participant_uuid, target_number, target_position, created_at, updated_at) VALUES ('215c5282-d530-41bd-9ed1-56c5f031e71b', '63b7cd4e-29a9-488f-9450-1a95e0968795', '7019c588-ba37-4010-ab8e-4e6216e6d616', 1, 'D', NOW(), NOW());
INSERT INTO qualification_assignments (uuid, session_uuid, participant_uuid, target_number, target_position, created_at, updated_at) VALUES ('96b512a3-583c-487d-96ce-ea226b9261a0', '63b7cd4e-29a9-488f-9450-1a95e0968795', 'e36e5280-26b4-443c-9a5a-4dfb23ee1d9e', 2, 'A', NOW(), NOW());
INSERT INTO qualification_assignments (uuid, session_uuid, participant_uuid, target_number, target_position, created_at, updated_at) VALUES ('d61f6e80-3309-422e-af55-ab93f2181a0d', '63b7cd4e-29a9-488f-9450-1a95e0968795', 'bdc21155-d75f-46de-8151-dc522e38cb7f', 2, 'B', NOW(), NOW());
INSERT INTO qualification_assignments (uuid, session_uuid, participant_uuid, target_number, target_position, created_at, updated_at) VALUES ('d3c78c66-dca7-43d8-a0bd-a8291e901832', '63b7cd4e-29a9-488f-9450-1a95e0968795', '51fb40ad-8075-4e11-a96b-52898731f14f', 2, 'C', NOW(), NOW());
INSERT INTO qualification_assignments (uuid, session_uuid, participant_uuid, target_number, target_position, created_at, updated_at) VALUES ('ab3a5b73-e83a-4bb9-86fb-273683505bca', '63b7cd4e-29a9-488f-9450-1a95e0968795', '03da187b-1ced-4c62-985f-97b7e87dffa9', 2, 'D', NOW(), NOW());
INSERT INTO qualification_assignments (uuid, session_uuid, participant_uuid, target_number, target_position, created_at, updated_at) VALUES ('b9e77513-baee-49ce-84e0-8e60046742e5', '63b7cd4e-29a9-488f-9450-1a95e0968795', '26e2a144-8008-4f87-834a-d784a6c5a973', 3, 'A', NOW(), NOW());
INSERT INTO qualification_assignments (uuid, session_uuid, participant_uuid, target_number, target_position, created_at, updated_at) VALUES ('53392a49-8229-40e2-85fa-cbcf8f6cd81c', '63b7cd4e-29a9-488f-9450-1a95e0968795', '50f1e4c5-f691-455e-9923-1216fd1b6e02', 3, 'B', NOW(), NOW());
INSERT IGNORE INTO target_cards (uuid, session_uuid, target_number, card_name, phase, status, created_at, updated_at) VALUES ('51067baf-eb19-4e8f-bcb0-a5cf7722f41a', '218e5c30-f540-420e-935f-357a89dfb7f3', 1, 'Target 1', 'qualification', 'active', NOW(), NOW());
INSERT IGNORE INTO target_cards (uuid, session_uuid, target_number, card_name, phase, status, created_at, updated_at) VALUES ('519e812d-10e2-426e-bfd5-5fcde98a8d18', '218e5c30-f540-420e-935f-357a89dfb7f3', 2, 'Target 2', 'qualification', 'active', NOW(), NOW());
INSERT IGNORE INTO target_cards (uuid, session_uuid, target_number, card_name, phase, status, created_at, updated_at) VALUES ('565898c5-0d09-4f9a-b7b6-1ef2014c8960', '218e5c30-f540-420e-935f-357a89dfb7f3', 3, 'Target 3', 'qualification', 'active', NOW(), NOW());
INSERT IGNORE INTO target_cards (uuid, session_uuid, target_number, card_name, phase, status, created_at, updated_at) VALUES ('54aeb770-3e5a-4c11-a650-5ff95594cf1b', '63b7cd4e-29a9-488f-9450-1a95e0968795', 1, 'Target 1', 'qualification', 'active', NOW(), NOW());
INSERT IGNORE INTO target_cards (uuid, session_uuid, target_number, card_name, phase, status, created_at, updated_at) VALUES ('1c8c2560-2605-4dc0-a56d-9d3edd0d8d74', '63b7cd4e-29a9-488f-9450-1a95e0968795', 2, 'Target 2', 'qualification', 'active', NOW(), NOW());
INSERT IGNORE INTO target_cards (uuid, session_uuid, target_number, card_name, phase, status, created_at, updated_at) VALUES ('2a034b5b-d04e-4ffc-a840-30a00415f3c0', '63b7cd4e-29a9-488f-9450-1a95e0968795', 3, 'Target 3', 'qualification', 'active', NOW(), NOW());
